entry_id,code,role
0,111110,examples
1,111120,examples
2,111120,validation
3,111120,examples
4,111120,training
5,111120,training
6,111120,training
7,111120,test
8,111120,validation
9,111130,examples
10,111130,validation
11,111130,examples
12,111130,training
13,111130,training
14,111130,test
15,111140,examples
16,111150,training
17,111150,examples
18,111160,examples
19,111191,examples
20,111199,validation
21,111199,test
22,111199,examples
23,111199,validation
24,111199,training
25,111199,training
26,111199,examples
27,111199,training
28,111211,training
29,111211,test
30,111211,training
31,111211,examples
32,111211,validation
33,111219,examples
34,111219,examples
35,111219,examples
36,111219,examples
37,111219,training
38,111219,test
39,111219,examples
40,111219,test
41,111219,training
42,111219,training
43,111219,training
44,111219,training
45,111219,test
46,111219,validation
47,111219,examples
48,111219,validation
49,111219,training
50,111219,examples
51,111219,validation
52,111219,test
53,111219,training
54,111219,test
55,111219,test
56,111219,examples
57,111219,test
58,111219,training
59,111219,validation
60,111219,examples
61,111219,examples
62,111219,examples
63,111219,validation
64,111219,training
65,111219,training
66,111219,examples
67,111219,training
68,111219,test
69,111219,test
70,111219,training
71,111219,validation
72,111219,validation
73,111219,training
74,111219,examples
75,111219,training
76,111219,examples
77,111219,examples
78,111219,validation
79,111219,examples
80,111219,validation
81,111219,examples
82,111219,validation
83,111219,training
84,111219,validation
85,111219,test
86,111219,training
87,111219,examples
88,111219,training
89,111219,training
90,111219,training
91,111219,validation
92,111219,validation
93,111219,examples
94,111219,training
95,111219,examples
96,111219,training
97,111219,training
98,111219,training
99,111219,training
100,111310,examples
101,111320,training
102,111320,examples
103,111320,training
104,111320,validation
105,111320,training
106,111320,examples
107,111320,test
108,111331,examples
109,111332,examples
110,111332,training
111,111333,examples
112,111334,training
113,111334,examples
114,111334,test
115,111334,training
116,111334,validation
117,111334,validation
118,111334,examples
119,111334,examples
120,111334,examples
121,111334,test
122,111334,training
123,111334,training
124,111335,examples
125,111335,examples
126,111335,training
127,111335,test
128,111335,training
129,111335,training
130,111335,training
131,111335,validation
132,111335,examples
133,111335,validation
134,111336,examples
135,111339,validation
136,111339,test
137,111339,training
138,111339,training
139,111339,training
140,111339,examples
141,111339,validation
142,111339,test
143,111339,training
144,111339,training
145,111339,test
146,111339,training
147,111339,examples
148,111339,validation
149,111339,examples
150,111339,examples
151,111339,test
152,111339,examples
153,111339,training
154,111339,training
155,111339,training
156,111339,examples
157,111339,training
158,111339,examples
159,111339,validation
160,111339,validation
161,111339,examples
162,111339,validation
163,111411,training
164,111411,examples
165,111411,validation
166,111419,validation
167,111419,training
168,111419,validation
169,111419,validation
170,111419,examples
171,111419,training
172,111419,test
173,111419,test
174,111419,validation
175,111419,examples
176,111419,training
177,111419,training
178,111419,training
179,111419,examples
180,111419,training
181,111419,test
182,111419,examples
183,111419,examples
184,111419,examples
185,111419,examples
186,111419,training
187,111419,training
188,111421,validation
189,111421,training
190,111421,test
191,111421,validation
192,111421,training
193,111421,test
194,111421,test
195,111421,examples
196,111421,examples
197,111421,training
198,111421,training
199,111421,examples
200,111421,examples
201,111421,validation
202,111421,training
203,111421,examples
204,111421,validation
205,111421,training
206,111422,training
207,111422,test
208,111422,training
209,111422,training
210,111422,validation
211,111422,examples
212,111422,examples
213,111422,examples
214,111422,validation
215,111422,training
216,111422,training
217,111422,examples
218,111422,validation
219,111422,test
220,111910,examples
221,111920,examples
222,111920,training
223,111930,training
224,111930,examples
225,111940,training
226,111940,test
227,111940,training
228,111940,examples
229,111940,validation
230,111991,examples
231,111992,examples
232,111998,training
233,111998,training
234,111998,test
235,111998,examples
236,111998,validation
237,111998,test
238,111998,validation
239,111998,examples
240,111998,examples
241,111998,validation
242,111998,examples
243,111998,examples
244,111998,examples
245,111998,validation
246,111998,training
247,111998,training
248,111998,training
249,111998,examples
250,111998,test
251,111998,test
252,111998,training
253,111998,training
254,111998,test
255,111998,training
256,111998,validation
257,111998,training
258,111998,training
259,111998,training
260,111998,examples
261,111998,validation
262,111998,examples
263,112111,training
264,112111,examples
265,112111,validation
266,112111,test
267,112111,training
268,112111,examples
269,112111,examples
270,112111,validation
271,112111,training
272,112112,examples
273,112112,training
274,112112,validation
275,112112,test
276,112112,training
277,112120,examples
278,112120,validation
279,112120,training
280,112210,validation
281,112210,examples
282,112210,training
283,112210,test
284,112210,training
285,112210,training
286,112210,validation
287,112210,examples
288,112310,examples
289,112310,training
290,112310,validation
291,112310,examples
292,112310,training
293,112310,test
294,112310,training
295,112320,training
296,112320,validation
297,112320,test
298,112320,examples
299,112320,training
300,112330,examples
301,112330,training
302,112330,training
303,112340,validation
304,112340,training
305,112340,examples
306,112340,training
307,112340,test
308,112390,examples
309,112390,validation
310,112390,training
311,112390,test
312,112390,test
313,112390,training
314,112390,examples
315,112390,examples
316,112390,training
317,112390,validation
318,112410,examples
319,112410,training
320,112410,training
321,112410,test
322,112410,validation
323,112420,validation
324,112420,training
325,112420,training
326,112420,test
327,112420,examples
328,112511,examples
329,112511,training
330,112511,examples
331,112511,training
332,112511,validation
333,112511,examples
334,112511,training
335,112511,training
336,112511,test
337,112511,validation
338,112511,validation
339,112511,examples
340,112511,test
341,112512,test
342,112512,validation
343,112512,test
344,112512,validation
345,112512,training
346,112512,examples
347,112512,training
348,112512,training
349,112512,training
350,112512,examples
351,112512,examples
352,112519,validation
353,112519,test
354,112519,training
355,112519,examples
356,112519,training
357,112519,training
358,112519,validation
359,112519,examples
360,112910,validation
361,112910,test
362,112910,examples
363,112910,training
364,112910,examples
365,112910,training
366,112910,training
367,112920,validation
368,112920,examples
369,112920,training
370,112920,training
371,112920,test
372,112930,validation
373,112930,training
374,112930,examples
375,112930,test
376,112930,training
377,112990,test
378,112990,test
379,112990,training
380,112990,training
381,112990,examples
382,112990,examples
383,112990,validation
384,112990,examples
385,112990,validation
386,112990,examples
387,112990,validation
388,112990,training
389,112990,training
390,112990,training
391,112990,test
392,112990,training
393,112990,validation
394,112990,training
395,112990,examples
396,112990,examples
397,112990,examples
398,112990,training
399,113110,examples
400,113210,validation
401,113210,test
402,113210,examples
403,113210,examples
404,113210,validation
405,113210,training
406,113210,examples
407,113210,training
408,113210,examples
409,113210,examples
410,113210,training
411,113210,examples
412,113210,validation
413,113210,training
414,113210,training
415,113210,training
416,113210,examples
417,113210,validation
418,113210,validation
419,113210,test
420,113210,training
421,113210,training
422,113210,test
423,113210,test
424,113310,examples
425,113310,training
426,113310,examples
427,113310,training
428,113310,examples
429,113310,validation
430,113310,validation
431,113310,test
432,113310,training
433,113310,training
434,113310,test
435,114111,training
436,114111,validation
437,114111,training
438,114111,examples
439,114111,test
440,114111,test
441,114111,validation
442,114111,validation
443,114111,examples
444,114111,examples
445,114111,test
446,114111,examples
447,114111,training
448,114111,test
449,114111,examples
450,114111,validation
451,114111,training
452,114111,validation
453,114111,validation
454,114111,validation
455,114111,training
456,114111,examples
457,114111,examples
458,114111,validation
459,114111,training
460,114111,examples
461,114111,training
462,114111,examples
463,114111,examples
464,114111,test
465,114111,examples
466,114111,training
467,114111,training
468,114111,training
469,114111,test
470,114111,training
471,114111,training
472,114111,training
473,114112,test
474,114112,test
475,114112,training
476,114112,examples
477,114112,examples
478,114112,examples
479,114112,validation
480,114112,training
481,114112,examples
482,114112,training
483,114112,validation
484,114112,validation
485,114112,training
486,114119,training
487,114119,validation
488,114119,training
489,114119,test
490,114119,examples
491,114210,test
492,114210,examples
493,114210,training
494,114210,validation
495,114210,examples
496,114210,training
497,115111,training
498,115111,examples
499,115112,training
500,115112,examples
501,115112,validation
502,115112,examples
503,115112,examples
504,115112,examples
505,115112,examples
506,115112,training
507,115112,examples
508,115112,examples
509,115112,training
510,115112,validation
511,115112,test
512,115112,validation
513,115112,test
514,115112,training
515,115112,training
516,115112,examples
517,115112,test
518,115112,training
519,115112,validation
520,115112,examples
521,115112,training
522,115112,test
523,115112,validation
524,115112,training
525,115112,training
526,115112,training
527,115112,validation
528,115113,validation
529,115113,test
530,115113,training
531,115113,training
532,115113,training
533,115113,validation
534,115113,examples
535,115113,examples
536,115113,training
537,115113,validation
538,115113,examples
539,115113,test
540,115113,examples
541,115114,training
542,115114,validation
543,115114,training
544,115114,validation
545,115114,test
546,115114,examples
547,115114,validation
548,115114,test
549,115114,examples
550,115114,examples
551,115114,examples
552,115114,validation
553,115114,test
554,115114,examples
555,115114,test
556,115114,training
557,115114,training
558,115114,training
559,115114,examples
560,115114,examples
561,115114,validation
562,115114,examples
563,115114,training
564,115114,test
565,115114,training
566,115114,examples
567,115114,examples
568,115114,training
569,115114,training
570,115114,examples
571,115114,validation
572,115114,training
573,115114,examples
574,115114,training
575,115114,training
576,115114,training
577,115114,validation
578,115114,validation
579,115114,training
580,115114,training
581,115114,examples
582,115114,test
583,115115,test
584,115115,validation
585,115115,examples
586,115115,training
587,115116,examples
588,115116,training
589,115210,test
590,115210,validation
591,115210,training
592,115210,examples
593,115210,examples
594,115210,training
595,115210,training
596,115210,validation
597,115210,training
598,115210,test
599,115210,validation
600,115210,examples
601,115210,training
602,115210,training
603,115210,training
604,115210,examples
605,115210,validation
606,115210,test
607,115210,training
608,115210,examples
609,115210,examples
610,115210,validation
611,115210,training
612,115210,examples
613,115210,test
614,115210,examples
615,115210,examples
616,115210,validation
617,115210,training
618,115210,training
619,115310,validation
620,115310,test
621,115310,examples
622,115310,test
623,115310,examples
624,115310,validation
625,115310,examples
626,115310,training
627,115310,training
628,115310,examples
629,115310,training
630,115310,validation
631,115310,training
632,211120,training
633,211120,test
634,211120,examples
635,211120,examples
636,211120,validation
637,211120,validation
638,211120,test
639,211120,training
640,211120,examples
641,211120,training
642,211120,validation
643,211120,examples
644,211120,training
645,211120,training
646,211130,training
647,211130,examples
648,211130,examples
649,211130,examples
650,211130,training
651,211130,validation
652,211130,examples
653,211130,training
654,211130,validation
655,211130,validation
656,211130,examples
657,211130,validation
658,211130,examples
659,211130,test
660,211130,test
661,211130,test
662,211130,validation
663,211130,test
664,211130,examples
665,211130,training
666,211130,training
667,211130,training
668,211130,examples
669,211130,training
670,211130,examples
671,211130,training
672,211130,training
673,211130,training
674,211130,training
675,211130,validation
676,211130,test
677,211130,examples
678,211130,validation
679,211130,training
680,211130,examples
681,212114,test
682,212114,training
683,212114,training
684,212114,training
685,212114,examples
686,212114,test
687,212114,training
688,212114,examples
689,212114,examples
690,212114,validation
691,212114,validation
692,212114,examples
693,212114,test
694,212114,examples
695,212114,training
696,212114,validation
697,212114,training
698,212115,training
699,212115,examples
700,212115,training
701,212115,training
702,212115,test
703,212115,validation
704,212115,examples
705,212210,examples
706,212210,training
707,212210,validation
708,212210,test
709,212210,test
710,212210,validation
711,212210,training
712,212210,examples
713,212210,validation
714,212210,examples
715,212210,examples
716,212210,training
717,212210,training
718,212210,training
719,212210,examples
720,212220,training
721,212220,examples
722,212220,test
723,212220,examples
724,212220,training
725,212220,validation
726,212220,examples
727,212220,training
728,212220,training
729,212220,examples
730,212220,test
731,212220,training
732,212220,examples
733,212220,validation
734,212220,validation
735,212230,validation
736,212230,test
737,212230,test
738,212230,examples
739,212230,validation
740,212230,examples
741,212230,training
742,212230,test
743,212230,examples
744,212230,validation
745,212230,validation
746,212230,validation
747,212230,test
748,212230,training
749,212230,training
750,212230,examples
751,212230,training
752,212230,training
753,212230,training
754,212230,training
755,212230,examples
756,212230,examples
757,212230,training
758,212230,examples
759,212230,training
760,212230,examples
761,212290,test
762,212290,validation
763,212290,training
764,212290,training
765,212290,training
766,212290,test
767,212290,validation
768,212290,training
769,212290,test
770,212290,training
771,212290,test
772,212290,training
773,212290,validation
774,212290,training
775,212290,validation
776,212290,training
777,212290,examples
778,212290,training
779,212290,training
780,212290,examples
781,212290,examples
782,212290,examples
783,212290,training
784,212290,test
785,212290,examples
786,212290,validation
787,212290,training
788,212290,training
789,212290,validation
790,212290,examples
791,212290,test
792,212290,test
793,212290,validation
794,212290,examples
795,212290,examples
796,212290,training
797,212290,training
798,212290,training
799,212290,examples
800,212290,examples
801,212290,examples
802,212290,test
803,212290,training
804,212290,validation
805,212290,training
806,212290,validation
807,212290,validation
808,212290,examples
809,212290,validation
810,212290,training
811,212290,test
812,212290,training
813,212290,examples
814,212290,training
815,212290,examples
816,212290,test
817,212290,test
818,212290,examples
819,212290,examples
820,212290,validation
821,212290,validation
822,212290,examples
823,212290,examples
824,212290,training
825,212290,examples
826,212290,examples
827,212290,validation
828,212290,training
829,212290,examples
830,212290,training
831,212290,examples
832,212290,training
833,212290,validation
834,212290,training
835,212311,examples
836,212311,validation
837,212311,validation
838,212311,training
839,212311,training
840,212311,training
841,212311,examples
842,212311,validation
843,212311,test
844,212311,examples
845,212311,examples
846,212311,test
847,212311,examples
848,212311,test
849,212311,training
850,212311,examples
851,212311,examples
852,212311,examples
853,212311,validation
854,212311,examples
855,212311,training
856,212311,training
857,212311,training
858,212311,training
859,212311,validation
860,212311,validation
861,212311,training
862,212311,training
863,212311,training
864,212311,test
865,212312,test
866,212312,training
867,212312,validation
868,212312,training
869,212312,examples
870,212312,validation
871,212312,examples
872,212312,training
873,212312,examples
874,212312,training
875,212312,training
876,212312,test
877,212312,examples
878,212312,examples
879,212312,validation
880,212313,test
881,212313,validation
882,212313,training
883,212313,training
884,212313,examples
885,212313,examples
886,212313,training
887,212319,validation
888,212319,training
889,212319,training
890,212319,examples
891,212319,examples
892,212319,examples
893,212319,examples
894,212319,training
895,212319,examples
896,212319,test
897,212319,examples
898,212319,training
899,212319,training
900,212319,training
901,212319,test
902,212319,test
903,212319,examples
904,212319,training
905,212319,examples
906,212319,training
907,212319,validation
908,212319,validation
909,212319,test
910,212319,validation
911,212319,training
912,212319,validation
913,212321,validation
914,212321,examples
915,212321,test
916,212321,examples
917,212321,training
918,212321,training
919,212321,training
920,212322,examples
921,212322,examples
922,212322,training
923,212322,validation
924,212322,validation
925,212322,validation
926,212322,test
927,212322,training
928,212322,examples
929,212322,test
930,212322,training
931,212322,training
932,212322,training
933,212322,examples
934,212323,training
935,212323,training
936,212323,examples
937,212323,examples
938,212323,examples
939,212323,test
940,212323,examples
941,212323,examples
942,212323,training
943,212323,training
944,212323,examples
945,212323,validation
946,212323,examples
947,212323,validation
948,212323,training
949,212323,test
950,212323,training
951,212323,test
952,212323,validation
953,212323,validation
954,212323,examples
955,212323,training
956,212323,examples
957,212323,training
958,212323,validation
959,212323,training
960,212323,validation
961,212323,test
962,212323,test
963,212323,training
964,212323,examples
965,212323,validation
966,212323,training
967,212323,validation
968,212323,examples
969,212323,training
970,212323,test
971,212323,examples
972,212323,validation
973,212323,examples
974,212323,training
975,212323,training
976,212323,training
977,212390,training
978,212390,training
979,212390,validation
980,212390,training
981,212390,test
982,212390,validation
983,212390,validation
984,212390,test
985,212390,examples
986,212390,training
987,212390,test
988,212390,training
989,212390,examples
990,212390,training
991,212390,validation
992,212390,examples
993,212390,validation
994,212390,training
995,212390,validation
996,212390,examples
997,212390,validation
998,212390,test
999,212390,training
1000,212390,examples
1001,212390,examples
1002,212390,examples
1003,212390,training
1004,212390,examples
1005,212390,validation
1006,212390,training
1007,212390,validation
1008,212390,training
1009,212390,examples
1010,212390,training
1011,212390,training
1012,212390,validation
1013,212390,examples
1014,212390,validation
1015,212390,examples
1016,212390,examples
1017,212390,training
1018,212390,examples
1019,212390,examples
1020,212390,test
1021,212390,examples
1022,212390,validation
1023,212390,training
1024,212390,validation
1025,212390,test
1026,212390,training
1027,212390,training
1028,212390,examples
1029,212390,validation
1030,212390,test
1031,212390,examples
1032,212390,training
1033,212390,training
1034,212390,examples
1035,212390,examples
1036,212390,test
1037,212390,test
1038,212390,examples
1039,212390,training
1040,212390,examples
1041,212390,training
1042,212390,training
1043,212390,examples
1044,212390,validation
1045,212390,training
1046,212390,training
1047,212390,training
1048,212390,examples
1049,212390,training
1050,212390,training
1051,212390,examples
1052,212390,validation
1053,212390,training
1054,212390,training
1055,212390,examples
1056,212390,validation
1057,212390,test
1058,212390,training
1059,212390,training
1060,212390,training
1061,212390,training
1062,212390,training
1063,212390,examples
1064,212390,test
1065,212390,examples
1066,212390,training
1067,212390,test
1068,212390,training
1069,212390,validation
1070,212390,validation
1071,212390,training
1072,212390,examples
1073,212390,test
1074,212390,training
1075,212390,examples
1076,212390,test
1077,212390,examples
1078,212390,training
1079,212390,training
1080,212390,validation
1081,212390,examples
1082,212390,training
1083,212390,validation
1084,212390,training
1085,212390,validation
1086,212390,test
1087,212390,training
1088,212390,examples
1089,212390,test
1090,212390,training
1091,212390,training
1092,212390,examples
1093,212390,validation
1094,212390,test
1095,212390,validation
1096,212390,validation
1097,212390,test
1098,212390,examples
1099,212390,validation
1100,212390,test
1101,212390,training
1102,212390,examples
1103,212390,examples
1104,212390,examples
1105,212390,examples
1106,212390,training
1107,212390,test
1108,212390,training
1109,212390,training
1110,212390,test
1111,212390,training
1112,212390,validation
1113,212390,examples
1114,212390,validation
1115,212390,validation
1116,212390,test
1117,212390,examples
1118,212390,examples
1119,212390,training
1120,212390,examples
1121,212390,examples
1122,212390,examples
1123,212390,validation
1124,212390,training
1125,212390,examples
1126,213111,validation
1127,213111,test
1128,213111,examples
1129,213111,training
1130,213111,training
1131,213111,training
1132,213111,training
1133,213111,training
1134,213111,test
1135,213111,test
1136,213111,validation
1137,213111,validation
1138,213111,examples
1139,213111,examples
1140,213111,examples
1141,213111,training
1142,213111,validation
1143,213111,examples
1144,213112,examples
1145,213112,training
1146,213112,test
1147,213112,examples
1148,213112,training
1149,213112,test
1150,213112,validation
1151,213112,examples
1152,213112,training
1153,213112,examples
1154,213112,examples
1155,213112,training
1156,213112,training
1157,213112,examples
1158,213112,examples
1159,213112,training
1160,213112,test
1161,213112,training
1162,213112,examples
1163,213112,validation
1164,213112,training
1165,213112,test
1166,213112,test
1167,213112,validation
1168,213112,examples
1169,213112,validation
1170,213112,examples
1171,213112,training
1172,213112,training
1173,213112,training
1174,213112,training
1175,213112,training
1176,213112,training
1177,213112,test
1178,213112,examples
1179,213112,validation
1180,213112,test
1181,213112,validation
1182,213112,test
1183,213112,training
1184,213112,training
1185,213112,validation
1186,213112,examples
1187,213112,training
1188,213112,training
1189,213112,examples
1190,213112,training
1191,213112,validation
1192,213112,validation
1193,213112,examples
1194,213112,examples
1195,213112,examples
1196,213112,validation
1197,213112,training
1198,213112,examples
1199,213112,validation
1200,213112,test
1201,213112,training
1202,213112,validation
1203,213112,validation
1204,213112,training
1205,213112,test
1206,213112,examples
1207,213112,training
1208,213112,test
1209,213112,examples
1210,213112,training
1211,213112,validation
1212,213112,examples
1213,213112,examples
1214,213113,validation
1215,213113,training
1216,213113,examples
1217,213113,examples
1218,213113,test
1219,213113,validation
1220,213113,training
1221,213113,validation
1222,213113,training
1223,213113,training
1224,213113,validation
1225,213113,validation
1226,213113,examples
1227,213113,examples
1228,213113,examples
1229,213113,training
1230,213113,test
1231,213113,training
1232,213113,training
1233,213113,examples
1234,213113,training
1235,213113,training
1236,213113,test
1237,213113,test
1238,213113,examples
1239,213113,examples
1240,213114,test
1241,213114,training
1242,213114,examples
1243,213114,validation
1244,213114,examples
1245,213114,training
1246,213114,training
1247,213114,test
1248,213114,test
1249,213114,training
1250,213114,examples
1251,213114,training
1252,213114,examples
1253,213114,validation
1254,213114,examples
1255,213114,training
1256,213114,validation
1257,213115,training
1258,213115,validation
1259,213115,training
1260,213115,validation
1261,213115,validation
1262,213115,training
1263,213115,examples
1264,213115,test
1265,213115,examples
1266,213115,examples
1267,213115,training
1268,213115,examples
1269,213115,examples
1270,213115,test
1271,213115,training
1272,221111,examples
1273,221111,training
1274,221111,training
1275,221112,training
1276,221112,examples
1277,221113,training
1278,221113,examples
1279,221114,examples
1280,221114,training
1281,221114,validation
1282,221115,examples
1283,221115,training
1284,221116,training
1285,221116,training
1286,221116,examples
1287,221117,training
1288,221117,training
1289,221117,examples
1290,221118,training
1291,221118,examples
1292,221121,training
1293,221121,examples
1294,221121,validation
1295,221122,training
1296,221122,examples
1297,221122,training
1298,221210,validation
1299,221210,test
1300,221210,examples
1301,221210,training
1302,221210,validation
1303,221210,training
1304,221210,training
1305,221210,examples
1306,221210,test
1307,221210,examples
1308,221210,training
1309,221210,examples
1310,221210,validation
1311,221210,training
1312,221310,validation
1313,221310,test
1314,221310,training
1315,221310,examples
1316,221310,validation
1317,221310,training
1318,221310,examples
1319,221310,training
1320,221310,examples
1321,221310,training
1322,221320,training
1323,221320,test
1324,221320,validation
1325,221320,examples
1326,221320,training
1327,221330,examples
1328,221330,training
1329,221330,examples
1330,221330,examples
1331,221330,examples
1332,221330,test
1333,221330,training
1334,221330,training
1335,221330,validation
1336,221330,training
1337,221330,test
1338,221330,validation
1339,221330,validation
1340,236115,validation
1341,236115,test
1342,236115,validation
1343,236115,training
1344,236115,examples
1345,236115,training
1346,236115,test
1347,236115,training
1348,236115,examples
1349,236115,validation
1350,236115,training
1351,236115,training
1352,236115,validation
1353,236115,test
1354,236115,training
1355,236115,validation
1356,236115,examples
1357,236115,examples
1358,236115,examples
1359,236115,examples
1360,236115,test
1361,236115,training
1362,236115,training
1363,236115,examples
1364,236116,training
1365,236116,examples
1366,236116,test
1367,236116,validation
1368,236116,validation
1369,236116,examples
1370,236116,training
1371,236116,examples
1372,236116,test
1373,236116,training
1374,236116,test
1375,236116,training
1376,236116,training
1377,236116,examples
1378,236116,examples
1379,236116,training
1380,236116,validation
1381,236117,training
1382,236117,examples
1383,236117,validation
1384,236117,examples
1385,236117,training
1386,236117,test
1387,236117,test
1388,236117,validation
1389,236117,training
1390,236117,training
1391,236117,training
1392,236117,examples
1393,236117,training
1394,236117,training
1395,236117,training
1396,236117,examples
1397,236117,training
1398,236117,examples
1399,236117,examples
1400,236117,validation
1401,236117,training
1402,236117,training
1403,236117,examples
1404,236117,examples
1405,236117,test
1406,236117,validation
1407,236117,validation
1408,236117,training
1409,236117,test
1410,236117,test
1411,236117,examples
1412,236117,examples
1413,236117,validation
1414,236117,validation
1415,236117,examples
1416,236118,validation
1417,236118,validation
1418,236118,training
1419,236118,examples
1420,236118,test
1421,236118,validation
1422,236118,examples
1423,236118,training
1424,236118,examples
1425,236118,training
1426,236118,examples
1427,236118,training
1428,236118,test
1429,236118,training
1430,236118,examples
1431,236118,examples
1432,236118,test
1433,236118,examples
1434,236118,validation
1435,236118,examples
1436,236118,training
1437,236118,training
1438,236118,training
1439,236118,training
1440,236118,validation
1441,236118,test
1442,236118,training
1443,236118,validation
1444,236210,test
1445,236210,validation
1446,236210,validation
1447,236210,validation
1448,236210,training
1449,236210,test
1450,236210,training
1451,236210,examples
1452,236210,examples
1453,236210,examples
1454,236210,test
1455,236210,examples
1456,236210,validation
1457,236210,validation
1458,236210,examples
1459,236210,test
1460,236210,training
1461,236210,examples
1462,236210,training
1463,236210,training
1464,236210,examples
1465,236210,examples
1466,236210,training
1467,236210,training
1468,236210,examples
1469,236210,training
1470,236210,test
1471,236210,training
1472,236210,training
1473,236210,training
1474,236210,examples
1475,236210,examples
1476,236210,validation
1477,236210,training
1478,236210,training
1479,236210,training
1480,236210,examples
1481,236210,training
1482,236210,training
1483,236210,validation
1484,236210,test
1485,236210,test
1486,236210,validation
1487,236210,validation
1488,236210,examples
1489,236220,training
1490,236220,validation
1491,236220,validation
1492,236220,training
1493,236220,examples
1494,236220,training
1495,236220,validation
1496,236220,test
1497,236220,training
1498,236220,validation
1499,236220,examples
1500,236220,validation
1501,236220,test
1502,236220,validation
1503,236220,test
1504,236220,test
1505,236220,validation
1506,236220,training
1507,236220,training
1508,236220,validation
1509,236220,validation
1510,236220,training
1511,236220,examples
1512,236220,examples
1513,236220,examples
1514,236220,validation
1515,236220,training
1516,236220,examples
1517,236220,validation
1518,236220,test
1519,236220,test
1520,236220,validation
1521,236220,training
1522,236220,test
1523,236220,training
1524,236220,training
1525,236220,training
1526,236220,examples
1527,236220,test
1528,236220,examples
1529,236220,examples
1530,236220,test
1531,236220,training
1532,236220,test
1533,236220,examples
1534,236220,training
1535,236220,training
1536,236220,training
1537,236220,training
1538,236220,examples
1539,236220,training
1540,236220,training
1541,236220,examples
1542,236220,validation
1543,236220,test
1544,236220,validation
1545,236220,validation
1546,236220,training
1547,236220,training
1548,236220,examples
1549,236220,examples
1550,236220,validation
1551,236220,training
1552,236220,training
1553,236220,examples
1554,236220,training
1555,236220,examples
1556,236220,training
1557,236220,training
1558,236220,examples
1559,236220,training
1560,236220,training
1561,236220,test
1562,236220,examples
1563,236220,training
1564,236220,test
1565,236220,test
1566,236220,examples
1567,236220,examples
1568,236220,validation
1569,236220,examples
1570,236220,validation
1571,236220,training
1572,236220,training
1573,236220,examples
1574,236220,examples
1575,236220,validation
1576,236220,training
1577,236220,examples
1578,236220,validation
1579,236220,training
1580,236220,examples
1581,236220,test
1582,236220,training
1583,236220,training
1584,236220,examples
1585,236220,training
1586,236220,examples
1587,236220,examples
1588,236220,examples
1589,236220,examples
1590,237110,training
1591,237110,examples
1592,237110,training
1593,237110,examples
1594,237110,training
1595,237110,examples
1596,237110,examples
1597,237110,test
1598,237110,test
1599,237110,training
1600,237110,training
1601,237110,test
1602,237110,examples
1603,237110,test
1604,237110,training
1605,237110,training
1606,237110,training
1607,237110,validation
1608,237110,examples
1609,237110,test
1610,237110,examples
1611,237110,training
1612,237110,training
1613,237110,validation
1614,237110,validation
1615,237110,validation
1616,237110,examples
1617,237110,validation
1618,237110,training
1619,237110,examples
1620,237110,validation
1621,237120,validation
1622,237120,training
1623,237120,examples
1624,237120,validation
1625,237120,test
1626,237120,validation
1627,237120,test
1628,237120,examples
1629,237120,validation
1630,237120,examples
1631,237120,examples
1632,237120,training
1633,237120,test
1634,237120,training
1635,237120,examples
1636,237120,training
1637,237120,training
1638,237120,validation
1639,237120,training
1640,237120,test
1641,237120,training
1642,237120,examples
1643,237120,examples
1644,237120,training
1645,237130,examples
1646,237130,training
1647,237130,examples
1648,237130,training
1649,237130,validation
1650,237130,validation
1651,237130,validation
1652,237130,training
1653,237130,validation
1654,237130,training
1655,237130,test
1656,237130,examples
1657,237130,training
1658,237130,test
1659,237130,training
1660,237130,examples
1661,237130,examples
1662,237130,training
1663,237130,training
1664,237130,validation
1665,237130,test
1666,237130,training
1667,237130,training
1668,237130,examples
1669,237130,test
1670,237130,examples
1671,237130,examples
1672,237130,examples
1673,237130,training
1674,237130,validation
1675,237210,test
1676,237210,validation
1677,237210,examples
1678,237210,test
1679,237210,examples
1680,237210,training
1681,237210,validation
1682,237210,training
1683,237210,examples
1684,237210,training
1685,237210,training
1686,237310,examples
1687,237310,examples
1688,237310,training
1689,237310,validation
1690,237310,examples
1691,237310,examples
1692,237310,training
1693,237310,training
1694,237310,training
1695,237310,test
1696,237310,validation
1697,237310,validation
1698,237310,training
1699,237310,test
1700,237310,training
1701,237310,examples
1702,237310,training
1703,237310,validation
1704,237310,training
1705,237310,test
1706,237310,validation
1707,237310,examples
1708,237310,examples
1709,237310,validation
1710,237310,validation
1711,237310,validation
1712,237310,test
1713,237310,training
1714,237310,examples
1715,237310,training
1716,237310,examples
1717,237310,test
1718,237310,examples
1719,237310,training
1720,237310,training
1721,237310,examples
1722,237310,test
1723,237310,training
1724,237990,examples
1725,237990,validation
1726,237990,examples
1727,237990,test
1728,237990,examples
1729,237990,test
1730,237990,test
1731,237990,validation
1732,237990,training
1733,237990,training
1734,237990,training
1735,237990,examples
1736,237990,training
1737,237990,training
1738,237990,examples
1739,237990,examples
1740,237990,training
1741,237990,test
1742,237990,test
1743,237990,training
1744,237990,training
1745,237990,examples
1746,237990,test
1747,237990,training
1748,237990,examples
1749,237990,examples
1750,237990,examples
1751,237990,examples
1752,237990,validation
1753,237990,training
1754,237990,examples
1755,237990,validation
1756,237990,validation
1757,237990,training
1758,237990,examples
1759,237990,training
1760,237990,validation
1761,237990,training
1762,237990,test
1763,237990,examples
1764,237990,validation
1765,237990,test
1766,237990,training
1767,237990,test
1768,237990,training
1769,237990,test
1770,237990,examples
1771,237990,validation
1772,237990,training
1773,237990,examples
1774,237990,training
1775,237990,validation
1776,237990,examples
1777,237990,training
1778,237990,validation
1779,237990,examples
1780,237990,training
1781,237990,test
1782,237990,examples
1783,237990,examples
1784,237990,examples
1785,237990,training
1786,237990,training
1787,237990,training
1788,237990,validation
1789,237990,training
1790,237990,validation
1791,237990,validation
1792,237990,validation
1793,237990,training
1794,237990,training
1795,237990,training
1796,237990,test
1797,237990,examples
1798,237990,training
1799,237990,examples
1800,237990,validation
1801,238110,training
1802,238110,training
1803,238110,training
1804,238110,examples
1805,238110,examples
1806,238110,examples
1807,238110,examples
1808,238110,training
1809,238110,test
1810,238110,examples
1811,238110,validation
1812,238110,test
1813,238110,training
1814,238110,validation
1815,238110,validation
1816,238120,validation
1817,238120,validation
1818,238120,training
1819,238120,examples
1820,238120,examples
1821,238120,training
1822,238120,examples
1823,238120,examples
1824,238120,training
1825,238120,training
1826,238120,validation
1827,238120,training
1828,238120,test
1829,238120,examples
1830,238120,test
1831,238130,examples
1832,238130,validation
1833,238130,examples
1834,238130,training
1835,238130,training
1836,238130,training
1837,238130,training
1838,238130,examples
1839,238130,test
1840,238130,training
1841,238130,validation
1842,238130,validation
1843,238130,test
1844,238130,examples
1845,238130,examples
1846,238130,training
1847,238140,examples
1848,238140,training
1849,238140,examples
1850,238140,training
1851,238140,training
1852,238140,test
1853,238140,training
1854,238140,training
1855,238140,validation
1856,238140,training
1857,238140,examples
1858,238140,training
1859,238140,test
1860,238140,examples
1861,238140,examples
1862,238140,test
1863,238140,examples
1864,238140,training
1865,238140,validation
1866,238140,validation
1867,238140,validation
1868,238150,validation
1869,238150,test
1870,238150,examples
1871,238150,test
1872,238150,validation
1873,238150,training
1874,238150,training
1875,238150,training
1876,238150,examples
1877,238150,examples
1878,238150,training
1879,238160,validation
1880,238160,examples
1881,238160,examples
1882,238160,test
1883,238160,test
1884,238160,training
1885,238160,training
1886,238160,training
1887,238160,examples
1888,238160,examples
1889,238160,validation
1890,238160,training
1891,238160,training
1892,238160,test
1893,238160,training
1894,238160,validation
1895,238160,examples
1896,238170,examples
1897,238170,examples
1898,238170,training
1899,238170,examples
1900,238170,test
1901,238170,training
1902,238170,test
1903,238170,examples
1904,238170,validation
1905,238170,validation
1906,238170,training
1907,238170,validation
1908,238170,training
1909,238190,validation
1910,238190,examples
1911,238190,examples
1912,238190,examples
1913,238190,test
1914,238190,examples
1915,238190,validation
1916,238190,training
1917,238190,training
1918,238190,test
1919,238190,test
1920,238190,training
1921,238190,training
1922,238190,training
1923,238190,validation
1924,238190,examples
1925,238190,examples
1926,238190,validation
1927,238190,training
1928,238190,training
1929,238190,training
1930,238210,examples
1931,238210,test
1932,238210,examples
1933,238210,examples
1934,238210,training
1935,238210,training
1936,238210,training
1937,238210,training
1938,238210,examples
1939,238210,training
1940,238210,training
1941,238210,test
1942,238210,examples
1943,238210,training
1944,238210,test
1945,238210,validation
1946,238210,examples
1947,238210,examples
1948,238210,training
1949,238210,examples
1950,238210,test
1951,238210,validation
1952,238210,test
1953,238210,training
1954,238210,training
1955,238210,validation
1956,238210,training
1957,238210,examples
1958,238210,training
1959,238210,validation
1960,238210,validation
1961,238210,test
1962,238210,validation
1963,238210,examples
1964,238210,training
1965,238210,examples
1966,238210,examples
1967,238210,validation
1968,238210,training
1969,238210,training
1970,238210,training
1971,238210,training
1972,238210,test
1973,238210,validation
1974,238210,examples
1975,238210,validation
1976,238210,validation
1977,238210,examples
1978,238210,examples
1979,238220,test
1980,238220,examples
1981,238220,validation
1982,238220,examples
1983,238220,validation
1984,238220,validation
1985,238220,examples
1986,238220,training
1987,238220,training
1988,238220,examples
1989,238220,validation
1990,238220,validation
1991,238220,examples
1992,238220,test
1993,238220,training
1994,238220,test
1995,238220,validation
1996,238220,examples
1997,238220,training
1998,238220,examples
1999,238220,training
2000,238220,examples
2001,238220,examples
2002,238220,training
2003,238220,test
2004,238220,validation
2005,238220,training
2006,238220,examples
2007,238220,training
2008,238220,examples
2009,238220,test
2010,238220,examples
2011,238220,validation
2012,238220,training
2013,238220,training
2014,238220,training
2015,238220,training
2016,238220,training
2017,238220,training
2018,238220,test
2019,238220,validation
2020,238220,examples
2021,238220,training
2022,238220,examples
2023,238220,test
2024,238220,training
2025,238220,training
2026,238220,test
2027,238220,training
2028,238220,training
2029,238220,test
2030,238220,training
2031,238220,validation
2032,238220,test
2033,238220,validation
2034,238220,examples
2035,238220,training
2036,238220,training
2037,238220,examples
2038,238220,examples
2039,238220,examples
2040,238220,examples
2041,238220,validation
2042,238220,training
2043,238220,training
2044,238220,validation
2045,238220,training
2046,238220,test
2047,238220,validation
2048,238220,validation
2049,238220,test
2050,238220,training
2051,238220,examples
2052,238220,examples
2053,238220,training
2054,238220,examples
2055,238220,examples
2056,238290,examples
2057,238290,training
2058,238290,validation
2059,238290,validation
2060,238290,validation
2061,238290,examples
2062,238290,validation
2063,238290,examples
2064,238290,training
2065,238290,test
2066,238290,training
2067,238290,validation
2068,238290,training
2069,238290,training
2070,238290,training
2071,238290,examples
2072,238290,examples
2073,238290,training
2074,238290,examples
2075,238290,training
2076,238290,training
2077,238290,examples
2078,238290,examples
2079,238290,examples
2080,238290,examples
2081,238290,training
2082,238290,test
2083,238290,test
2084,238290,training
2085,238290,training
2086,238290,validation
2087,238290,training
2088,238290,validation
2089,238290,training
2090,238290,examples
2091,238290,validation
2092,238290,examples
2093,238290,test
2094,238290,examples
2095,238290,validation
2096,238290,training
2097,238290,test
2098,238290,test
2099,238290,training
2100,238290,examples
2101,238290,test
2102,238290,training
2103,238310,validation
2104,238310,validation
2105,238310,examples
2106,238310,examples
2107,238310,training
2108,238310,training
2109,238310,validation
2110,238310,examples
2111,238310,validation
2112,238310,examples
2113,238310,test
2114,238310,training
2115,238310,training
2116,238310,examples
2117,238310,training
2118,238310,training
2119,238310,training
2120,238310,examples
2121,238310,examples
2122,238310,validation
2123,238310,examples
2124,238310,training
2125,238310,examples
2126,238310,training
2127,238310,examples
2128,238310,training
2129,238310,training
2130,238310,test
2131,238310,test
2132,238310,training
2133,238310,test
2134,238310,training
2135,238310,validation
2136,238310,test
2137,238310,examples
2138,238310,validation
2139,238320,examples
2140,238320,examples
2141,238320,training
2142,238320,examples
2143,238320,validation
2144,238320,test
2145,238320,training
2146,238320,examples
2147,238320,validation
2148,238320,training
2149,238320,test
2150,238320,training
2151,238320,validation
2152,238320,training
2153,238320,examples
2154,238330,validation
2155,238330,training
2156,238330,training
2157,238330,test
2158,238330,validation
2159,238330,examples
2160,238330,examples
2161,238330,test
2162,238330,training
2163,238330,training
2164,238330,examples
2165,238330,training
2166,238330,validation
2167,238330,examples
2168,238340,examples
2169,238340,test
2170,238340,training
2171,238340,validation
2172,238340,examples
2173,238340,examples
2174,238340,examples
2175,238340,validation
2176,238340,test
2177,238340,training
2178,238340,training
2179,238340,training
2180,238350,training
2181,238350,training
2182,238350,training
2183,238350,training
2184,238350,examples
2185,238350,validation
2186,238350,validation
2187,238350,test
2188,238350,examples
2189,238350,test
2190,238350,test
2191,238350,training
2192,238350,examples
2193,238350,examples
2194,238350,validation
2195,238350,test
2196,238350,training
2197,238350,examples
2198,238350,validation
2199,238350,examples
2200,238350,examples
2201,238350,test
2202,238350,validation
2203,238350,examples
2204,238350,training
2205,238350,training
2206,238350,examples
2207,238350,training
2208,238350,training
2209,238350,validation
2210,238390,training
2211,238390,test
2212,238390,examples
2213,238390,training
2214,238390,examples
2215,238390,training
2216,238390,training
2217,238390,training
2218,238390,training
2219,238390,test
2220,238390,validation
2221,238390,test
2222,238390,examples
2223,238390,validation
2224,238390,training
2225,238390,test
2226,238390,examples
2227,238390,training
2228,238390,test
2229,238390,validation
2230,238390,examples
2231,238390,examples
2232,238390,validation
2233,238390,examples
2234,238390,validation
2235,238390,training
2236,238390,examples
2237,238390,examples
2238,238390,validation
2239,238390,training
2240,238910,test
2241,238910,test
2242,238910,examples
2243,238910,examples
2244,238910,examples
2245,238910,examples
2246,238910,test
2247,238910,training
2248,238910,training
2249,238910,training
2250,238910,training
2251,238910,examples
2252,238910,examples
2253,238910,examples
2254,238910,training
2255,238910,test
2256,238910,training
2257,238910,training
2258,238910,validation
2259,238910,training
2260,238910,training
2261,238910,examples
2262,238910,validation
2263,238910,training
2264,238910,test
2265,238910,examples
2266,238910,test
2267,238910,validation
2268,238910,examples
2269,238910,examples
2270,238910,training
2271,238910,training
2272,238910,training
2273,238910,training
2274,238910,training
2275,238910,validation
2276,238910,examples
2277,238910,test
2278,238910,validation
2279,238910,validation
2280,238910,validation
2281,238910,training
2282,238910,examples
2283,238910,training
2284,238910,validation
2285,238910,examples
2286,238910,training
2287,238910,training
2288,238910,validation
2289,238910,test
2290,238910,test
2291,238910,validation
2292,238910,validation
2293,238910,training
2294,238910,examples
2295,238910,validation
2296,238910,training
2297,238910,test
2298,238910,validation
2299,238910,examples
2300,238910,training
2301,238910,examples
2302,238910,examples
2303,238910,examples
2304,238910,training
2305,238990,examples
2306,238990,validation
2307,238990,validation
2308,238990,training
2309,238990,training
2310,238990,validation
2311,238990,training
2312,238990,training
2313,238990,examples
2314,238990,test
2315,238990,examples
2316,238990,test
2317,238990,validation
2318,238990,training
2319,238990,training
2320,238990,training
2321,238990,examples
2322,238990,training
2323,238990,validation
2324,238990,test
2325,238990,validation
2326,238990,examples
2327,238990,training
2328,238990,examples
2329,238990,training
2330,238990,validation
2331,238990,examples
2332,238990,examples
2333,238990,examples
2334,238990,training
2335,238990,examples
2336,238990,examples
2337,238990,test
2338,238990,test
2339,238990,validation
2340,238990,examples
2341,238990,examples
2342,238990,validation
2343,238990,training
2344,238990,training
2345,238990,training
2346,238990,test
2347,238990,validation
2348,238990,training
2349,238990,training
2350,238990,examples
2351,238990,training
2352,238990,test
2353,311111,validation
2354,311111,examples
2355,311111,training
2356,311111,validation
2357,311111,test
2358,311111,training
2359,311111,examples
2360,311111,training
2361,311111,examples
2362,311111,test
2363,311111,training
2364,311119,examples
2365,311119,test
2366,311119,test
2367,311119,training
2368,311119,examples
2369,311119,training
2370,311119,training
2371,311119,training
2372,311119,training
2373,311119,training
2374,311119,examples
2375,311119,test
2376,311119,examples
2377,311119,training
2378,311119,examples
2379,311119,test
2380,311119,training
2381,311119,training
2382,311119,examples
2383,311119,test
2384,311119,validation
2385,311119,validation
2386,311119,training
2387,311119,training
2388,311119,test
2389,311119,examples
2390,311119,validation
2391,311119,validation
2392,311119,examples
2393,311119,validation
2394,311119,validation
2395,311119,examples
2396,311119,examples
2397,311119,training
2398,311119,training
2399,311119,examples
2400,311119,training
2401,311119,validation
2402,311119,training
2403,311119,examples
2404,311119,examples
2405,311119,validation
2406,311211,examples
2407,311211,validation
2408,311211,examples
2409,311211,examples
2410,311211,examples
2411,311211,training
2412,311211,training
2413,311211,training
2414,311211,training
2415,311211,examples
2416,311211,validation
2417,311211,examples
2418,311211,validation
2419,311211,test
2420,311211,examples
2421,311211,training
2422,311211,training
2423,311211,training
2424,311211,training
2425,311211,validation
2426,311211,test
2427,311211,examples
2428,311211,test
2429,311211,examples
2430,311211,test
2431,311211,validation
2432,311211,validation
2433,311211,training
2434,311211,training
2435,311211,examples
2436,311211,training
2437,311211,validation
2438,311211,training
2439,311211,test
2440,311212,examples
2441,311212,validation
2442,311212,examples
2443,311212,training
2444,311212,test
2445,311212,validation
2446,311212,training
2447,311212,training
2448,311212,examples
2449,311212,training
2450,311212,training
2451,311212,validation
2452,311212,examples
2453,311212,examples
2454,311212,training
2455,311212,test
2456,311213,validation
2457,311213,test
2458,311213,validation
2459,311213,examples
2460,311213,examples
2461,311213,training
2462,311213,examples
2463,311213,test
2464,311213,examples
2465,311213,training
2466,311213,training
2467,311213,training
2468,311221,training
2469,311221,validation
2470,311221,training
2471,311221,test
2472,311221,examples
2473,311221,examples
2474,311221,test
2475,311221,validation
2476,311221,examples
2477,311221,validation
2478,311221,training
2479,311221,training
2480,311221,examples
2481,311221,training
2482,311221,training
2483,311221,examples
2484,311221,examples
2485,311221,test
2486,311221,test
2487,311221,training
2488,311221,training
2489,311221,validation
2490,311221,examples
2491,311221,validation
2492,311221,validation
2493,311221,training
2494,311221,training
2495,311221,examples
2496,311224,training
2497,311224,validation
2498,311224,validation
2499,311224,training
2500,311224,training
2501,311224,test
2502,311224,training
2503,311224,validation
2504,311224,examples
2505,311224,examples
2506,311224,test
2507,311224,training
2508,311224,training
2509,311224,examples
2510,311224,training
2511,311224,test
2512,311224,test
2513,311224,examples
2514,311224,training
2515,311224,examples
2516,311224,validation
2517,311224,training
2518,311224,examples
2519,311224,validation
2520,311224,examples
2521,311224,training
2522,311224,examples
2523,311225,test
2524,311225,validation
2525,311225,examples
2526,311225,examples
2527,311225,training
2528,311225,validation
2529,311225,validation
2530,311225,examples
2531,311225,test
2532,311225,training
2533,311225,examples
2534,311225,training
2535,311225,training
2536,311225,validation
2537,311225,examples
2538,311225,test
2539,311225,examples
2540,311225,examples
2541,311225,test
2542,311225,validation
2543,311225,training
2544,311225,training
2545,311225,training
2546,311225,examples
2547,311225,training
2548,311225,training
2549,311230,training
2550,311230,examples
2551,311230,test
2552,311230,validation
2553,311230,validation
2554,311230,training
2555,311230,examples
2556,311230,examples
2557,311230,training
2558,311230,examples
2559,311230,examples
2560,311230,test
2561,311230,training
2562,311230,training
2563,311230,validation
2564,311230,training
2565,311313,training
2566,311313,examples
2567,311313,validation
2568,311313,training
2569,311313,validation
2570,311313,examples
2571,311313,training
2572,311313,examples
2573,311313,test
2574,311313,training
2575,311313,test
2576,311313,examples
2577,311313,training
2578,311313,examples
2579,311313,validation
2580,311314,training
2581,311314,test
2582,311314,training
2583,311314,training
2584,311314,test
2585,311314,examples
2586,311314,examples
2587,311314,test
2588,311314,examples
2589,311314,training
2590,311314,examples
2591,311314,validation
2592,311314,examples
2593,311314,validation
2594,311314,examples
2595,311314,validation
2596,311314,training
2597,311314,training
2598,311314,validation
2599,311314,training
2600,311340,test
2601,311340,training
2602,311340,examples
2603,311340,test
2604,311340,training
2605,311340,examples
2606,311340,training
2607,311340,examples
2608,311340,training
2609,311340,test
2610,311340,training
2611,311340,training
2612,311340,validation
2613,311340,examples
2614,311340,validation
2615,311340,validation
2616,311340,examples
2617,311340,test
2618,311340,examples
2619,311340,training
2620,311340,validation
2621,311340,examples
2622,311340,training
2623,311340,examples
2624,311340,training
2625,311340,training
2626,311340,training
2627,311340,validation
2628,311340,validation
2629,311340,examples
2630,311351,test
2631,311351,examples
2632,311351,examples
2633,311351,training
2634,311351,training
2635,311351,examples
2636,311351,test
2637,311351,examples
2638,311351,validation
2639,311351,training
2640,311351,training
2641,311351,training
2642,311351,validation
2643,311351,examples
2644,311351,validation
2645,311351,test
2646,311351,training
2647,311352,test
2648,311352,examples
2649,311352,validation
2650,311352,examples
2651,311352,training
2652,311352,examples
2653,311352,training
2654,311352,training
2655,311352,examples
2656,311352,validation
2657,311352,test
2658,311352,examples
2659,311352,validation
2660,311352,training
2661,311352,training
2662,311411,validation
2663,311411,training
2664,311411,examples
2665,311411,examples
2666,311411,examples
2667,311411,training
2668,311411,test
2669,311411,training
2670,311411,training
2671,311411,test
2672,311411,validation
2673,311411,validation
2674,311411,examples
2675,311411,training
2676,311412,examples
2677,311412,test
2678,311412,training
2679,311412,validation
2680,311412,training
2681,311412,test
2682,311412,training
2683,311412,examples
2684,311412,test
2685,311412,examples
2686,311412,examples
2687,311412,examples
2688,311412,training
2689,311412,validation
2690,311412,validation
2691,311412,training
2692,311412,validation
2693,311412,validation
2694,311412,examples
2695,311412,examples
2696,311412,training
2697,311412,training
2698,311412,training
2699,311421,validation
2700,311421,training
2701,311421,validation
2702,311421,test
2703,311421,examples
2704,311421,training
2705,311421,examples
2706,311421,examples
2707,311421,test
2708,311421,training
2709,311421,test
2710,311421,examples
2711,311421,examples
2712,311421,examples
2713,311421,examples
2714,311421,validation
2715,311421,training
2716,311421,training
2717,311421,training
2718,311421,examples
2719,311421,examples
2720,311421,validation
2721,311421,test
2722,311421,examples
2723,311421,test
2724,311421,training
2725,311421,test
2726,311421,training
2727,311421,training
2728,311421,training
2729,311421,examples
2730,311421,validation
2731,311421,validation
2732,311421,training
2733,311421,examples
2734,311421,validation
2735,311421,validation
2736,311421,training
2737,311421,training
2738,311421,training
2739,311421,training
2740,311422,validation
2741,311422,training
2742,311422,training
2743,311422,training
2744,311422,test
2745,311422,training
2746,311422,examples
2747,311422,validation
2748,311422,examples
2749,311422,training
2750,311422,test
2751,311422,examples
2752,311422,examples
2753,311422,examples
2754,311422,training
2755,311422,test
2756,311422,validation
2757,311422,examples
2758,311422,validation
2759,311423,training
2760,311423,validation
2761,311423,examples
2762,311423,examples
2763,311423,examples
2764,311423,test
2765,311423,test
2766,311423,examples
2767,311423,validation
2768,311423,examples
2769,311423,examples
2770,311423,validation
2771,311423,training
2772,311423,validation
2773,311423,training
2774,311423,training
2775,311423,training
2776,311423,test
2777,311423,training
2778,311511,examples
2779,311511,training
2780,311511,examples
2781,311511,test
2782,311511,training
2783,311511,training
2784,311511,training
2785,311511,examples
2786,311511,training
2787,311511,examples
2788,311511,examples
2789,311511,validation
2790,311511,training
2791,311511,validation
2792,311511,validation
2793,311511,examples
2794,311511,validation
2795,311511,training
2796,311511,training
2797,311511,training
2798,311511,test
2799,311511,examples
2800,311511,training
2801,311511,test
2802,311511,examples
2803,311511,validation
2804,311511,training
2805,311511,test
2806,311511,examples
2807,311511,training
2808,311511,validation
2809,311511,validation
2810,311511,test
2811,311511,examples
2812,311512,test
2813,311512,examples
2814,311512,validation
2815,311512,training
2816,311512,training
2817,311513,validation
2818,311513,examples
2819,311513,training
2820,311513,training
2821,311513,validation
2822,311513,test
2823,311513,test
2824,311513,validation
2825,311513,training
2826,311513,training
2827,311513,examples
2828,311513,examples
2829,311513,examples
2830,311514,validation
2831,311514,examples
2832,311514,training
2833,311514,training
2834,311514,examples
2835,311514,examples
2836,311514,test
2837,311514,validation
2838,311514,training
2839,311514,examples
2840,311514,test
2841,311514,examples
2842,311514,training
2843,311514,training
2844,311514,examples
2845,311514,training
2846,311514,training
2847,311514,validation
2848,311514,test
2849,311514,examples
2850,311514,validation
2851,311514,training
2852,311514,examples
2853,311514,training
2854,311514,examples
2855,311514,validation
2856,311514,training
2857,311514,test
2858,311514,test
2859,311514,training
2860,311514,examples
2861,311514,validation
2862,311514,validation
2863,311514,training
2864,311520,training
2865,311520,examples
2866,311520,examples
2867,311520,validation
2868,311520,examples
2869,311520,validation
2870,311520,examples
2871,311520,test
2872,311520,training
2873,311520,validation
2874,311520,training
2875,311520,test
2876,311520,examples
2877,311520,test
2878,311520,validation
2879,311520,examples
2880,311520,training
2881,311520,training
2882,311520,training
2883,311611,test
2884,311611,examples
2885,311611,validation
2886,311611,validation
2887,311611,training
2888,311611,validation
2889,311611,test
2890,311611,test
2891,311611,training
2892,311611,training
2893,311611,training
2894,311611,examples
2895,311611,training
2896,311611,examples
2897,311611,validation
2898,311611,examples
2899,311611,validation
2900,311611,test
2901,311611,examples
2902,311611,validation
2903,311611,training
2904,311611,training
2905,311611,training
2906,311611,examples
2907,311611,examples
2908,311611,examples
2909,311611,training
2910,311611,training
2911,311612,validation
2912,311612,validation
2913,311612,test
2914,311612,training
2915,311612,examples
2916,311612,training
2917,311612,examples
2918,311612,training
2919,311612,validation
2920,311612,examples
2921,311612,examples
2922,311612,training
2923,311612,validation
2924,311612,examples
2925,311612,training
2926,311612,test
2927,311612,examples
2928,311612,training
2929,311612,test
2930,311612,training
2931,311612,validation
2932,311612,training
2933,311612,training
2934,311612,test
2935,311612,examples
2936,311612,examples
2937,311612,training
2938,311612,training
2939,311612,examples
2940,311612,validation
2941,311612,training
2942,311612,validation
2943,311612,examples
2944,311612,test
2945,311613,examples
2946,311613,training
2947,311613,examples
2948,311613,training
2949,311613,examples
2950,311613,validation
2951,311613,test
2952,311613,training
2953,311613,training
2954,311613,examples
2955,311613,training
2956,311613,validation
2957,311613,test
2958,311613,validation
2959,311615,training
2960,311615,training
2961,311615,test
2962,311615,examples
2963,311615,training
2964,311615,examples
2965,311615,training
2966,311615,examples
2967,311615,validation
2968,311615,test
2969,311615,examples
2970,311615,validation
2971,311615,training
2972,311615,examples
2973,311615,validation
2974,311615,examples
2975,311615,examples
2976,311615,training
2977,311615,validation
2978,311615,validation
2979,311615,test
2980,311615,test
2981,311615,training
2982,311615,training
2983,311710,examples
2984,311710,examples
2985,311710,training
2986,311710,examples
2987,311710,test
2988,311710,examples
2989,311710,examples
2990,311710,test
2991,311710,examples
2992,311710,training
2993,311710,training
2994,311710,validation
2995,311710,validation
2996,311710,validation
2997,311710,examples
2998,311710,training
2999,311710,validation
3000,311710,training
3001,311710,training
3002,311710,training
3003,311710,test
3004,311710,examples
3005,311710,test
3006,311710,training
3007,311710,training
3008,311710,training
3009,311710,validation
3010,311811,examples
3011,311812,validation
3012,311812,training
3013,311812,training
3014,311812,training
3015,311812,test
3016,311812,training
3017,311812,validation
3018,311812,examples
3019,311812,training
3020,311812,validation
3021,311812,examples
3022,311812,examples
3023,311812,test
3024,311812,training
3025,311812,training
3026,311812,validation
3027,311812,examples
3028,311812,examples
3029,311812,training
3030,311812,test
3031,311812,examples
3032,311813,training
3033,311813,examples
3034,311813,test
3035,311813,training
3036,311813,validation
3037,311813,training
3038,311813,examples
3039,311813,validation
3040,311813,training
3041,311813,examples
3042,311821,test
3043,311821,training
3044,311821,examples
3045,311821,examples
3046,311821,validation
3047,311821,training
3048,311821,examples
3049,311821,training
3050,311821,validation
3051,311824,training
3052,311824,examples
3053,311824,validation
3054,311824,training
3055,311824,examples
3056,311824,training
3057,311824,training
3058,311824,validation
3059,311824,test
3060,311824,training
3061,311824,examples
3062,311824,validation
3063,311824,examples
3064,311824,examples
3065,311824,examples
3066,311824,training
3067,311824,examples
3068,311824,validation
3069,311824,training
3070,311824,validation
3071,311824,test
3072,311824,test
3073,311824,training
3074,311830,examples
3075,311911,training
3076,311911,training
3077,311911,test
3078,311911,examples
3079,311911,training
3080,311911,examples
3081,311911,validation
3082,311919,test
3083,311919,examples
3084,311919,training
3085,311919,training
3086,311919,training
3087,311919,validation
3088,311919,examples
3089,311919,validation
3090,311920,validation
3091,311920,training
3092,311920,validation
3093,311920,examples
3094,311920,test
3095,311920,examples
3096,311920,validation
3097,311920,training
3098,311920,examples
3099,311920,examples
3100,311920,examples
3101,311920,training
3102,311920,test
3103,311920,test
3104,311920,training
3105,311920,training
3106,311920,training
3107,311930,training
3108,311930,test
3109,311930,validation
3110,311930,validation
3111,311930,training
3112,311930,examples
3113,311930,training
3114,311930,examples
3115,311930,examples
3116,311930,training
3117,311930,examples
3118,311930,test
3119,311941,training
3120,311941,examples
3121,311941,examples
3122,311941,validation
3123,311941,training
3124,311941,training
3125,311941,examples
3126,311941,test
3127,311941,test
3128,311941,training
3129,311941,validation
3130,311941,examples
3131,311941,validation
3132,311941,training
3133,311941,examples
3134,311941,validation
3135,311941,test
3136,311941,examples
3137,311941,training
3138,311942,validation
3139,311942,test
3140,311942,examples
3141,311942,test
3142,311942,validation
3143,311942,examples
3144,311942,examples
3145,311942,training
3146,311942,training
3147,311942,test
3148,311942,validation
3149,311942,training
3150,311942,examples
3151,311942,examples
3152,311942,validation
3153,311942,training
3154,311942,training
3155,311942,examples
3156,311942,training
3157,311942,training
3158,311942,validation
3159,311942,training
3160,311942,examples
3161,311991,test
3162,311991,training
3163,311991,training
3164,311991,training
3165,311991,examples
3166,311991,examples
3167,311991,training
3168,311991,training
3169,311991,training
3170,311991,examples
3171,311991,validation
3172,311991,validation
3173,311991,test
3174,311991,test
3175,311991,examples
3176,311991,validation
3177,311991,examples
3178,311999,test
3179,311999,examples
3180,311999,validation
3181,311999,validation
3182,311999,training
3183,311999,test
3184,311999,training
3185,311999,test
3186,311999,training
3187,311999,examples
3188,311999,examples
3189,311999,test
3190,311999,examples
3191,311999,validation
3192,311999,training
3193,311999,examples
3194,311999,validation
3195,311999,examples
3196,311999,training
3197,311999,examples
3198,311999,validation
3199,311999,training
3200,311999,examples
3201,311999,training
3202,311999,validation
3203,311999,training
3204,311999,examples
3205,311999,training
3206,311999,training
3207,311999,training
3208,311999,examples
3209,311999,validation
3210,311999,training
3211,311999,examples
3212,311999,test
3213,312111,training
3214,312111,test
3215,312111,validation
3216,312111,examples
3217,312111,validation
3218,312111,training
3219,312111,training
3220,312111,training
3221,312111,examples
3222,312111,training
3223,312111,training
3224,312111,examples
3225,312111,examples
3226,312111,training
3227,312111,training
3228,312111,examples
3229,312111,training
3230,312111,training
3231,312112,validation
3232,312112,training
3233,312112,test
3234,312112,examples
3235,312113,examples
3236,312113,training
3237,312120,examples
3238,312120,examples
3239,312120,training
3240,312120,examples
3241,312120,validation
3242,312120,training
3243,312120,test
3244,312120,training
3245,312120,validation
3246,312120,test
3247,312120,examples
3248,312120,training
3249,312130,training
3250,312130,validation
3251,312130,test
3252,312130,examples
3253,312130,examples
3254,312130,training
3255,312130,training
3256,312130,examples
3257,312130,training
3258,312130,validation
3259,312130,training
3260,312130,training
3261,312130,test
3262,312130,examples
3263,312130,validation
3264,312130,training
3265,312130,training
3266,312130,validation
3267,312130,examples
3268,312130,examples
3269,312130,test
3270,312140,examples
3271,312140,validation
3272,312140,examples
3273,312140,examples
3274,312140,training
3275,312140,training
3276,312140,validation
3277,312140,test
3278,312140,test
3279,312140,validation
3280,312140,training
3281,312140,examples
3282,312140,training
3283,312230,training
3284,312230,training
3285,312230,training
3286,312230,examples
3287,312230,training
3288,312230,test
3289,312230,test
3290,312230,examples
3291,312230,examples
3292,312230,validation
3293,312230,validation
3294,312230,validation
3295,312230,examples
3296,313110,training
3297,313110,examples
3298,313110,training
3299,313110,test
3300,313110,training
3301,313110,examples
3302,313110,examples
3303,313110,training
3304,313110,training
3305,313110,examples
3306,313110,examples
3307,313110,examples
3308,313110,test
3309,313110,examples
3310,313110,examples
3311,313110,validation
3312,313110,training
3313,313110,examples
3314,313110,training
3315,313110,validation
3316,313110,training
3317,313110,test
3318,313110,test
3319,313110,validation
3320,313110,examples
3321,313110,validation
3322,313110,training
3323,313110,validation
3324,313110,examples
3325,313110,test
3326,313110,examples
3327,313110,validation
3328,313110,validation
3329,313110,validation
3330,313110,test
3331,313110,test
3332,313110,examples
3333,313110,training
3334,313110,training
3335,313110,training
3336,313110,training
3337,313110,test
3338,313110,training
3339,313110,training
3340,313110,training
3341,313110,examples
3342,313110,examples
3343,313110,examples
3344,313110,examples
3345,313110,validation
3346,313110,validation
3347,313110,examples
3348,313110,test
3349,313110,training
3350,313110,training
3351,313110,validation
3352,313110,training
3353,313110,training
3354,313110,training
3355,313110,training
3356,313110,examples
3357,313110,validation
3358,313210,training
3359,313210,training
3360,313210,validation
3361,313210,examples
3362,313210,examples
3363,313210,examples
3364,313210,test
3365,313210,training
3366,313210,validation
3367,313210,training
3368,313210,training
3369,313210,training
3370,313210,examples
3371,313210,test
3372,313210,training
3373,313210,training
3374,313210,training
3375,313210,examples
3376,313210,validation
3377,313210,training
3378,313210,examples
3379,313210,validation
3380,313210,training
3381,313210,validation
3382,313210,validation
3383,313210,examples
3384,313210,validation
3385,313210,training
3386,313210,examples
3387,313210,test
3388,313210,training
3389,313210,validation
3390,313210,test
3391,313210,validation
3392,313210,examples
3393,313210,examples
3394,313210,examples
3395,313210,training
3396,313210,test
3397,313210,test
3398,313210,training
3399,313210,examples
3400,313210,examples
3401,313210,training
3402,313210,training
3403,313210,test
3404,313210,examples
3405,313210,validation
3406,313220,test
3407,313220,examples
3408,313220,test
3409,313220,training
3410,313220,training
3411,313220,training
3412,313220,training
3413,313220,training
3414,313220,training
3415,313220,examples
3416,313220,validation
3417,313220,examples
3418,313220,training
3419,313220,validation
3420,313220,training
3421,313220,examples
3422,313220,test
3423,313220,examples
3424,313220,validation
3425,313220,examples
3426,313220,training
3427,313220,test
3428,313220,training
3429,313220,test
3430,313220,examples
3431,313220,examples
3432,313220,examples
3433,313220,training
3434,313220,examples
3435,313220,training
3436,313220,test
3437,313220,validation
3438,313220,examples
3439,313220,validation
3440,313220,validation
3441,313220,validation
3442,313220,training
3443,313230,examples
3444,313230,test
3445,313230,validation
3446,313230,test
3447,313230,test
3448,313230,training
3449,313230,examples
3450,313230,training
3451,313230,examples
3452,313230,training
3453,313230,training
3454,313230,validation
3455,313230,training
3456,313230,validation
3457,313230,examples
3458,313230,examples
3459,313230,training
3460,313230,examples
3461,313230,validation
3462,313240,training
3463,313240,examples
3464,313240,test
3465,313240,examples
3466,313240,test
3467,313240,examples
3468,313240,training
3469,313240,training
3470,313240,validation
3471,313240,examples
3472,313240,validation
3473,313240,examples
3474,313240,training
3475,313240,training
3476,313240,validation
3477,313240,examples
3478,313240,validation
3479,313240,training
3480,313240,test
3481,313240,training
3482,313240,validation
3483,313240,examples
3484,313240,training
3485,313240,training
3486,313240,examples
3487,313240,test
3488,313310,examples
3489,313310,training
3490,313310,training
3491,313310,test
3492,313310,examples
3493,313310,training
3494,313310,training
3495,313310,training
3496,313310,training
3497,313310,examples
3498,313310,training
3499,313310,training
3500,313310,examples
3501,313310,validation
3502,313310,examples
3503,313310,training
3504,313310,training
3505,313310,validation
3506,313310,examples
3507,313310,examples
3508,313310,training
3509,313310,examples
3510,313310,examples
3511,313310,validation
3512,313310,training
3513,313310,test
3514,313310,validation
3515,313310,examples
3516,313310,validation
3517,313310,validation
3518,313310,test
3519,313310,test
3520,313310,examples
3521,313310,training
3522,313310,test
3523,313310,validation
3524,313320,validation
3525,313320,test
3526,313320,validation
3527,313320,examples
3528,313320,training
3529,313320,validation
3530,313320,test
3531,313320,examples
3532,313320,examples
3533,313320,examples
3534,313320,training
3535,313320,training
3536,313320,test
3537,313320,examples
3538,313320,training
3539,313320,validation
3540,313320,examples
3541,313320,training
3542,313320,training
3543,314110,examples
3544,314110,test
3545,314110,training
3546,314110,validation
3547,314110,training
3548,314110,training
3549,314110,examples
3550,314110,validation
3551,314120,training
3552,314120,examples
3553,314120,examples
3554,314120,training
3555,314120,examples
3556,314120,examples
3557,314120,training
3558,314120,validation
3559,314120,test
3560,314120,validation
3561,314120,test
3562,314120,training
3563,314120,validation
3564,314120,training
3565,314120,training
3566,314120,validation
3567,314120,test
3568,314120,examples
3569,314910,training
3570,314910,validation
3571,314910,test
3572,314910,training
3573,314910,validation
3574,314910,test
3575,314910,examples
3576,314910,test
3577,314910,examples
3578,314910,training
3579,314910,examples
3580,314910,training
3581,314910,training
3582,314910,examples
3583,314910,training
3584,314910,training
3585,314910,validation
3586,314910,examples
3587,314910,validation
3588,314910,examples
3589,314994,examples
3590,314994,examples
3591,314994,validation
3592,314994,test
3593,314994,test
3594,314994,validation
3595,314994,training
3596,314994,training
3597,314994,examples
3598,314994,training
3599,314999,test
3600,314999,test
3601,314999,test
3602,314999,examples
3603,314999,test
3604,314999,examples
3605,314999,examples
3606,314999,examples
3607,314999,test
3608,314999,training
3609,314999,test
3610,314999,training
3611,314999,examples
3612,314999,training
3613,314999,examples
3614,314999,training
3615,314999,training
3616,314999,examples
3617,314999,training
3618,314999,examples
3619,314999,training
3620,314999,training
3621,314999,training
3622,314999,validation
3623,314999,test
3624,314999,training
3625,314999,training
3626,314999,validation
3627,314999,training
3628,314999,training
3629,314999,training
3630,314999,validation
3631,314999,validation
3632,314999,examples
3633,314999,validation
3634,314999,examples
3635,314999,training
3636,314999,training
3637,314999,examples
3638,314999,training
3639,314999,examples
3640,314999,training
3641,314999,validation
3642,314999,examples
3643,314999,validation
3644,314999,training
3645,314999,validation
3646,314999,test
3647,314999,validation
3648,314999,training
3649,314999,examples
3650,314999,examples
3651,314999,validation
3652,314999,examples
3653,314999,validation
3654,314999,examples
3655,314999,test
3656,314999,validation
3657,314999,examples
3658,315120,validation
3659,315120,examples
3660,315120,test
3661,315120,validation
3662,315120,validation
3663,315120,training
3664,315120,training
3665,315120,examples
3666,315120,test
3667,315120,training
3668,315120,test
3669,315120,test
3670,315120,examples
3671,315120,examples
3672,315120,test
3673,315120,training
3674,315120,examples
3675,315120,training
3676,315120,training
3677,315120,training
3678,315120,validation
3679,315120,training
3680,315120,training
3681,315120,examples
3682,315120,validation
3683,315120,validation
3684,315120,training
3685,315120,validation
3686,315120,training
3687,315120,training
3688,315120,validation
3689,315120,training
3690,315120,validation
3691,315120,validation
3692,315120,examples
3693,315120,test
3694,315120,test
3695,315120,test
3696,315120,training
3697,315120,training
3698,315120,examples
3699,315120,test
3700,315120,training
3701,315120,examples
3702,315120,examples
3703,315120,validation
3704,315120,training
3705,315120,examples
3706,315120,training
3707,315120,test
3708,315120,training
3709,315120,validation
3710,315120,examples
3711,315120,training
3712,315120,examples
3713,315120,examples
3714,315120,training
3715,315120,examples
3716,315120,training
3717,315120,examples
3718,315120,training
3719,315120,test
3720,315120,training
3721,315120,test
3722,315120,training
3723,315120,training
3724,315120,training
3725,315120,examples
3726,315120,training
3727,315120,examples
3728,315120,examples
3729,315120,training
3730,315120,validation
3731,315120,training
3732,315120,test
3733,315120,training
3734,315120,validation
3735,315120,validation
3736,315120,training
3737,315120,training
3738,315120,examples
3739,315120,test
3740,315120,validation
3741,315120,examples
3742,315120,training
3743,315120,validation
3744,315120,validation
3745,315120,validation
3746,315120,examples
3747,315120,training
3748,315120,examples
3749,315120,examples
3750,315120,test
3751,315120,examples
3752,315120,examples
3753,315120,examples
3754,315120,examples
3755,315120,examples
3756,315120,examples
3757,315120,examples
3758,315120,validation
3759,315120,validation
3760,315120,training
3761,315210,examples
3762,315210,examples
3763,315210,training
3764,315210,test
3765,315210,training
3766,315210,examples
3767,315210,test
3768,315210,examples
3769,315210,training
3770,315210,examples
3771,315210,training
3772,315210,examples
3773,315210,validation
3774,315210,examples
3775,315210,examples
3776,315210,test
3777,315210,validation
3778,315210,test
3779,315210,examples
3780,315210,training
3781,315210,validation
3782,315210,examples
3783,315210,training
3784,315210,validation
3785,315210,validation
3786,315210,examples
3787,315210,training
3788,315210,training
3789,315210,training
3790,315210,training
3791,315210,examples
3792,315210,test
3793,315210,examples
3794,315210,training
3795,315210,training
3796,315210,examples
3797,315210,training
3798,315210,test
3799,315210,validation
3800,315210,validation
3801,315210,examples
3802,315210,training
3803,315210,examples
3804,315210,validation
3805,315210,training
3806,315210,examples
3807,315210,validation
3808,315210,training
3809,315210,training
3810,315210,examples
3811,315210,training
3812,315210,test
3813,315210,training
3814,315210,training
3815,315210,validation
3816,315210,examples
3817,315210,examples
3818,315210,training
3819,315210,examples
3820,315210,training
3821,315210,training
3822,315210,examples
3823,315210,test
3824,315210,training
3825,315210,training
3826,315210,examples
3827,315210,training
3828,315210,test
3829,315210,validation
3830,315210,examples
3831,315210,examples
3832,315210,training
3833,315210,training
3834,315210,training
3835,315210,examples
3836,315210,training
3837,315210,validation
3838,315210,validation
3839,315210,validation
3840,315210,validation
3841,315210,examples
3842,315210,training
3843,315210,test
3844,315210,test
3845,315210,validation
3846,315210,test
3847,315210,training
3848,315210,test
3849,315210,examples
3850,315210,test
3851,315210,training
3852,315210,training
3853,315210,training
3854,315210,examples
3855,315210,examples
3856,315210,examples
3857,315210,validation
3858,315210,validation
3859,315210,examples
3860,315210,training
3861,315210,validation
3862,315210,validation
3863,315210,validation
3864,315210,validation
3865,315210,test
3866,315210,validation
3867,315210,test
3868,315210,examples
3869,315210,test
3870,315210,examples
3871,315210,examples
3872,315210,test
3873,315210,test
3874,315210,validation
3875,315210,examples
3876,315210,training
3877,315210,training
3878,315210,test
3879,315210,training
3880,315210,training
3881,315210,training
3882,315210,test
3883,315210,test
3884,315210,test
3885,315210,training
3886,315210,examples
3887,315210,validation
3888,315210,training
3889,315210,training
3890,315210,training
3891,315210,training
3892,315210,validation
3893,315210,training
3894,315210,validation
3895,315210,test
3896,315210,examples
3897,315210,validation
3898,315210,test
3899,315210,examples
3900,315210,validation
3901,315210,training
3902,315210,test
3903,315210,test
3904,315210,training
3905,315210,training
3906,315210,training
3907,315210,training
3908,315210,validation
3909,315210,examples
3910,315210,examples
3911,315210,training
3912,315210,training
3913,315210,validation
3914,315210,examples
3915,315210,test
3916,315210,examples
3917,315210,validation
3918,315210,training
3919,315210,examples
3920,315210,validation
3921,315210,examples
3922,315210,examples
3923,315210,test
3924,315210,examples
3925,315210,training
3926,315210,validation
3927,315210,training
3928,315210,examples
3929,315210,examples
3930,315210,test
3931,315210,training
3932,315210,examples
3933,315210,examples
3934,315210,validation
3935,315210,training
3936,315210,training
3937,315210,examples
3938,315210,validation
3939,315210,training
3940,315210,training
3941,315210,examples
3942,315210,training
3943,315210,validation
3944,315210,training
3945,315210,training
3946,315210,validation
3947,315210,examples
3948,315210,validation
3949,315210,training
3950,315210,training
3951,315210,examples
3952,315210,examples
3953,315210,examples
3954,315210,examples
3955,315210,training
3956,315210,examples
3957,315210,examples
3958,315210,test
3959,315210,validation
3960,315210,validation
3961,315210,test
3962,315210,examples
3963,315210,training
3964,315210,examples
3965,315210,training
3966,315210,training
3967,315210,examples
3968,315210,examples
3969,315210,training
3970,315210,training
3971,315210,training
3972,315210,validation
3973,315210,examples
3974,315210,training
3975,315210,examples
3976,315210,training
3977,315210,validation
3978,315210,training
3979,315210,training
3980,315210,validation
3981,315210,test
3982,315210,test
3983,315210,examples
3984,315210,examples
3985,315210,test
3986,315210,training
3987,315210,examples
3988,315210,training
3989,315210,examples
3990,315210,training
3991,315210,training
3992,315210,examples
3993,315210,validation
3994,315210,examples
3995,315210,validation
3996,315210,training
3997,315210,training
3998,315210,validation
3999,315210,training
4000,315210,test
4001,315210,test
4002,315210,validation
4003,315210,examples
4004,315210,examples
4005,315210,test
4006,315210,validation
4007,315210,training
4008,315210,training
4009,315210,validation
4010,315210,examples
4011,315250,examples
4012,315250,validation
4013,315250,training
4014,315250,examples
4015,315250,examples
4016,315250,examples
4017,315250,training
4018,315250,training
4019,315250,training
4020,315250,test
4021,315250,training
4022,315250,examples
4023,315250,training
4024,315250,training
4025,315250,training
4026,315250,validation
4027,315250,validation
4028,315250,training
4029,315250,examples
4030,315250,test
4031,315250,test
4032,315250,validation
4033,315250,examples
4034,315250,validation
4035,315250,validation
4036,315250,examples
4037,315250,training
4038,315250,training
4039,315250,validation
4040,315250,test
4041,315250,training
4042,315250,examples
4043,315250,training
4044,315250,training
4045,315250,test
4046,315250,training
4047,315250,training
4048,315250,training
4049,315250,validation
4050,315250,validation
4051,315250,training
4052,315250,examples
4053,315250,examples
4054,315250,examples
4055,315250,examples
4056,315250,examples
4057,315250,training
4058,315250,validation
4059,315250,examples
4060,315250,training
4061,315250,test
4062,315250,examples
4063,315250,training
4064,315250,examples
4065,315250,validation
4066,315250,validation
4067,315250,examples
4068,315250,validation
4069,315250,test
4070,315250,validation
4071,315250,training
4072,315250,validation
4073,315250,validation
4074,315250,training
4075,315250,validation
4076,315250,training
4077,315250,examples
4078,315250,training
4079,315250,test
4080,315250,examples
4081,315250,test
4082,315250,examples
4083,315250,examples
4084,315250,test
4085,315250,training
4086,315250,validation
4087,315250,training
4088,315250,validation
4089,315250,training
4090,315250,test
4091,315250,test
4092,315250,test
4093,315250,test
4094,315250,examples
4095,315250,training
4096,315250,examples
4097,315250,examples
4098,315250,training
4099,315250,validation
4100,315250,training
4101,315250,examples
4102,315250,validation
4103,315250,examples
4104,315250,examples
4105,315250,training
4106,315250,validation
4107,315250,validation
4108,315250,training
4109,315250,training
4110,315250,training
4111,315250,validation
4112,315250,training
4113,315250,test
4114,315250,test
4115,315250,test
4116,315250,examples
4117,315250,examples
4118,315250,training
4119,315250,training
4120,315250,training
4121,315250,training
4122,315250,examples
4123,315250,test
4124,315250,validation
4125,315250,training
4126,315250,training
4127,315250,training
4128,315250,training
4129,315250,examples
4130,315250,examples
4131,315250,training
4132,315250,test
4133,315250,test
4134,315250,training
4135,315250,training
4136,315250,training
4137,315250,examples
4138,315250,training
4139,315250,examples
4140,315250,examples
4141,315250,validation
4142,315250,training
4143,315250,validation
4144,315250,test
4145,315250,validation
4146,315250,validation
4147,315250,test
4148,315250,validation
4149,315250,training
4150,315250,validation
4151,315250,examples
4152,315250,examples
4153,315250,test
4154,315250,examples
4155,315250,training
4156,315250,examples
4157,315250,examples
4158,315250,training
4159,315250,examples
4160,315250,test
4161,315250,training
4162,315250,training
4163,315250,examples
4164,315250,validation
4165,315250,training
4166,315250,test
4167,315250,examples
4168,315250,training
4169,315250,test
4170,315250,test
4171,315250,test
4172,315250,test
4173,315250,examples
4174,315250,test
4175,315250,examples
4176,315250,examples
4177,315250,training
4178,315250,training
4179,315250,test
4180,315250,training
4181,315250,training
4182,315250,validation
4183,315250,examples
4184,315250,training
4185,315250,training
4186,315250,test
4187,315250,training
4188,315250,training
4189,315250,examples
4190,315250,training
4191,315250,examples
4192,315250,examples
4193,315250,test
4194,315250,examples
4195,315250,validation
4196,315250,examples
4197,315250,test
4198,315250,training
4199,315250,examples
4200,315250,examples
4201,315250,test
4202,315250,test
4203,315250,test
4204,315250,validation
4205,315250,test
4206,315250,validation
4207,315250,test
4208,315250,validation
4209,315250,training
4210,315250,training
4211,315250,training
4212,315250,validation
4213,315250,test
4214,315250,training
4215,315250,validation
4216,315250,examples
4217,315250,training
4218,315250,examples
4219,315250,training
4220,315250,examples
4221,315250,training
4222,315250,examples
4223,315250,training
4224,315250,examples
4225,315250,examples
4226,315250,training
4227,315250,examples
4228,315250,training
4229,315250,test
4230,315250,examples
4231,315250,examples
4232,315250,training
4233,315250,examples
4234,315250,training
4235,315250,training
4236,315250,validation
4237,315250,training
4238,315250,validation
4239,315250,training
4240,315250,examples
4241,315250,validation
4242,315250,training
4243,315250,validation
4244,315250,examples
4245,315250,training
4246,315250,validation
4247,315250,examples
4248,315250,training
4249,315250,examples
4250,315250,test
4251,315250,validation
4252,315250,validation
4253,315250,validation
4254,315250,examples
4255,315250,training
4256,315250,examples
4257,315250,examples
4258,315250,examples
4259,315250,examples
4260,315250,training
4261,315250,training
4262,315250,examples
4263,315250,examples
4264,315250,training
4265,315250,test
4266,315250,training
4267,315250,examples
4268,315250,validation
4269,315250,training
4270,315250,examples
4271,315250,test
4272,315250,examples
4273,315250,examples
4274,315250,test
4275,315250,examples
4276,315250,training
4277,315250,validation
4278,315250,examples
4279,315250,examples
4280,315250,training
4281,315250,validation
4282,315250,examples
4283,315250,training
4284,315250,training
4285,315250,examples
4286,315250,training
4287,315250,examples
4288,315250,training
4289,315250,training
4290,315250,examples
4291,315250,examples
4292,315250,training
4293,315250,training
4294,315250,examples
4295,315250,training
4296,315250,training
4297,315250,examples
4298,315250,validation
4299,315250,validation
4300,315250,training
4301,315250,validation
4302,315250,training
4303,315250,training
4304,315250,training
4305,315250,examples
4306,315250,test
4307,315250,training
4308,315250,validation
4309,315250,examples
4310,315250,test
4311,315250,validation
4312,315250,training
4313,315250,validation
4314,315250,training
4315,315250,validation
4316,315250,validation
4317,315250,test
4318,315250,examples
4319,315250,examples
4320,315250,training
4321,315250,validation
4322,315250,examples
4323,315250,validation
4324,315250,validation
4325,315250,validation
4326,315250,validation
4327,315250,examples
4328,315250,training
4329,315250,training
4330,315250,validation
4331,315990,examples
4332,315990,test
4333,315990,validation
4334,315990,training
4335,315990,validation
4336,315990,training
4337,315990,training
4338,315990,examples
4339,315990,validation
4340,315990,validation
4341,315990,examples
4342,315990,test
4343,315990,test
4344,315990,validation
4345,315990,training
4346,315990,test
4347,315990,training
4348,315990,examples
4349,315990,examples
4350,315990,training
4351,315990,training
4352,315990,training
4353,315990,validation
4354,315990,validation
4355,315990,examples
4356,315990,training
4357,315990,training
4358,315990,examples
4359,315990,training
4360,315990,examples
4361,315990,examples
4362,315990,validation
4363,315990,examples
4364,315990,examples
4365,315990,training
4366,315990,training
4367,315990,examples
4368,315990,test
4369,315990,examples
4370,315990,training
4371,315990,validation
4372,315990,training
4373,315990,training
4374,315990,training
4375,315990,training
4376,315990,test
4377,315990,validation
4378,315990,examples
4379,315990,training
4380,315990,training
4381,315990,validation
4382,315990,examples
4383,315990,test
4384,315990,examples
4385,315990,examples
4386,315990,test
4387,316110,examples
4388,316110,training
4389,316110,examples
4390,316110,training
4391,316110,test
4392,316110,test
4393,316110,training
4394,316110,test
4395,316110,test
4396,316110,training
4397,316110,training
4398,316110,examples
4399,316110,examples
4400,316110,examples
4401,316110,validation
4402,316110,validation
4403,316110,examples
4404,316110,validation
4405,316110,training
4406,316110,validation
4407,316110,validation
4408,316110,examples
4409,316110,training
4410,316110,test
4411,316110,training
4412,316110,training
4413,316110,examples
4414,316110,training
4415,316110,examples
4416,316110,training
4417,316110,training
4418,316110,training
4419,316110,test
4420,316110,examples
4421,316110,test
4422,316110,examples
4423,316110,examples
4424,316110,training
4425,316110,training
4426,316110,training
4427,316110,test
4428,316110,validation
4429,316110,training
4430,316110,validation
4431,316110,training
4432,316110,validation
4433,316110,training
4434,316110,examples
4435,316110,examples
4436,316110,examples
4437,316110,examples
4438,316110,validation
4439,316110,validation
4440,316110,examples
4441,316110,test
4442,316110,training
4443,316110,validation
4444,316110,training
4445,316110,validation
4446,316110,examples
4447,316110,training
4448,316110,examples
4449,316110,validation
4450,316210,test
4451,316210,validation
4452,316210,examples
4453,316210,test
4454,316210,training
4455,316210,training
4456,316210,training
4457,316210,validation
4458,316210,test
4459,316210,validation
4460,316210,test
4461,316210,examples
4462,316210,training
4463,316210,validation
4464,316210,examples
4465,316210,validation
4466,316210,examples
4467,316210,training
4468,316210,training
4469,316210,examples
4470,316210,validation
4471,316210,examples
4472,316210,test
4473,316210,validation
4474,316210,test
4475,316210,training
4476,316210,validation
4477,316210,examples
4478,316210,examples
4479,316210,validation
4480,316210,training
4481,316210,examples
4482,316210,examples
4483,316210,examples
4484,316210,training
4485,316210,training
4486,316210,training
4487,316210,training
4488,316210,examples
4489,316210,training
4490,316210,test
4491,316210,examples
4492,316210,examples
4493,316210,validation
4494,316210,training
4495,316210,training
4496,316210,examples
4497,316210,training
4498,316210,training
4499,316210,examples
4500,316210,test
4501,316210,examples
4502,316210,validation
4503,316210,validation
4504,316210,examples
4505,316210,training
4506,316210,training
4507,316210,examples
4508,316210,training
4509,316210,validation
4510,316210,training
4511,316210,examples
4512,316210,test
4513,316210,validation
4514,316210,validation
4515,316210,validation
4516,316210,training
4517,316210,training
4518,316210,training
4519,316210,validation
4520,316210,training
4521,316210,test
4522,316210,test
4523,316210,validation
4524,316210,training
4525,316210,training
4526,316210,examples
4527,316210,examples
4528,316210,training
4529,316210,examples
4530,316210,test
4531,316210,examples
4532,316210,examples
4533,316210,training
4534,316210,training
4535,316210,examples
4536,316210,training
4537,316210,examples
4538,316210,test
4539,316990,examples
4540,316990,training
4541,316990,validation
4542,316990,validation
4543,316990,examples
4544,316990,training
4545,316990,test
4546,316990,examples
4547,316990,test
4548,316990,examples
4549,316990,training
4550,316990,training
4551,316990,examples
4552,316990,validation
4553,316990,examples
4554,316990,examples
4555,316990,training
4556,316990,training
4557,316990,training
4558,316990,training
4559,316990,test
4560,316990,examples
4561,316990,test
4562,316990,training
4563,316990,examples
4564,316990,examples
4565,316990,examples
4566,316990,training
4567,316990,examples
4568,316990,test
4569,316990,training
4570,316990,validation
4571,316990,training
4572,316990,examples
4573,316990,training
4574,316990,training
4575,316990,training
4576,316990,examples
4577,316990,validation
4578,316990,training
4579,316990,validation
4580,316990,examples
4581,316990,training
4582,316990,training
4583,316990,examples
4584,316990,validation
4585,316990,examples
4586,316990,examples
4587,316990,training
4588,316990,validation
4589,316990,validation
4590,316990,test
4591,316990,training
4592,316990,training
4593,316990,test
4594,316990,training
4595,316990,validation
4596,316990,training
4597,316990,examples
4598,316990,training
4599,316990,training
4600,316990,examples
4601,316990,examples
4602,316990,training
4603,316990,examples
4604,316990,test
4605,316990,training
4606,316990,training
4607,316990,training
4608,316990,test
4609,316990,validation
4610,316990,examples
4611,316990,validation
4612,316990,validation
4613,316990,validation
4614,316990,training
4615,316990,examples
4616,316990,validation
4617,316990,training
4618,316990,validation
4619,316990,validation
4620,316990,test
4621,316990,training
4622,316990,examples
4623,316990,examples
4624,316990,test
4625,316990,training
4626,316990,training
4627,316990,test
4628,316990,training
4629,316990,examples
4630,316990,examples
4631,316990,validation
4632,316990,examples
4633,316990,training
4634,316990,test
4635,316990,examples
4636,316990,test
4637,316990,examples
4638,316990,training
4639,316990,validation
4640,316990,training
4641,316990,validation
4642,316990,test
4643,316990,training
4644,316990,training
4645,316990,training
4646,316990,examples
4647,316990,validation
4648,316990,test
4649,316990,examples
4650,316990,validation
4651,316990,test
4652,316990,examples
4653,316990,validation
4654,316990,examples
4655,321113,validation
4656,321113,test
4657,321113,test
4658,321113,examples
4659,321113,training
4660,321113,training
4661,321113,training
4662,321113,training
4663,321113,training
4664,321113,examples
4665,321113,training
4666,321113,training
4667,321113,examples
4668,321113,validation
4669,321113,test
4670,321113,examples
4671,321113,examples
4672,321113,validation
4673,321113,examples
4674,321113,validation
4675,321113,training
4676,321113,examples
4677,321113,test
4678,321113,training
4679,321113,examples
4680,321113,training
4681,321113,validation
4682,321114,examples
4683,321114,training
4684,321114,test
4685,321114,training
4686,321114,examples
4687,321114,examples
4688,321114,test
4689,321114,training
4690,321114,examples
4691,321114,validation
4692,321114,examples
4693,321114,training
4694,321114,training
4695,321114,validation
4696,321114,training
4697,321114,test
4698,321114,examples
4699,321114,validation
4700,321114,training
4701,321114,validation
4702,321114,validation
4703,321114,training
4704,321114,examples
4705,321114,test
4706,321114,training
4707,321211,training
4708,321211,validation
4709,321211,validation
4710,321211,training
4711,321211,examples
4712,321211,test
4713,321211,examples
4714,321211,examples
4715,321211,training
4716,321212,examples
4717,321212,validation
4718,321212,training
4719,321212,training
4720,321212,examples
4721,321212,test
4722,321212,validation
4723,321212,training
4724,321215,validation
4725,321215,examples
4726,321215,validation
4727,321215,test
4728,321215,test
4729,321215,examples
4730,321215,training
4731,321215,training
4732,321215,examples
4733,321215,examples
4734,321215,training
4735,321215,examples
4736,321215,training
4737,321215,training
4738,321215,test
4739,321215,validation
4740,321215,training
4741,321215,validation
4742,321219,training
4743,321219,examples
4744,321219,validation
4745,321219,validation
4746,321219,test
4747,321219,examples
4748,321219,test
4749,321219,test
4750,321219,validation
4751,321219,validation
4752,321219,examples
4753,321219,examples
4754,321219,examples
4755,321219,training
4756,321219,training
4757,321219,training
4758,321219,training
4759,321219,examples
4760,321219,training
4761,321911,validation
4762,321911,test
4763,321911,validation
4764,321911,validation
4765,321911,test
4766,321911,validation
4767,321911,training
4768,321911,training
4769,321911,training
4770,321911,examples
4771,321911,training
4772,321911,training
4773,321911,examples
4774,321911,examples
4775,321911,examples
4776,321911,training
4777,321911,examples
4778,321911,test
4779,321912,test
4780,321912,training
4781,321912,test
4782,321912,validation
4783,321912,training
4784,321912,examples
4785,321912,training
4786,321912,validation
4787,321912,training
4788,321912,examples
4789,321912,training
4790,321912,validation
4791,321912,validation
4792,321912,examples
4793,321912,test
4794,321912,validation
4795,321912,test
4796,321912,validation
4797,321912,test
4798,321912,training
4799,321912,test
4800,321912,training
4801,321912,examples
4802,321912,training
4803,321912,training
4804,321912,training
4805,321912,examples
4806,321912,training
4807,321912,examples
4808,321912,examples
4809,321912,validation
4810,321912,training
4811,321912,examples
4812,321912,training
4813,321912,examples
4814,321912,examples
4815,321912,validation
4816,321912,examples
4817,321918,test
4818,321918,training
4819,321918,validation
4820,321918,training
4821,321918,training
4822,321918,training
4823,321918,training
4824,321918,validation
4825,321918,test
4826,321918,training
4827,321918,training
4828,321918,examples
4829,321918,examples
4830,321918,validation
4831,321918,training
4832,321918,examples
4833,321918,examples
4834,321918,examples
4835,321918,examples
4836,321918,validation
4837,321918,test
4838,321918,examples
4839,321918,validation
4840,321918,examples
4841,321918,training
4842,321918,validation
4843,321918,training
4844,321918,examples
4845,321918,training
4846,321918,validation
4847,321918,test
4848,321918,examples
4849,321918,test
4850,321918,examples
4851,321918,training
4852,321920,examples
4853,321920,training
4854,321920,test
4855,321920,test
4856,321920,examples
4857,321920,validation
4858,321920,test
4859,321920,examples
4860,321920,training
4861,321920,validation
4862,321920,examples
4863,321920,training
4864,321920,test
4865,321920,training
4866,321920,training
4867,321920,training
4868,321920,training
4869,321920,examples
4870,321920,examples
4871,321920,training
4872,321920,training
4873,321920,training
4874,321920,training
4875,321920,examples
4876,321920,training
4877,321920,test
4878,321920,validation
4879,321920,examples
4880,321920,examples
4881,321920,validation
4882,321920,examples
4883,321920,test
4884,321920,training
4885,321920,training
4886,321920,training
4887,321920,test
4888,321920,validation
4889,321920,validation
4890,321920,training
4891,321920,validation
4892,321920,training
4893,321920,examples
4894,321920,test
4895,321920,training
4896,321920,examples
4897,321920,examples
4898,321920,validation
4899,321920,training
4900,321920,examples
4901,321920,examples
4902,321920,examples
4903,321920,training
4904,321920,test
4905,321920,validation
4906,321920,examples
4907,321920,examples
4908,321920,training
4909,321920,validation
4910,321920,validation
4911,321920,examples
4912,321920,validation
4913,321920,training
4914,321991,training
4915,321991,validation
4916,321991,training
4917,321991,test
4918,321991,examples
4919,321991,examples
4920,321992,examples
4921,321992,test
4922,321992,examples
4923,321992,training
4924,321992,test
4925,321992,validation
4926,321992,training
4927,321992,validation
4928,321992,training
4929,321992,examples
4930,321992,examples
4931,321992,validation
4932,321992,training
4933,321992,training
4934,321999,test
4935,321999,test
4936,321999,examples
4937,321999,examples
4938,321999,validation
4939,321999,training
4940,321999,training
4941,321999,validation
4942,321999,examples
4943,321999,validation
4944,321999,validation
4945,321999,training
4946,321999,validation
4947,321999,examples
4948,321999,examples
4949,321999,training
4950,321999,examples
4951,321999,training
4952,321999,examples
4953,321999,examples
4954,321999,validation
4955,321999,examples
4956,321999,training
4957,321999,test
4958,321999,training
4959,321999,test
4960,321999,training
4961,321999,training
4962,321999,training
4963,321999,test
4964,321999,examples
4965,321999,training
4966,321999,training
4967,321999,examples
4968,321999,training
4969,321999,validation
4970,321999,examples
4971,321999,examples
4972,321999,training
4973,321999,validation
4974,321999,training
4975,321999,validation
4976,321999,examples
4977,321999,examples
4978,321999,examples
4979,321999,examples
4980,321999,training
4981,321999,test
4982,321999,validation
4983,321999,training
4984,321999,training
4985,321999,training
4986,321999,test
4987,321999,validation
4988,321999,examples
4989,321999,examples
4990,321999,training
4991,321999,test
4992,321999,training
4993,321999,training
4994,321999,training
4995,321999,training
4996,321999,training
4997,321999,examples
4998,321999,examples
4999,321999,training
5000,321999,validation
5001,321999,test
5002,321999,training
5003,321999,test
5004,321999,examples
5005,321999,validation
5006,321999,training
5007,321999,examples
5008,321999,examples
5009,321999,training
5010,321999,validation
5011,321999,test
5012,321999,examples
5013,321999,validation
5014,321999,validation
5015,321999,test
5016,321999,validation
5017,321999,training
5018,321999,test
5019,321999,training
5020,321999,training
5021,321999,training
5022,321999,examples
5023,321999,training
5024,321999,test
5025,321999,training
5026,321999,examples
5027,321999,test
5028,321999,validation
5029,321999,test
5030,321999,examples
5031,321999,test
5032,321999,examples
5033,321999,validation
5034,321999,training
5035,321999,training
5036,321999,test
5037,321999,examples
5038,321999,examples
5039,321999,training
5040,321999,examples
5041,321999,validation
5042,321999,validation
5043,321999,examples
5044,321999,training
5045,321999,training
5046,321999,validation
5047,321999,examples
5048,321999,training
5049,321999,validation
5050,321999,examples
5051,321999,examples
5052,321999,training
5053,321999,training
5054,321999,validation
5055,321999,validation
5056,321999,examples
5057,321999,test
5058,321999,training
5059,321999,examples
5060,322110,examples
5061,322110,examples
5062,322110,training
5063,322110,training
5064,322110,test
5065,322110,validation
5066,322110,training
5067,322120,examples
5068,322120,examples
5069,322120,training
5070,322120,test
5071,322120,training
5072,322120,test
5073,322120,validation
5074,322120,test
5075,322120,validation
5076,322120,training
5077,322120,validation
5078,322120,training
5079,322120,examples
5080,322120,test
5081,322120,examples
5082,322120,training
5083,322120,examples
5084,322120,examples
5085,322120,test
5086,322120,training
5087,322120,training
5088,322120,examples
5089,322120,validation
5090,322120,training
5091,322120,training
5092,322120,training
5093,322120,examples
5094,322120,training
5095,322120,examples
5096,322120,training
5097,322120,training
5098,322120,training
5099,322120,examples
5100,322120,validation
5101,322120,test
5102,322120,validation
5103,322120,examples
5104,322120,examples
5105,322120,validation
5106,322120,training
5107,322120,training
5108,322120,examples
5109,322120,validation
5110,322120,training
5111,322120,test
5112,322120,test
5113,322120,validation
5114,322120,validation
5115,322120,examples
5116,322120,examples
5117,322120,training
5118,322130,training
5119,322130,examples
5120,322130,validation
5121,322130,examples
5122,322130,validation
5123,322130,examples
5124,322130,examples
5125,322130,test
5126,322130,examples
5127,322130,training
5128,322130,training
5129,322130,training
5130,322130,training
5131,322130,test
5132,322130,training
5133,322130,validation
5134,322130,validation
5135,322130,test
5136,322211,training
5137,322211,validation
5138,322211,examples
5139,322211,examples
5140,322211,training
5141,322211,examples
5142,322211,validation
5143,322211,training
5144,322211,training
5145,322211,test
5146,322211,test
5147,322212,training
5148,322212,validation
5149,322212,training
5150,322212,examples
5151,322212,training
5152,322212,examples
5153,322212,test
5154,322219,examples
5155,322219,examples
5156,322219,training
5157,322219,examples
5158,322219,test
5159,322219,training
5160,322219,test
5161,322219,examples
5162,322219,training
5163,322219,validation
5164,322219,training
5165,322219,training
5166,322219,examples
5167,322219,training
5168,322219,validation
5169,322219,training
5170,322219,validation
5171,322219,examples
5172,322219,training
5173,322219,examples
5174,322219,validation
5175,322219,test
5176,322220,examples
5177,322220,test
5178,322220,training
5179,322220,training
5180,322220,examples
5181,322220,examples
5182,322220,examples
5183,322220,validation
5184,322220,training
5185,322220,examples
5186,322220,validation
5187,322220,test
5188,322220,test
5189,322220,training
5190,322220,validation
5191,322220,training
5192,322220,validation
5193,322220,examples
5194,322220,validation
5195,322220,test
5196,322220,training
5197,322220,examples
5198,322220,training
5199,322220,validation
5200,322220,examples
5201,322220,examples
5202,322220,examples
5203,322220,training
5204,322220,validation
5205,322220,examples
5206,322220,training
5207,322220,training
5208,322220,training
5209,322220,training
5210,322220,examples
5211,322220,test
5212,322220,training
5213,322220,examples
5214,322220,test
5215,322220,validation
5216,322220,training
5217,322220,training
5218,322230,training
5219,322230,training
5220,322230,validation
5221,322230,examples
5222,322230,examples
5223,322230,examples
5224,322230,validation
5225,322230,test
5226,322230,training
5227,322230,training
5228,322230,examples
5229,322230,training
5230,322230,examples
5231,322230,examples
5232,322230,examples
5233,322230,training
5234,322230,validation
5235,322230,validation
5236,322230,training
5237,322230,test
5238,322230,test
5239,322230,test
5240,322230,validation
5241,322230,training
5242,322291,validation
5243,322291,training
5244,322291,validation
5245,322291,training
5246,322291,test
5247,322291,examples
5248,322291,training
5249,322291,examples
5250,322291,training
5251,322291,examples
5252,322291,test
5253,322291,examples
5254,322299,test
5255,322299,validation
5256,322299,training
5257,322299,examples
5258,322299,validation
5259,322299,examples
5260,322299,training
5261,322299,training
5262,322299,examples
5263,322299,validation
5264,322299,test
5265,322299,test
5266,322299,training
5267,322299,examples
5268,322299,validation
5269,322299,examples
5270,322299,examples
5271,322299,training
5272,322299,training
5273,322299,training
5274,322299,test
5275,322299,validation
5276,322299,training
5277,322299,examples
5278,323111,test
5279,323111,examples
5280,323111,training
5281,323111,training
5282,323111,training
5283,323111,test
5284,323111,examples
5285,323111,training
5286,323111,training
5287,323111,training
5288,323111,training
5289,323111,training
5290,323111,test
5291,323111,validation
5292,323111,test
5293,323111,training
5294,323111,test
5295,323111,training
5296,323111,training
5297,323111,test
5298,323111,validation
5299,323111,examples
5300,323111,examples
5301,323111,training
5302,323111,training
5303,323111,test
5304,323111,validation
5305,323111,examples
5306,323111,test
5307,323111,examples
5308,323111,validation
5309,323111,training
5310,323111,examples
5311,323111,training
5312,323111,examples
5313,323111,training
5314,323111,training
5315,323111,examples
5316,323111,training
5317,323111,examples
5318,323111,training
5319,323111,validation
5320,323111,validation
5321,323111,examples
5322,323111,validation
5323,323111,test
5324,323111,validation
5325,323111,training
5326,323111,training
5327,323111,examples
5328,323111,test
5329,323111,validation
5330,323111,examples
5331,323111,training
5332,323111,training
5333,323111,examples
5334,323111,examples
5335,323111,examples
5336,323111,validation
5337,323111,test
5338,323111,validation
5339,323111,examples
5340,323111,training
5341,323111,test
5342,323111,validation
5343,323111,examples
5344,323111,examples
5345,323111,examples
5346,323111,examples
5347,323111,validation
5348,323111,validation
5349,323111,validation
5350,323111,examples
5351,323111,test
5352,323111,examples
5353,323111,examples
5354,323111,training
5355,323111,training
5356,323111,training
5357,323111,examples
5358,323111,training
5359,323111,examples
5360,323111,validation
5361,323111,training
5362,323111,training
5363,323111,training
5364,323111,training
5365,323111,training
5366,323111,test
5367,323111,examples
5368,323111,examples
5369,323111,examples
5370,323111,validation
5371,323111,validation
5372,323111,validation
5373,323111,training
5374,323111,training
5375,323111,validation
5376,323111,training
5377,323111,examples
5378,323111,examples
5379,323111,validation
5380,323111,examples
5381,323111,training
5382,323111,test
5383,323111,test
5384,323113,training
5385,323113,validation
5386,323113,examples
5387,323113,training
5388,323113,examples
5389,323113,training
5390,323113,validation
5391,323113,validation
5392,323113,validation
5393,323113,training
5394,323113,test
5395,323113,test
5396,323113,training
5397,323113,examples
5398,323113,examples
5399,323113,examples
5400,323113,training
5401,323113,examples
5402,323113,validation
5403,323113,test
5404,323113,test
5405,323113,training
5406,323113,training
5407,323113,examples
5408,323113,examples
5409,323113,test
5410,323113,training
5411,323113,training
5412,323113,validation
5413,323113,validation
5414,323113,test
5415,323113,examples
5416,323113,examples
5417,323113,training
5418,323113,training
5419,323113,training
5420,323113,training
5421,323113,examples
5422,323113,examples
5423,323113,examples
5424,323113,training
5425,323113,training
5426,323113,training
5427,323113,training
5428,323113,validation
5429,323113,validation
5430,323113,examples
5431,323113,examples
5432,323113,test
5433,323113,test
5434,323113,examples
5435,323113,validation
5436,323117,validation
5437,323117,validation
5438,323117,training
5439,323117,examples
5440,323117,training
5441,323117,training
5442,323117,examples
5443,323117,training
5444,323117,test
5445,323117,examples
5446,323117,examples
5447,323117,training
5448,323117,validation
5449,323117,examples
5450,323117,validation
5451,323117,training
5452,323117,examples
5453,323117,examples
5454,323117,validation
5455,323117,test
5456,323117,examples
5457,323117,training
5458,323117,test
5459,323117,training
5460,323117,training
5461,323117,validation
5462,323117,training
5463,323117,examples
5464,323117,test
5465,323120,test
5466,323120,test
5467,323120,training
5468,323120,training
5469,323120,examples
5470,323120,validation
5471,323120,test
5472,323120,examples
5473,323120,training
5474,323120,test
5475,323120,training
5476,323120,examples
5477,323120,examples
5478,323120,training
5479,323120,validation
5480,323120,examples
5481,323120,training
5482,323120,validation
5483,323120,examples
5484,323120,examples
5485,323120,examples
5486,323120,validation
5487,323120,training
5488,323120,training
5489,323120,examples
5490,323120,training
5491,323120,examples
5492,323120,examples
5493,323120,validation
5494,323120,validation
5495,323120,training
5496,323120,validation
5497,323120,training
5498,323120,training
5499,323120,training
5500,323120,test
5501,323120,training
5502,323120,examples
5503,323120,validation
5504,323120,test
5505,324110,training
5506,324110,validation
5507,324110,validation
5508,324110,test
5509,324110,training
5510,324110,test
5511,324110,training
5512,324110,validation
5513,324110,training
5514,324110,examples
5515,324110,training
5516,324110,training
5517,324110,validation
5518,324110,training
5519,324110,examples
5520,324110,validation
5521,324110,training
5522,324110,training
5523,324110,examples
5524,324110,examples
5525,324110,examples
5526,324110,training
5527,324110,training
5528,324110,test
5529,324110,training
5530,324110,validation
5531,324110,validation
5532,324110,test
5533,324110,test
5534,324110,examples
5535,324110,examples
5536,324110,examples
5537,324110,training
5538,324110,examples
5539,324110,training
5540,324110,validation
5541,324110,training
5542,324110,examples
5543,324110,examples
5544,324110,examples
5545,324110,training
5546,324110,examples
5547,324110,validation
5548,324110,examples
5549,324110,examples
5550,324110,training
5551,324110,test
5552,324110,test
5553,324110,validation
5554,324110,test
5555,324110,training
5556,324121,examples
5557,324121,training
5558,324121,validation
5559,324121,training
5560,324121,training
5561,324121,examples
5562,324121,test
5563,324122,training
5564,324122,examples
5565,324122,training
5566,324122,test
5567,324122,examples
5568,324122,training
5569,324122,training
5570,324122,validation
5571,324122,validation
5572,324122,training
5573,324122,examples
5574,324122,test
5575,324122,examples
5576,324122,validation
5577,324122,examples
5578,324122,examples
5579,324122,validation
5580,324122,test
5581,324122,training
5582,324191,examples
5583,324191,test
5584,324191,test
5585,324191,validation
5586,324191,training
5587,324191,examples
5588,324191,validation
5589,324191,training
5590,324191,examples
5591,324191,examples
5592,324191,training
5593,324191,validation
5594,324191,training
5595,324199,training
5596,324199,validation
5597,324199,test
5598,324199,examples
5599,324199,examples
5600,324199,training
5601,324199,test
5602,324199,validation
5603,324199,examples
5604,324199,training
5605,324199,examples
5606,324199,training
5607,325110,validation
5608,325110,examples
5609,325110,validation
5610,325110,examples
5611,325110,validation
5612,325110,examples
5613,325110,examples
5614,325110,training
5615,325110,examples
5616,325110,examples
5617,325110,training
5618,325110,test
5619,325110,training
5620,325110,examples
5621,325110,test
5622,325110,training
5623,325110,validation
5624,325110,test
5625,325110,test
5626,325110,training
5627,325110,training
5628,325110,validation
5629,325110,examples
5630,325110,training
5631,325110,training
5632,325110,training
5633,325110,training
5634,325120,examples
5635,325120,training
5636,325120,training
5637,325120,examples
5638,325120,test
5639,325120,examples
5640,325120,training
5641,325120,validation
5642,325120,training
5643,325120,validation
5644,325120,training
5645,325120,training
5646,325120,test
5647,325120,examples
5648,325120,validation
5649,325120,training
5650,325120,examples
5651,325120,training
5652,325120,training
5653,325120,examples
5654,325120,examples
5655,325120,validation
5656,325120,test
5657,325120,validation
5658,325120,test
5659,325130,training
5660,325130,validation
5661,325130,training
5662,325130,examples
5663,325130,examples
5664,325130,examples
5665,325130,examples
5666,325130,examples
5667,325130,test
5668,325130,validation
5669,325130,validation
5670,325130,examples
5671,325130,examples
5672,325130,validation
5673,325130,test
5674,325130,validation
5675,325130,training
5676,325130,examples
5677,325130,training
5678,325130,examples
5679,325130,validation
5680,325130,examples
5681,325130,examples
5682,325130,training
5683,325130,training
5684,325130,examples
5685,325130,validation
5686,325130,test
5687,325130,training
5688,325130,validation
5689,325130,validation
5690,325130,examples
5691,325130,examples
5692,325130,validation
5693,325130,training
5694,325130,test
5695,325130,test
5696,325130,examples
5697,325130,training
5698,325130,test
5699,325130,training
5700,325130,validation
5701,325130,training
5702,325130,examples
5703,325130,examples
5704,325130,training
5705,325130,training
5706,325130,training
5707,325130,training
5708,325130,training
5709,325130,validation
5710,325130,training
5711,325130,test
5712,325130,training
5713,325130,training
5714,325130,test
5715,325130,training
5716,325130,examples
5717,325130,training
5718,325130,training
5719,325130,examples
5720,325130,test
5721,325180,examples
5722,325180,training
5723,325180,test
5724,325180,training
5725,325180,examples
5726,325180,validation
5727,325180,training
5728,325180,test
5729,325180,examples
5730,325180,training
5731,325180,training
5732,325180,training
5733,325180,validation
5734,325180,training
5735,325180,test
5736,325180,training
5737,325180,training
5738,325180,validation
5739,325180,training
5740,325180,examples
5741,325180,examples
5742,325180,training
5743,325180,examples
5744,325180,test
5745,325180,training
5746,325180,validation
5747,325180,training
5748,325180,training
5749,325180,training
5750,325180,training
5751,325180,training
5752,325180,examples
5753,325180,examples
5754,325180,validation
5755,325180,validation
5756,325180,examples
5757,325180,examples
5758,325180,training
5759,325180,training
5760,325180,validation
5761,325180,test
5762,325180,training
5763,325180,training
5764,325180,examples
5765,325180,training
5766,325180,validation
5767,325180,examples
5768,325180,test
5769,325180,validation
5770,325180,training
5771,325180,training
5772,325180,test
5773,325180,validation
5774,325180,examples
5775,325180,test
5776,325180,validation
5777,325180,examples
5778,325180,examples
5779,325180,training
5780,325180,examples
5781,325180,examples
5782,325180,test
5783,325180,test
5784,325180,training
5785,325180,test
5786,325180,training
5787,325180,test
5788,325180,examples
5789,325180,examples
5790,325180,examples
5791,325180,training
5792,325180,training
5793,325180,examples
5794,325180,training
5795,325180,examples
5796,325180,examples
5797,325180,test
5798,325180,validation
5799,325180,training
5800,325180,training
5801,325180,validation
5802,325180,test
5803,325180,training
5804,325180,validation
5805,325180,examples
5806,325180,test
5807,325180,validation
5808,325180,validation
5809,325180,training
5810,325180,training
5811,325180,test
5812,325180,examples
5813,325180,validation
5814,325180,validation
5815,325180,training
5816,325180,training
5817,325180,test
5818,325180,validation
5819,325180,training
5820,325180,validation
5821,325180,training
5822,325180,examples
5823,325180,training
5824,325180,training
5825,325180,examples
5826,325180,examples
5827,325180,examples
5828,325180,training
5829,325180,examples
5830,325180,examples
5831,325180,examples
5832,325180,training
5833,325180,examples
5834,325180,examples
5835,325180,validation
5836,325180,examples
5837,325180,training
5838,325180,test
5839,325180,test
5840,325180,test
5841,325180,examples
5842,325180,training
5843,325180,examples
5844,325180,validation
5845,325180,training
5846,325180,validation
5847,325180,examples
5848,325180,training
5849,325180,training
5850,325180,validation
5851,325180,test
5852,325180,training
5853,325180,examples
5854,325180,test
5855,325180,training
5856,325180,validation
5857,325180,training
5858,325180,examples
5859,325180,training
5860,325180,test
5861,325180,validation
5862,325180,examples
5863,325180,test
5864,325180,training
5865,325180,training
5866,325180,test
5867,325180,examples
5868,325180,examples
5869,325180,examples
5870,325180,training
5871,325180,validation
5872,325180,examples
5873,325180,examples
5874,325180,training
5875,325180,examples
5876,325180,examples
5877,325180,validation
5878,325180,examples
5879,325180,examples
5880,325180,examples
5881,325180,validation
5882,325180,training
5883,325180,training
5884,325180,examples
5885,325180,examples
5886,325180,training
5887,325180,test
5888,325180,examples
5889,325180,validation
5890,325180,validation
5891,325180,test
5892,325180,test
5893,325180,training
5894,325180,training
5895,325180,training
5896,325180,training
5897,325180,examples
5898,325180,test
5899,325180,examples
5900,325180,training
5901,325180,test
5902,325180,validation
5903,325180,training
5904,325180,training
5905,325180,training
5906,325180,validation
5907,325180,validation
5908,325180,validation
5909,325180,examples
5910,325180,validation
5911,325180,training
5912,325180,validation
5913,325180,validation
5914,325180,examples
5915,325180,examples
5916,325180,validation
5917,325180,training
5918,325180,validation
5919,325193,test
5920,325193,examples
5921,325193,training
5922,325193,validation
5923,325194,examples
5924,325194,examples
5925,325194,training
5926,325194,training
5927,325194,validation
5928,325194,training
5929,325194,training
5930,325194,examples
5931,325194,training
5932,325194,examples
5933,325194,training
5934,325194,examples
5935,325194,test
5936,325194,examples
5937,325194,test
5938,325194,training
5939,325194,validation
5940,325194,validation
5941,325194,training
5942,325194,test
5943,325194,validation
5944,325194,training
5945,325194,validation
5946,325194,training
5947,325194,test
5948,325194,training
5949,325194,examples
5950,325194,examples
5951,325194,examples
5952,325194,validation
5953,325194,test
5954,325194,validation
5955,325194,validation
5956,325194,examples
5957,325194,test
5958,325194,training
5959,325194,training
5960,325194,validation
5961,325194,training
5962,325194,test
5963,325194,training
5964,325194,training
5965,325194,examples
5966,325194,training
5967,325194,training
5968,325194,test
5969,325194,validation
5970,325194,examples
5971,325194,training
5972,325194,examples
5973,325194,examples
5974,325194,training
5975,325194,validation
5976,325194,examples
5977,325194,training
5978,325194,training
5979,325194,test
5980,325194,training
5981,325194,test
5982,325194,examples
5983,325194,validation
5984,325194,test
5985,325194,training
5986,325194,validation
5987,325194,training
5988,325194,examples
5989,325194,validation
5990,325194,training
5991,325194,examples
5992,325194,examples
5993,325194,validation
5994,325194,examples
5995,325194,validation
5996,325194,test
5997,325194,examples
5998,325194,test
5999,325194,examples
6000,325194,validation
6001,325194,examples
6002,325194,training
6003,325194,training
6004,325194,validation
6005,325194,examples
6006,325194,training
6007,325194,validation
6008,325194,training
6009,325194,validation
6010,325194,training
6011,325194,training
6012,325194,training
6013,325194,training
6014,325194,examples
6015,325194,examples
6016,325194,examples
6017,325194,examples
6018,325194,test
6019,325194,test
6020,325194,examples
6021,325194,training
6022,325194,examples
6023,325199,training
6024,325199,validation
6025,325199,training
6026,325199,validation
6027,325199,test
6028,325199,test
6029,325199,test
6030,325199,examples
6031,325199,validation
6032,325199,training
6033,325199,test
6034,325199,training
6035,325199,training
6036,325199,training
6037,325199,validation
6038,325199,test
6039,325199,training
6040,325199,test
6041,325199,training
6042,325199,training
6043,325199,training
6044,325199,test
6045,325199,test
6046,325199,test
6047,325199,training
6048,325199,training
6049,325199,validation
6050,325199,training
6051,325199,training
6052,325199,test
6053,325199,training
6054,325199,training
6055,325199,examples
6056,325199,validation
6057,325199,examples
6058,325199,validation
6059,325199,test
6060,325199,training
6061,325199,examples
6062,325199,validation
6063,325199,validation
6064,325199,validation
6065,325199,training
6066,325199,test
6067,325199,training
6068,325199,training
6069,325199,training
6070,325199,validation
6071,325199,training
6072,325199,test
6073,325199,examples
6074,325199,examples
6075,325199,validation
6076,325199,training
6077,325199,examples
6078,325199,test
6079,325199,training
6080,325199,validation
6081,325199,validation
6082,325199,examples
6083,325199,examples
6084,325199,training
6085,325199,validation
6086,325199,training
6087,325199,training
6088,325199,examples
6089,325199,examples
6090,325199,test
6091,325199,training
6092,325199,examples
6093,325199,examples
6094,325199,examples
6095,325199,validation
6096,325199,validation
6097,325199,examples
6098,325199,examples
6099,325199,examples
6100,325199,validation
6101,325199,training
6102,325199,training
6103,325199,validation
6104,325199,training
6105,325199,validation
6106,325199,validation
6107,325199,training
6108,325199,training
6109,325199,examples
6110,325199,training
6111,325199,test
6112,325199,test
6113,325199,training
6114,325199,test
6115,325199,test
6116,325199,training
6117,325199,training
6118,325199,validation
6119,325199,training
6120,325199,training
6121,325199,training
6122,325199,examples
6123,325199,training
6124,325199,examples
6125,325199,training
6126,325199,examples
6127,325199,examples
6128,325199,validation
6129,325199,training
6130,325199,examples
6131,325199,training
6132,325199,training
6133,325199,examples
6134,325199,examples
6135,325199,validation
6136,325199,training
6137,325199,examples
6138,325199,training
6139,325199,examples
6140,325199,examples
6141,325199,training
6142,325199,examples
6143,325199,training
6144,325199,examples
6145,325199,test
6146,325199,examples
6147,325199,test
6148,325199,examples
6149,325199,training
6150,325199,examples
6151,325199,validation
6152,325199,training
6153,325199,examples
6154,325199,test
6155,325199,training
6156,325199,examples
6157,325199,examples
6158,325199,examples
6159,325199,test
6160,325199,validation
6161,325199,examples
6162,325199,validation
6163,325199,test
6164,325199,validation
6165,325199,validation
6166,325199,examples
6167,325199,validation
6168,325199,examples
6169,325199,examples
6170,325199,examples
6171,325199,examples
6172,325199,training
6173,325199,examples
6174,325199,validation
6175,325199,examples
6176,325199,examples
6177,325199,training
6178,325199,examples
6179,325199,training
6180,325211,examples
6181,325211,examples
6182,325211,test
6183,325211,training
6184,325211,examples
6185,325211,validation
6186,325211,training
6187,325211,examples
6188,325211,training
6189,325211,training
6190,325211,test
6191,325211,validation
6192,325211,examples
6193,325211,examples
6194,325211,training
6195,325211,training
6196,325211,validation
6197,325211,training
6198,325211,examples
6199,325211,training
6200,325211,examples
6201,325211,validation
6202,325211,training
6203,325211,training
6204,325211,examples
6205,325211,examples
6206,325211,test
6207,325211,validation
6208,325211,training
6209,325211,test
6210,325211,training
6211,325211,examples
6212,325211,validation
6213,325211,validation
6214,325211,training
6215,325211,examples
6216,325211,training
6217,325211,examples
6218,325211,examples
6219,325211,examples
6220,325211,examples
6221,325211,training
6222,325211,test
6223,325211,test
6224,325211,examples
6225,325211,validation
6226,325211,validation
6227,325211,training
6228,325211,test
6229,325211,training
6230,325211,test
6231,325211,examples
6232,325211,training
6233,325211,validation
6234,325211,examples
6235,325211,examples
6236,325211,training
6237,325211,training
6238,325211,training
6239,325211,training
6240,325211,validation
6241,325211,validation
6242,325211,validation
6243,325211,examples
6244,325211,training
6245,325211,test
6246,325211,examples
6247,325211,training
6248,325211,test
6249,325211,examples
6250,325211,training
6251,325211,validation
6252,325211,training
6253,325211,validation
6254,325211,examples
6255,325211,validation
6256,325211,validation
6257,325211,test
6258,325211,training
6259,325211,training
6260,325211,examples
6261,325211,test
6262,325211,training
6263,325212,training
6264,325212,validation
6265,325212,examples
6266,325212,examples
6267,325212,validation
6268,325212,examples
6269,325212,examples
6270,325212,examples
6271,325212,examples
6272,325212,training
6273,325212,training
6274,325212,examples
6275,325212,training
6276,325212,training
6277,325212,validation
6278,325212,training
6279,325212,training
6280,325212,validation
6281,325212,test
6282,325212,examples
6283,325212,training
6284,325212,training
6285,325212,training
6286,325212,examples
6287,325212,test
6288,325212,validation
6289,325212,test
6290,325212,validation
6291,325212,training
6292,325212,training
6293,325212,examples
6294,325212,test
6295,325212,training
6296,325212,examples
6297,325212,validation
6298,325212,test
6299,325212,validation
6300,325212,training
6301,325212,test
6302,325212,training
6303,325212,examples
6304,325220,examples
6305,325220,validation
6306,325220,examples
6307,325220,examples
6308,325220,examples
6309,325220,test
6310,325220,examples
6311,325220,training
6312,325220,examples
6313,325220,test
6314,325220,training
6315,325220,examples
6316,325220,examples
6317,325220,validation
6318,325220,training
6319,325220,training
6320,325220,validation
6321,325220,training
6322,325220,test
6323,325220,examples
6324,325220,training
6325,325220,validation
6326,325220,validation
6327,325220,test
6328,325220,validation
6329,325220,validation
6330,325220,training
6331,325220,examples
6332,325220,validation
6333,325220,examples
6334,325220,examples
6335,325220,test
6336,325220,training
6337,325220,training
6338,325220,examples
6339,325220,training
6340,325220,training
6341,325220,examples
6342,325220,training
6343,325220,training
6344,325220,validation
6345,325220,training
6346,325220,training
6347,325220,validation
6348,325220,training
6349,325220,training
6350,325220,examples
6351,325220,test
6352,325220,test
6353,325311,training
6354,325311,validation
6355,325311,examples
6356,325311,examples
6357,325311,examples
6358,325311,training
6359,325311,test
6360,325311,test
6361,325311,training
6362,325311,examples
6363,325311,validation
6364,325311,training
6365,325312,test
6366,325312,examples
6367,325312,validation
6368,325312,training
6369,325312,validation
6370,325312,training
6371,325312,training
6372,325312,examples
6373,325314,test
6374,325314,training
6375,325314,validation
6376,325314,examples
6377,325314,training
6378,325314,examples
6379,325315,training
6380,325315,examples
6381,325320,test
6382,325320,examples
6383,325320,training
6384,325320,examples
6385,325320,test
6386,325320,training
6387,325320,training
6388,325320,validation
6389,325320,examples
6390,325320,examples
6391,325320,training
6392,325320,examples
6393,325320,validation
6394,325320,training
6395,325320,validation
6396,325320,training
6397,325320,examples
6398,325320,test
6399,325320,training
6400,325320,validation
6401,325320,examples
6402,325320,examples
6403,325320,examples
6404,325320,examples
6405,325320,training
6406,325320,training
6407,325320,training
6408,325320,examples
6409,325320,validation
6410,325320,examples
6411,325320,test
6412,325320,training
6413,325320,test
6414,325320,training
6415,325320,validation
6416,325320,examples
6417,325320,training
6418,325320,training
6419,325320,test
6420,325320,validation
6421,325320,validation
6422,325320,training
6423,325320,validation
6424,325411,training
6425,325411,training
6426,325411,training
6427,325411,training
6428,325411,training
6429,325411,training
6430,325411,examples
6431,325411,validation
6432,325411,training
6433,325411,training
6434,325411,examples
6435,325411,training
6436,325411,validation
6437,325411,test
6438,325411,validation
6439,325411,training
6440,325411,examples
6441,325411,training
6442,325411,test
6443,325411,training
6444,325411,examples
6445,325411,examples
6446,325411,training
6447,325411,examples
6448,325411,examples
6449,325411,examples
6450,325411,validation
6451,325411,training
6452,325411,training
6453,325411,training
6454,325411,training
6455,325411,test
6456,325411,examples
6457,325411,training
6458,325411,test
6459,325411,test
6460,325411,examples
6461,325411,examples
6462,325411,examples
6463,325411,examples
6464,325411,validation
6465,325411,test
6466,325411,training
6467,325411,examples
6468,325411,validation
6469,325411,test
6470,325411,validation
6471,325411,validation
6472,325411,examples
6473,325411,examples
6474,325411,validation
6475,325411,validation
6476,325411,training
6477,325411,examples
6478,325411,validation
6479,325411,validation
6480,325411,test
6481,325411,training
6482,325411,examples
6483,325411,test
6484,325412,training
6485,325412,examples
6486,325412,test
6487,325412,training
6488,325412,validation
6489,325412,test
6490,325412,training
6491,325412,test
6492,325412,examples
6493,325412,validation
6494,325412,training
6495,325412,examples
6496,325412,examples
6497,325412,examples
6498,325412,training
6499,325412,test
6500,325412,validation
6501,325412,training
6502,325412,training
6503,325412,test
6504,325412,training
6505,325412,training
6506,325412,training
6507,325412,test
6508,325412,examples
6509,325412,training
6510,325412,training
6511,325412,test
6512,325412,validation
6513,325412,validation
6514,325412,training
6515,325412,examples
6516,325412,examples
6517,325412,validation
6518,325412,training
6519,325412,validation
6520,325412,examples
6521,325412,training
6522,325412,training
6523,325412,training
6524,325412,validation
6525,325412,validation
6526,325412,training
6527,325412,test
6528,325412,examples
6529,325412,examples
6530,325412,examples
6531,325412,examples
6532,325412,examples
6533,325412,training
6534,325412,training
6535,325412,training
6536,325412,validation
6537,325412,examples
6538,325412,examples
6539,325412,training
6540,325412,validation
6541,325412,training
6542,325412,training
6543,325412,test
6544,325412,test
6545,325412,examples
6546,325412,training
6547,325412,test
6548,325412,training
6549,325412,examples
6550,325412,validation
6551,325412,validation
6552,325412,examples
6553,325412,examples
6554,325412,examples
6555,325412,examples
6556,325412,validation
6557,325412,validation
6558,325413,validation
6559,325413,validation
6560,325413,validation
6561,325413,examples
6562,325413,training
6563,325413,training
6564,325413,test
6565,325413,examples
6566,325413,examples
6567,325413,training
6568,325413,test
6569,325413,training
6570,325413,examples
6571,325414,test
6572,325414,test
6573,325414,examples
6574,325414,validation
6575,325414,examples
6576,325414,training
6577,325414,training
6578,325414,training
6579,325414,examples
6580,325414,validation
6581,325414,training
6582,325414,examples
6583,325414,test
6584,325414,examples
6585,325414,training
6586,325414,training
6587,325414,validation
6588,325414,examples
6589,325414,validation
6590,325414,examples
6591,325414,training
6592,325414,training
6593,325510,training
6594,325510,examples
6595,325510,test
6596,325510,validation
6597,325510,test
6598,325510,validation
6599,325510,test
6600,325510,test
6601,325510,examples
6602,325510,validation
6603,325510,test
6604,325510,validation
6605,325510,training
6606,325510,training
6607,325510,examples
6608,325510,examples
6609,325510,examples
6610,325510,training
6611,325510,training
6612,325510,validation
6613,325510,training
6614,325510,training
6615,325510,training
6616,325510,examples
6617,325510,examples
6618,325510,examples
6619,325510,training
6620,325510,training
6621,325510,validation
6622,325510,examples
6623,325510,training
6624,325520,examples
6625,325520,test
6626,325520,examples
6627,325520,training
6628,325520,validation
6629,325520,validation
6630,325520,examples
6631,325520,training
6632,325520,test
6633,325520,training
6634,325520,examples
6635,325520,training
6636,325520,training
6637,325520,training
6638,325520,examples
6639,325520,validation
6640,325611,validation
6641,325611,examples
6642,325611,examples
6643,325611,test
6644,325611,training
6645,325611,training
6646,325611,examples
6647,325611,validation
6648,325611,training
6649,325611,examples
6650,325611,examples
6651,325611,training
6652,325611,test
6653,325611,training
6654,325611,training
6655,325611,validation
6656,325612,training
6657,325612,training
6658,325612,examples
6659,325612,training
6660,325612,validation
6661,325612,examples
6662,325612,test
6663,325612,test
6664,325612,training
6665,325612,examples
6666,325612,test
6667,325612,validation
6668,325612,training
6669,325612,training
6670,325612,examples
6671,325612,training
6672,325612,test
6673,325612,training
6674,325612,test
6675,325612,validation
6676,325612,validation
6677,325612,training
6678,325612,validation
6679,325612,training
6680,325612,validation
6681,325612,examples
6682,325612,examples
6683,325612,test
6684,325612,examples
6685,325612,validation
6686,325612,training
6687,325612,training
6688,325612,examples
6689,325612,training
6690,325612,training
6691,325612,examples
6692,325612,examples
6693,325612,validation
6694,325612,training
6695,325612,examples
6696,325612,test
6697,325612,examples
6698,325612,examples
6699,325612,validation
6700,325613,training
6701,325613,test
6702,325613,validation
6703,325613,examples
6704,325613,examples
6705,325613,examples
6706,325613,test
6707,325613,training
6708,325613,examples
6709,325613,validation
6710,325613,training
6711,325613,training
6712,325620,validation
6713,325620,test
6714,325620,training
6715,325620,examples
6716,325620,examples
6717,325620,examples
6718,325620,validation
6719,325620,examples
6720,325620,training
6721,325620,training
6722,325620,validation
6723,325620,validation
6724,325620,test
6725,325620,examples
6726,325620,training
6727,325620,examples
6728,325620,training
6729,325620,examples
6730,325620,training
6731,325620,test
6732,325620,examples
6733,325620,training
6734,325620,validation
6735,325620,validation
6736,325620,examples
6737,325620,examples
6738,325620,validation
6739,325620,training
6740,325620,training
6741,325620,training
6742,325620,training
6743,325620,test
6744,325620,examples
6745,325620,training
6746,325620,examples
6747,325620,training
6748,325620,training
6749,325620,test
6750,325620,validation
6751,325620,test
6752,325620,training
6753,325620,examples
6754,325910,validation
6755,325910,examples
6756,325910,test
6757,325910,examples
6758,325910,training
6759,325910,training
6760,325910,training
6761,325910,training
6762,325910,examples
6763,325910,examples
6764,325910,test
6765,325910,examples
6766,325910,training
6767,325910,validation
6768,325910,validation
6769,325920,training
6770,325920,validation
6771,325920,test
6772,325920,validation
6773,325920,training
6774,325920,validation
6775,325920,examples
6776,325920,test
6777,325920,training
6778,325920,examples
6779,325920,training
6780,325920,examples
6781,325920,validation
6782,325920,validation
6783,325920,test
6784,325920,training
6785,325920,examples
6786,325920,training
6787,325920,training
6788,325920,examples
6789,325920,training
6790,325920,examples
6791,325920,examples
6792,325991,training
6793,325991,validation
6794,325991,training
6795,325991,examples
6796,325992,training
6797,325992,validation
6798,325992,test
6799,325992,test
6800,325992,examples
6801,325992,training
6802,325992,training
6803,325992,test
6804,325992,validation
6805,325992,examples
6806,325992,training
6807,325992,examples
6808,325992,training
6809,325992,training
6810,325992,examples
6811,325992,training
6812,325992,validation
6813,325992,examples
6814,325992,training
6815,325992,examples
6816,325992,validation
6817,325998,test
6818,325998,examples
6819,325998,examples
6820,325998,training
6821,325998,training
6822,325998,examples
6823,325998,training
6824,325998,training
6825,325998,examples
6826,325998,examples
6827,325998,validation
6828,325998,training
6829,325998,test
6830,325998,training
6831,325998,validation
6832,325998,validation
6833,325998,training
6834,325998,test
6835,325998,training
6836,325998,examples
6837,325998,test
6838,325998,training
6839,325998,examples
6840,325998,validation
6841,325998,validation
6842,325998,test
6843,325998,examples
6844,325998,examples
6845,325998,examples
6846,325998,validation
6847,325998,test
6848,325998,training
6849,325998,validation
6850,325998,training
6851,325998,training
6852,325998,training
6853,325998,training
6854,325998,training
6855,325998,validation
6856,325998,examples
6857,325998,examples
6858,325998,test
6859,325998,training
6860,325998,validation
6861,325998,training
6862,325998,validation
6863,325998,training
6864,325998,test
6865,325998,training
6866,325998,training
6867,325998,training
6868,325998,examples
6869,325998,examples
6870,325998,examples
6871,325998,validation
6872,325998,training
6873,325998,test
6874,325998,examples
6875,325998,training
6876,325998,examples
6877,325998,validation
6878,325998,examples
6879,325998,training
6880,325998,test
6881,325998,test
6882,325998,examples
6883,325998,training
6884,325998,examples
6885,325998,examples
6886,325998,training
6887,325998,validation
6888,325998,training
6889,325998,training
6890,325998,validation
6891,325998,test
6892,325998,validation
6893,325998,validation
6894,325998,examples
6895,325998,examples
6896,325998,training
6897,325998,validation
6898,325998,examples
6899,325998,training
6900,325998,test
6901,325998,validation
6902,325998,examples
6903,325998,examples
6904,325998,training
6905,325998,examples
6906,326111,examples
6907,326111,test
6908,326111,examples
6909,326111,validation
6910,326111,training
6911,326111,training
6912,326112,training
6913,326112,examples
6914,326112,validation
6915,326113,test
6916,326113,examples
6917,326113,training
6918,326113,examples
6919,326113,training
6920,326113,training
6921,326113,test
6922,326113,validation
6923,326113,examples
6924,326113,training
6925,326113,validation
6926,326121,test
6927,326121,training
6928,326121,training
6929,326121,validation
6930,326121,examples
6931,326122,training
6932,326122,examples
6933,326122,training
6934,326122,validation
6935,326122,test
6936,326130,training
6937,326130,test
6938,326130,validation
6939,326130,examples
6940,326130,training
6941,326140,training
6942,326140,examples
6943,326140,validation
6944,326140,training
6945,326140,training
6946,326140,training
6947,326140,examples
6948,326140,examples
6949,326140,validation
6950,326140,examples
6951,326140,validation
6952,326140,test
6953,326140,training
6954,326140,test
6955,326150,training
6956,326150,training
6957,326150,examples
6958,326150,test
6959,326150,training
6960,326150,examples
6961,326150,test
6962,326150,validation
6963,326150,examples
6964,326150,training
6965,326150,validation
6966,326160,examples
6967,326191,training
6968,326191,examples
6969,326191,training
6970,326191,examples
6971,326191,examples
6972,326191,test
6973,326191,training
6974,326191,test
6975,326191,validation
6976,326191,validation
6977,326191,training
6978,326191,examples
6979,326199,training
6980,326199,test
6981,326199,validation
6982,326199,validation
6983,326199,test
6984,326199,training
6985,326199,examples
6986,326199,training
6987,326199,training
6988,326199,validation
6989,326199,examples
6990,326199,training
6991,326199,training
6992,326199,examples
6993,326199,test
6994,326199,training
6995,326199,examples
6996,326199,examples
6997,326199,examples
6998,326199,validation
6999,326199,training
7000,326199,training
7001,326199,training
7002,326199,examples
7003,326199,training
7004,326199,examples
7005,326199,examples
7006,326199,examples
7007,326199,training
7008,326199,test
7009,326199,examples
7010,326199,training
7011,326199,training
7012,326199,validation
7013,326199,training
7014,326199,examples
7015,326199,test
7016,326199,examples
7017,326199,validation
7018,326199,examples
7019,326199,examples
7020,326199,examples
7021,326199,validation
7022,326199,training
7023,326199,training
7024,326199,examples
7025,326199,validation
7026,326199,test
7027,326199,training
7028,326199,training
7029,326199,training
7030,326199,validation
7031,326199,validation
7032,326199,validation
7033,326199,training
7034,326199,validation
7035,326199,examples
7036,326199,training
7037,326199,examples
7038,326199,training
7039,326199,training
7040,326199,training
7041,326199,examples
7042,326199,examples
7043,326199,validation
7044,326199,training
7045,326199,training
7046,326199,test
7047,326199,examples
7048,326199,examples
7049,326199,test
7050,326199,test
7051,326199,examples
7052,326199,training
7053,326199,validation
7054,326199,test
7055,326199,training
7056,326199,test
7057,326199,validation
7058,326199,test
7059,326199,validation
7060,326199,validation
7061,326199,examples
7062,326211,training
7063,326211,test
7064,326211,examples
7065,326211,examples
7066,326211,validation
7067,326211,training
7068,326211,training
7069,326211,validation
7070,326212,training
7071,326212,examples
7072,326212,test
7073,326212,validation
7074,326220,test
7075,326220,validation
7076,326220,training
7077,326220,validation
7078,326220,validation
7079,326220,examples
7080,326220,examples
7081,326220,examples
7082,326220,test
7083,326220,training
7084,326220,examples
7085,326220,examples
7086,326220,training
7087,326220,training
7088,326220,test
7089,326220,training
7090,326220,training
7091,326220,validation
7092,326291,validation
7093,326291,examples
7094,326291,training
7095,326299,examples
7096,326299,examples
7097,326299,training
7098,326299,validation
7099,326299,test
7100,326299,training
7101,326299,training
7102,326299,validation
7103,326299,training
7104,326299,examples
7105,326299,training
7106,326299,examples
7107,326299,test
7108,326299,test
7109,326299,validation
7110,326299,training
7111,326299,test
7112,326299,examples
7113,326299,examples
7114,326299,examples
7115,326299,examples
7116,326299,test
7117,326299,validation
7118,326299,validation
7119,326299,training
7120,326299,training
7121,326299,examples
7122,326299,validation
7123,326299,training
7124,326299,training
7125,326299,test
7126,326299,examples
7127,326299,training
7128,326299,validation
7129,326299,validation
7130,326299,training
7131,326299,examples
7132,326299,training
7133,326299,examples
7134,326299,training
7135,327110,validation
7136,327110,test
7137,327110,training
7138,327110,test
7139,327110,training
7140,327110,validation
7141,327110,validation
7142,327110,examples
7143,327110,training
7144,327110,training
7145,327110,examples
7146,327110,training
7147,327110,training
7148,327110,examples
7149,327110,examples
7150,327110,test
7151,327110,training
7152,327110,validation
7153,327110,examples
7154,327110,test
7155,327110,training
7156,327110,training
7157,327110,training
7158,327110,training
7159,327110,validation
7160,327110,examples
7161,327110,examples
7162,327110,training
7163,327110,examples
7164,327110,training
7165,327110,training
7166,327110,test
7167,327110,examples
7168,327110,examples
7169,327110,validation
7170,327110,training
7171,327110,training
7172,327110,validation
7173,327110,examples
7174,327110,test
7175,327110,training
7176,327110,validation
7177,327110,training
7178,327110,validation
7179,327110,examples
7180,327110,test
7181,327110,training
7182,327110,training
7183,327110,training
7184,327110,test
7185,327110,examples
7186,327110,examples
7187,327110,examples
7188,327110,validation
7189,327110,examples
7190,327110,examples
7191,327110,training
7192,327110,examples
7193,327110,examples
7194,327110,training
7195,327110,validation
7196,327110,test
7197,327110,validation
7198,327110,training
7199,327110,training
7200,327110,examples
7201,327110,examples
7202,327110,validation
7203,327110,test
7204,327110,test
7205,327110,examples
7206,327110,validation
7207,327120,training
7208,327120,examples
7209,327120,validation
7210,327120,test
7211,327120,validation
7212,327120,examples
7213,327120,examples
7214,327120,training
7215,327120,test
7216,327120,training
7217,327120,test
7218,327120,training
7219,327120,examples
7220,327120,test
7221,327120,training
7222,327120,training
7223,327120,examples
7224,327120,training
7225,327120,examples
7226,327120,training
7227,327120,training
7228,327120,validation
7229,327120,test
7230,327120,validation
7231,327120,training
7232,327120,examples
7233,327120,training
7234,327120,validation
7235,327120,validation
7236,327120,training
7237,327120,test
7238,327120,training
7239,327120,examples
7240,327120,training
7241,327120,training
7242,327120,examples
7243,327120,examples
7244,327120,training
7245,327120,examples
7246,327120,examples
7247,327120,validation
7248,327120,test
7249,327120,validation
7250,327120,examples
7251,327120,training
7252,327120,examples
7253,327120,test
7254,327120,training
7255,327120,examples
7256,327120,validation
7257,327120,validation
7258,327211,training
7259,327211,examples
7260,327211,validation
7261,327211,training
7262,327211,test
7263,327212,examples
7264,327212,training
7265,327212,examples
7266,327212,test
7267,327212,examples
7268,327212,training
7269,327212,test
7270,327212,test
7271,327212,training
7272,327212,training
7273,327212,training
7274,327212,test
7275,327212,examples
7276,327212,test
7277,327212,validation
7278,327212,validation
7279,327212,validation
7280,327212,examples
7281,327212,validation
7282,327212,examples
7283,327212,examples
7284,327212,validation
7285,327212,test
7286,327212,training
7287,327212,validation
7288,327212,validation
7289,327212,examples
7290,327212,training
7291,327212,examples
7292,327212,examples
7293,327212,training
7294,327212,validation
7295,327212,examples
7296,327212,training
7297,327212,examples
7298,327212,training
7299,327212,training
7300,327212,training
7301,327212,training
7302,327212,training
7303,327213,test
7304,327213,training
7305,327213,examples
7306,327213,validation
7307,327213,validation
7308,327213,training
7309,327213,training
7310,327213,examples
7311,327215,training
7312,327215,examples
7313,327215,training
7314,327215,validation
7315,327215,examples
7316,327215,validation
7317,327215,validation
7318,327215,training
7319,327215,training
7320,327215,test
7321,327215,examples
7322,327215,validation
7323,327215,validation
7324,327215,training
7325,327215,examples
7326,327215,training
7327,327215,validation
7328,327215,training
7329,327215,training
7330,327215,test
7331,327215,training
7332,327215,examples
7333,327215,training
7334,327215,training
7335,327215,examples
7336,327215,examples
7337,327215,validation
7338,327215,examples
7339,327215,test
7340,327215,examples
7341,327215,training
7342,327215,training
7343,327215,examples
7344,327215,test
7345,327215,validation
7346,327215,examples
7347,327215,test
7348,327215,examples
7349,327215,examples
7350,327215,validation
7351,327215,training
7352,327215,test
7353,327215,training
7354,327310,validation
7355,327310,training
7356,327310,examples
7357,327320,test
7358,327320,examples
7359,327320,validation
7360,327320,training
7361,327320,training
7362,327331,examples
7363,327331,training
7364,327331,examples
7365,327331,validation
7366,327331,test
7367,327331,examples
7368,327331,validation
7369,327331,training
7370,327331,training
7371,327331,training
7372,327332,validation
7373,327332,examples
7374,327332,validation
7375,327332,test
7376,327332,training
7377,327332,examples
7378,327332,examples
7379,327332,training
7380,327332,training
7381,327390,test
7382,327390,validation
7383,327390,validation
7384,327390,training
7385,327390,training
7386,327390,examples
7387,327390,training
7388,327390,training
7389,327390,examples
7390,327390,examples
7391,327390,examples
7392,327390,examples
7393,327390,training
7394,327390,training
7395,327390,test
7396,327390,training
7397,327390,training
7398,327390,examples
7399,327390,validation
7400,327390,examples
7401,327390,test
7402,327390,test
7403,327390,training
7404,327390,validation
7405,327390,validation
7406,327410,training
7407,327410,training
7408,327410,examples
7409,327410,validation
7410,327410,test
7411,327410,examples
7412,327410,validation
7413,327410,training
7414,327420,test
7415,327420,validation
7416,327420,training
7417,327420,examples
7418,327420,validation
7419,327420,examples
7420,327420,test
7421,327420,validation
7422,327420,validation
7423,327420,training
7424,327420,examples
7425,327420,training
7426,327420,test
7427,327420,examples
7428,327420,examples
7429,327420,training
7430,327420,training
7431,327420,training
7432,327420,validation
7433,327420,training
7434,327420,test
7435,327420,training
7436,327420,examples
7437,327420,training
7438,327420,examples
7439,327910,examples
7440,327910,examples
7441,327910,examples
7442,327910,training
7443,327910,training
7444,327910,examples
7445,327910,validation
7446,327910,training
7447,327910,test
7448,327910,training
7449,327910,validation
7450,327910,examples
7451,327910,validation
7452,327910,training
7453,327910,test
7454,327910,training
7455,327910,test
7456,327991,examples
7457,327991,training
7458,327991,training
7459,327991,training
7460,327991,training
7461,327991,training
7462,327991,examples
7463,327991,training
7464,327991,test
7465,327991,examples
7466,327991,validation
7467,327991,validation
7468,327991,validation
7469,327991,validation
7470,327991,test
7471,327991,examples
7472,327991,examples
7473,327991,test
7474,327992,validation
7475,327992,examples
7476,327992,examples
7477,327992,validation
7478,327992,test
7479,327992,examples
7480,327992,validation
7481,327992,training
7482,327992,training
7483,327992,training
7484,327992,examples
7485,327992,training
7486,327992,examples
7487,327992,training
7488,327992,examples
7489,327992,validation
7490,327992,test
7491,327992,test
7492,327992,training
7493,327992,training
7494,327992,training
7495,327992,examples
7496,327993,test
7497,327993,training
7498,327993,validation
7499,327993,examples
7500,327999,examples
7501,327999,training
7502,327999,training
7503,327999,test
7504,327999,training
7505,327999,test
7506,327999,examples
7507,327999,validation
7508,327999,examples
7509,327999,examples
7510,327999,training
7511,327999,test
7512,327999,validation
7513,327999,validation
7514,327999,examples
7515,327999,training
7516,327999,training
7517,331110,validation
7518,331110,validation
7519,331110,training
7520,331110,training
7521,331110,examples
7522,331110,examples
7523,331110,training
7524,331110,test
7525,331110,examples
7526,331110,examples
7527,331110,training
7528,331110,test
7529,331110,examples
7530,331110,training
7531,331110,examples
7532,331110,validation
7533,331110,examples
7534,331110,training
7535,331110,examples
7536,331110,training
7537,331110,examples
7538,331110,validation
7539,331110,training
7540,331110,examples
7541,331110,training
7542,331110,training
7543,331110,test
7544,331110,validation
7545,331110,test
7546,331110,validation
7547,331110,validation
7548,331110,test
7549,331110,examples
7550,331110,examples
7551,331110,validation
7552,331110,test
7553,331110,test
7554,331110,training
7555,331110,validation
7556,331110,training
7557,331110,examples
7558,331110,training
7559,331110,training
7560,331110,test
7561,331110,examples
7562,331110,training
7563,331110,training
7564,331110,training
7565,331110,training
7566,331110,validation
7567,331110,training
7568,331110,training
7569,331110,test
7570,331110,test
7571,331110,training
7572,331110,training
7573,331110,training
7574,331110,examples
7575,331110,test
7576,331110,validation
7577,331110,validation
7578,331110,examples
7579,331110,training
7580,331110,examples
7581,331110,examples
7582,331110,training
7583,331110,test
7584,331110,examples
7585,331110,training
7586,331110,validation
7587,331110,examples
7588,331110,test
7589,331110,test
7590,331110,examples
7591,331110,validation
7592,331110,validation
7593,331110,validation
7594,331110,training
7595,331110,examples
7596,331110,validation
7597,331110,examples
7598,331110,validation
7599,331110,examples
7600,331110,training
7601,331110,examples
7602,331110,training
7603,331110,training
7604,331110,examples
7605,331110,examples
7606,331110,training
7607,331110,training
7608,331210,training
7609,331210,test
7610,331210,training
7611,331210,validation
7612,331210,examples
7613,331210,examples
7614,331221,examples
7615,331221,training
7616,331221,training
7617,331221,examples
7618,331221,examples
7619,331221,training
7620,331221,training
7621,331221,test
7622,331221,training
7623,331221,test
7624,331221,validation
7625,331221,validation
7626,331221,validation
7627,331221,examples
7628,331221,examples
7629,331221,training
7630,331222,training
7631,331222,examples
7632,331222,training
7633,331222,examples
7634,331222,training
7635,331222,examples
7636,331222,test
7637,331222,validation
7638,331222,examples
7639,331222,training
7640,331222,examples
7641,331222,examples
7642,331222,test
7643,331222,validation
7644,331222,validation
7645,331222,validation
7646,331222,training
7647,331222,test
7648,331222,training
7649,331222,training
7650,331222,training
7651,331222,validation
7652,331222,test
7653,331222,examples
7654,331313,training
7655,331313,examples
7656,331313,training
7657,331313,examples
7658,331313,training
7659,331313,validation
7660,331313,test
7661,331313,examples
7662,331313,test
7663,331313,validation
7664,331313,training
7665,331313,examples
7666,331313,training
7667,331313,validation
7668,331314,test
7669,331314,training
7670,331314,training
7671,331314,test
7672,331314,examples
7673,331314,training
7674,331314,examples
7675,331314,examples
7676,331314,validation
7677,331314,training
7678,331314,validation
7679,331314,examples
7680,331314,training
7681,331314,training
7682,331314,examples
7683,331314,validation
7684,331315,training
7685,331315,examples
7686,331315,training
7687,331315,training
7688,331315,examples
7689,331315,training
7690,331315,training
7691,331315,training
7692,331315,training
7693,331315,training
7694,331315,training
7695,331315,examples
7696,331315,training
7697,331315,training
7698,331315,examples
7699,331315,training
7700,331315,examples
7701,331315,training
7702,331315,training
7703,331315,examples
7704,331318,examples
7705,331318,training
7706,331318,examples
7707,331318,examples
7708,331318,training
7709,331318,training
7710,331318,training
7711,331318,training
7712,331318,examples
7713,331318,examples
7714,331318,examples
7715,331318,test
7716,331318,examples
7717,331318,training
7718,331318,validation
7719,331318,training
7720,331318,examples
7721,331318,validation
7722,331318,training
7723,331318,training
7724,331318,validation
7725,331318,examples
7726,331318,test
7727,331318,test
7728,331318,validation
7729,331318,examples
7730,331318,examples
7731,331318,training
7732,331318,validation
7733,331318,validation
7734,331318,training
7735,331318,examples
7736,331318,training
7737,331318,validation
7738,331318,validation
7739,331318,training
7740,331318,training
7741,331318,validation
7742,331318,training
7743,331318,training
7744,331318,validation
7745,331318,validation
7746,331318,test
7747,331318,test
7748,331318,examples
7749,331318,training
7750,331318,examples
7751,331318,examples
7752,331318,training
7753,331318,test
7754,331318,training
7755,331318,test
7756,331318,examples
7757,331318,test
7758,331318,examples
7759,331410,training
7760,331410,validation
7761,331410,examples
7762,331410,test
7763,331410,test
7764,331410,validation
7765,331410,examples
7766,331410,test
7767,331410,examples
7768,331410,test
7769,331410,training
7770,331410,examples
7771,331410,validation
7772,331410,training
7773,331410,validation
7774,331410,training
7775,331410,examples
7776,331410,examples
7777,331410,validation
7778,331410,examples
7779,331410,examples
7780,331410,training
7781,331410,training
7782,331410,validation
7783,331410,test
7784,331410,validation
7785,331410,training
7786,331410,examples
7787,331410,training
7788,331410,training
7789,331410,training
7790,331410,test
7791,331410,training
7792,331410,validation
7793,331410,training
7794,331410,validation
7795,331410,examples
7796,331410,training
7797,331410,examples
7798,331410,training
7799,331410,examples
7800,331410,training
7801,331410,test
7802,331410,training
7803,331410,examples
7804,331410,examples
7805,331420,validation
7806,331420,training
7807,331420,training
7808,331420,examples
7809,331420,training
7810,331420,training
7811,331420,training
7812,331420,training
7813,331420,examples
7814,331420,training
7815,331420,examples
7816,331420,validation
7817,331420,test
7818,331420,training
7819,331420,examples
7820,331420,validation
7821,331420,training
7822,331420,validation
7823,331420,training
7824,331420,validation
7825,331420,validation
7826,331420,examples
7827,331420,test
7828,331420,validation
7829,331420,examples
7830,331420,examples
7831,331420,training
7832,331420,test
7833,331420,validation
7834,331420,test
7835,331420,training
7836,331420,examples
7837,331420,examples
7838,331420,test
7839,331420,training
7840,331420,validation
7841,331420,test
7842,331420,examples
7843,331420,examples
7844,331420,training
7845,331420,examples
7846,331420,examples
7847,331420,training
7848,331420,test
7849,331420,examples
7850,331420,validation
7851,331420,training
7852,331420,training
7853,331420,examples
7854,331491,examples
7855,331491,examples
7856,331491,validation
7857,331491,training
7858,331491,training
7859,331491,examples
7860,331491,training
7861,331491,examples
7862,331491,training
7863,331491,examples
7864,331491,validation
7865,331491,examples
7866,331491,training
7867,331491,validation
7868,331491,validation
7869,331491,test
7870,331491,training
7871,331491,examples
7872,331491,examples
7873,331491,examples
7874,331491,training
7875,331491,test
7876,331491,training
7877,331491,training
7878,331491,training
7879,331491,validation
7880,331491,examples
7881,331491,test
7882,331491,examples
7883,331491,training
7884,331491,examples
7885,331491,examples
7886,331491,validation
7887,331491,examples
7888,331491,validation
7889,331491,test
7890,331491,training
7891,331491,test
7892,331491,training
7893,331491,validation
7894,331491,training
7895,331491,training
7896,331491,validation
7897,331491,training
7898,331491,validation
7899,331491,training
7900,331491,validation
7901,331491,validation
7902,331491,examples
7903,331491,examples
7904,331491,test
7905,331491,test
7906,331491,examples
7907,331491,training
7908,331491,training
7909,331491,examples
7910,331491,test
7911,331491,test
7912,331491,training
7913,331492,examples
7914,331492,examples
7915,331492,validation
7916,331492,validation
7917,331492,examples
7918,331492,training
7919,331492,test
7920,331492,examples
7921,331492,examples
7922,331492,training
7923,331492,validation
7924,331492,validation
7925,331492,examples
7926,331492,examples
7927,331492,training
7928,331492,test
7929,331492,training
7930,331492,training
7931,331492,examples
7932,331492,test
7933,331492,test
7934,331492,examples
7935,331492,test
7936,331492,examples
7937,331492,training
7938,331492,training
7939,331492,training
7940,331492,validation
7941,331492,training
7942,331492,training
7943,331492,training
7944,331492,validation
7945,331511,training
7946,331511,examples
7947,331511,examples
7948,331511,validation
7949,331511,examples
7950,331511,training
7951,331511,validation
7952,331511,training
7953,331511,training
7954,331511,training
7955,331511,examples
7956,331511,test
7957,331511,examples
7958,331511,training
7959,331511,training
7960,331511,training
7961,331511,examples
7962,331511,validation
7963,331511,examples
7964,331511,training
7965,331511,examples
7966,331511,test
7967,331511,training
7968,331511,test
7969,331511,validation
7970,331511,validation
7971,331511,test
7972,331512,training
7973,331512,training
7974,331512,training
7975,331512,examples
7976,331513,training
7977,331513,validation
7978,331513,examples
7979,331513,training
7980,331513,validation
7981,331513,test
7982,331513,training
7983,331513,examples
7984,331523,training
7985,331523,examples
7986,331523,validation
7987,331523,test
7988,331523,validation
7989,331523,examples
7990,331523,test
7991,331523,examples
7992,331523,examples
7993,331523,examples
7994,331523,training
7995,331523,validation
7996,331523,training
7997,331523,validation
7998,331523,training
7999,331523,test
8000,331523,training
8001,331523,training
8002,331524,examples
8003,331524,examples
8004,331524,training
8005,331524,training
8006,331524,test
8007,331524,training
8008,331524,validation
8009,331529,examples
8010,331529,training
8011,331529,training
8012,331529,examples
8013,331529,validation
8014,331529,test
8015,331529,training
8016,331529,validation
8017,331529,examples
8018,331529,validation
8019,331529,training
8020,331529,training
8021,331529,examples
8022,331529,examples
8023,331529,validation
8024,331529,test
8025,331529,training
8026,331529,examples
8027,331529,test
8028,332111,examples
8029,332111,training
8030,332111,validation
8031,332111,examples
8032,332111,training
8033,332111,test
8034,332111,examples
8035,332111,training
8036,332111,validation
8037,332111,training
8038,332111,test
8039,332111,examples
8040,332112,validation
8041,332112,examples
8042,332112,examples
8043,332112,training
8044,332112,training
8045,332112,test
8046,332112,training
8047,332112,validation
8048,332114,examples
8049,332114,training
8050,332117,examples
8051,332119,examples
8052,332119,training
8053,332119,validation
8054,332119,training
8055,332119,validation
8056,332119,test
8057,332119,examples
8058,332119,training
8059,332119,examples
8060,332215,validation
8061,332215,training
8062,332215,test
8063,332215,examples
8064,332215,training
8065,332215,training
8066,332215,validation
8067,332215,training
8068,332215,training
8069,332215,examples
8070,332215,examples
8071,332215,validation
8072,332215,training
8073,332215,examples
8074,332215,validation
8075,332215,examples
8076,332215,validation
8077,332215,examples
8078,332215,validation
8079,332215,test
8080,332215,examples
8081,332215,test
8082,332215,training
8083,332215,training
8084,332215,validation
8085,332215,examples
8086,332215,training
8087,332215,examples
8088,332215,examples
8089,332215,validation
8090,332215,test
8091,332215,training
8092,332215,test
8093,332215,examples
8094,332215,training
8095,332215,test
8096,332215,training
8097,332215,examples
8098,332215,training
8099,332216,examples
8100,332216,training
8101,332216,training
8102,332216,validation
8103,332216,test
8104,332216,examples
8105,332216,examples
8106,332216,test
8107,332216,validation
8108,332216,training
8109,332216,training
8110,332216,training
8111,332216,training
8112,332216,training
8113,332216,validation
8114,332216,examples
8115,332216,validation
8116,332216,training
8117,332216,examples
8118,332216,examples
8119,332216,training
8120,332216,training
8121,332216,training
8122,332216,training
8123,332216,examples
8124,332216,examples
8125,332216,training
8126,332216,validation
8127,332216,examples
8128,332216,training
8129,332216,training
8130,332216,training
8131,332216,validation
8132,332216,test
8133,332216,validation
8134,332216,training
8135,332216,examples
8136,332216,training
8137,332216,training
8138,332216,examples
8139,332216,validation
8140,332216,test
8141,332216,training
8142,332216,examples
8143,332216,examples
8144,332216,validation
8145,332216,training
8146,332216,validation
8147,332216,examples
8148,332216,examples
8149,332216,training
8150,332216,examples
8151,332216,examples
8152,332216,training
8153,332216,test
8154,332216,training
8155,332216,training
8156,332216,validation
8157,332216,training
8158,332216,test
8159,332216,training
8160,332216,examples
8161,332216,training
8162,332216,examples
8163,332216,examples
8164,332216,test
8165,332216,training
8166,332216,validation
8167,332216,test
8168,332216,examples
8169,332216,examples
8170,332216,validation
8171,332216,examples
8172,332216,test
8173,332216,examples
8174,332216,test
8175,332216,training
8176,332216,training
8177,332216,validation
8178,332216,validation
8179,332216,examples
8180,332216,validation
8181,332216,training
8182,332216,training
8183,332216,test
8184,332216,test
8185,332216,examples
8186,332216,training
8187,332216,validation
8188,332216,examples
8189,332216,validation
8190,332216,validation
8191,332216,examples
8192,332216,examples
8193,332216,training
8194,332216,test
8195,332216,examples
8196,332216,training
8197,332216,validation
8198,332216,training
8199,332216,training
8200,332216,test
8201,332216,examples
8202,332216,training
8203,332216,test
8204,332216,validation
8205,332216,test
8206,332216,test
8207,332216,validation
8208,332216,examples
8209,332216,examples
8210,332311,training
8211,332311,examples
8212,332311,validation
8213,332311,examples
8214,332311,examples
8215,332311,validation
8216,332311,training
8217,332311,validation
8218,332311,training
8219,332311,training
8220,332311,examples
8221,332311,examples
8222,332311,test
8223,332311,test
8224,332311,training
8225,332311,training
8226,332312,examples
8227,332312,training
8228,332312,validation
8229,332312,training
8230,332312,validation
8231,332312,examples
8232,332312,examples
8233,332312,examples
8234,332312,training
8235,332312,examples
8236,332312,training
8237,332312,validation
8238,332312,training
8239,332312,training
8240,332312,validation
8241,332312,test
8242,332312,training
8243,332312,examples
8244,332312,validation
8245,332312,test
8246,332312,examples
8247,332312,training
8248,332312,test
8249,332313,test
8250,332313,test
8251,332313,validation
8252,332313,examples
8253,332313,examples
8254,332313,training
8255,332313,validation
8256,332313,training
8257,332313,training
8258,332313,examples
8259,332313,examples
8260,332313,examples
8261,332313,training
8262,332313,training
8263,332313,examples
8264,332313,test
8265,332313,training
8266,332313,examples
8267,332313,validation
8268,332313,validation
8269,332313,test
8270,332313,training
8271,332313,training
8272,332313,validation
8273,332313,examples
8274,332313,training
8275,332313,training
8276,332313,examples
8277,332313,test
8278,332313,training
8279,332313,validation
8280,332313,examples
8281,332313,examples
8282,332313,test
8283,332313,training
8284,332313,examples
8285,332313,training
8286,332313,training
8287,332313,validation
8288,332313,validation
8289,332321,training
8290,332321,training
8291,332321,training
8292,332321,validation
8293,332321,training
8294,332321,training
8295,332321,examples
8296,332321,examples
8297,332321,examples
8298,332321,test
8299,332321,examples
8300,332321,training
8301,332321,training
8302,332321,validation
8303,332321,examples
8304,332321,test
8305,332321,validation
8306,332321,examples
8307,332321,test
8308,332321,examples
8309,332321,validation
8310,332321,validation
8311,332321,training
8312,332321,test
8313,332321,training
8314,332322,examples
8315,332322,test
8316,332322,validation
8317,332322,examples
8318,332322,validation
8319,332322,training
8320,332322,training
8321,332322,examples
8322,332322,validation
8323,332322,examples
8324,332322,examples
8325,332322,training
8326,332322,validation
8327,332322,validation
8328,332322,examples
8329,332322,training
8330,332322,training
8331,332322,examples
8332,332322,training
8333,332322,validation
8334,332322,examples
8335,332322,training
8336,332322,examples
8337,332322,examples
8338,332322,examples
8339,332322,validation
8340,332322,validation
8341,332322,validation
8342,332322,test
8343,332322,test
8344,332322,training
8345,332322,training
8346,332322,training
8347,332322,training
8348,332322,test
8349,332322,training
8350,332322,training
8351,332322,test
8352,332322,training
8353,332322,training
8354,332322,test
8355,332322,test
8356,332322,examples
8357,332322,examples
8358,332322,training
8359,332323,training
8360,332323,training
8361,332323,examples
8362,332323,training
8363,332323,training
8364,332323,test
8365,332323,training
8366,332323,training
8367,332323,training
8368,332323,validation
8369,332323,test
8370,332323,validation
8371,332323,training
8372,332323,validation
8373,332323,examples
8374,332323,training
8375,332323,test
8376,332323,test
8377,332323,examples
8378,332323,training
8379,332323,validation
8380,332323,examples
8381,332323,validation
8382,332323,training
8383,332323,training
8384,332323,examples
8385,332323,examples
8386,332323,validation
8387,332323,examples
8388,332323,examples
8389,332323,training
8390,332323,test
8391,332323,examples
8392,332323,examples
8393,332323,test
8394,332323,validation
8395,332323,training
8396,332323,training
8397,332323,examples
8398,332323,examples
8399,332323,examples
8400,332323,validation
8401,332410,validation
8402,332410,examples
8403,332410,examples
8404,332410,training
8405,332410,training
8406,332410,examples
8407,332410,test
8408,332410,training
8409,332410,examples
8410,332410,validation
8411,332410,validation
8412,332410,test
8413,332410,test
8414,332410,validation
8415,332410,training
8416,332410,training
8417,332410,examples
8418,332410,examples
8419,332410,training
8420,332420,examples
8421,332420,training
8422,332420,examples
8423,332420,test
8424,332420,training
8425,332420,validation
8426,332420,training
8427,332420,test
8428,332420,training
8429,332420,examples
8430,332420,validation
8431,332420,training
8432,332420,training
8433,332420,test
8434,332420,examples
8435,332420,validation
8436,332420,examples
8437,332420,validation
8438,332420,examples
8439,332420,training
8440,332420,test
8441,332420,examples
8442,332420,test
8443,332420,validation
8444,332420,examples
8445,332420,validation
8446,332420,training
8447,332420,examples
8448,332420,training
8449,332420,training
8450,332420,training
8451,332420,examples
8452,332431,validation
8453,332431,examples
8454,332431,validation
8455,332431,training
8456,332431,training
8457,332431,training
8458,332431,examples
8459,332431,training
8460,332431,examples
8461,332431,test
8462,332431,validation
8463,332431,examples
8464,332431,test
8465,332439,examples
8466,332439,training
8467,332439,training
8468,332439,test
8469,332439,test
8470,332439,validation
8471,332439,training
8472,332439,training
8473,332439,training
8474,332439,examples
8475,332439,training
8476,332439,training
8477,332439,examples
8478,332439,validation
8479,332439,examples
8480,332439,examples
8481,332439,examples
8482,332439,training
8483,332439,validation
8484,332439,test
8485,332439,test
8486,332439,validation
8487,332439,examples
8488,332439,validation
8489,332510,validation
8490,332510,examples
8491,332510,training
8492,332510,examples
8493,332510,validation
8494,332510,training
8495,332510,training
8496,332510,test
8497,332510,validation
8498,332510,training
8499,332510,test
8500,332510,training
8501,332510,examples
8502,332510,test
8503,332510,examples
8504,332510,training
8505,332510,training
8506,332510,examples
8507,332510,examples
8508,332510,validation
8509,332510,examples
8510,332510,training
8511,332510,validation
8512,332613,training
8513,332613,examples
8514,332613,training
8515,332613,test
8516,332613,validation
8517,332613,training
8518,332613,training
8519,332613,examples
8520,332613,validation
8521,332613,test
8522,332613,validation
8523,332613,validation
8524,332613,test
8525,332613,examples
8526,332613,training
8527,332613,training
8528,332613,training
8529,332613,examples
8530,332613,examples
8531,332613,examples
8532,332613,training
8533,332618,test
8534,332618,training
8535,332618,examples
8536,332618,training
8537,332618,training
8538,332618,validation
8539,332618,training
8540,332618,validation
8541,332618,training
8542,332618,validation
8543,332618,examples
8544,332618,validation
8545,332618,training
8546,332618,examples
8547,332618,test
8548,332618,training
8549,332618,validation
8550,332618,examples
8551,332618,training
8552,332618,training
8553,332618,test
8554,332618,test
8555,332618,training
8556,332618,training
8557,332618,training
8558,332618,training
8559,332618,validation
8560,332618,test
8561,332618,validation
8562,332618,training
8563,332618,training
8564,332618,validation
8565,332618,examples
8566,332618,examples
8567,332618,examples
8568,332618,examples
8569,332618,training
8570,332618,validation
8571,332618,examples
8572,332618,training
8573,332618,examples
8574,332618,validation
8575,332618,examples
8576,332618,examples
8577,332618,test
8578,332618,test
8579,332618,examples
8580,332618,validation
8581,332618,examples
8582,332618,test
8583,332618,training
8584,332618,examples
8585,332618,examples
8586,332710,examples
8587,332710,validation
8588,332710,training
8589,332721,examples
8590,332722,examples
8591,332722,validation
8592,332722,training
8593,332722,training
8594,332722,training
8595,332722,validation
8596,332722,test
8597,332722,examples
8598,332722,training
8599,332722,training
8600,332722,validation
8601,332722,examples
8602,332722,training
8603,332722,test
8604,332722,test
8605,332722,validation
8606,332722,examples
8607,332722,examples
8608,332811,test
8609,332811,training
8610,332811,examples
8611,332811,validation
8612,332811,examples
8613,332811,validation
8614,332811,examples
8615,332811,training
8616,332811,training
8617,332812,training
8618,332812,examples
8619,332812,examples
8620,332812,examples
8621,332812,validation
8622,332812,validation
8623,332812,training
8624,332812,training
8625,332812,training
8626,332812,training
8627,332812,training
8628,332812,validation
8629,332812,test
8630,332812,test
8631,332812,test
8632,332812,examples
8633,332812,training
8634,332812,examples
8635,332812,examples
8636,332812,validation
8637,332813,examples
8638,332813,test
8639,332813,validation
8640,332813,examples
8641,332813,test
8642,332813,examples
8643,332813,training
8644,332813,training
8645,332813,validation
8646,332813,examples
8647,332813,validation
8648,332813,training
8649,332813,training
8650,332813,examples
8651,332813,training
8652,332911,examples
8653,332911,examples
8654,332911,validation
8655,332911,validation
8656,332911,test
8657,332911,test
8658,332911,validation
8659,332911,validation
8660,332911,examples
8661,332911,training
8662,332911,examples
8663,332911,examples
8664,332911,training
8665,332911,training
8666,332911,examples
8667,332911,training
8668,332911,training
8669,332911,training
8670,332911,examples
8671,332911,examples
8672,332911,validation
8673,332911,test
8674,332911,training
8675,332911,test
8676,332911,training
8677,332911,training
8678,332911,training
8679,332911,examples
8680,332911,validation
8681,332912,training
8682,332912,examples
8683,332912,test
8684,332912,training
8685,332912,examples
8686,332912,examples
8687,332912,training
8688,332912,training
8689,332912,training
8690,332912,examples
8691,332912,validation
8692,332912,test
8693,332912,training
8694,332912,examples
8695,332912,validation
8696,332912,validation
8697,332912,test
8698,332913,examples
8699,332913,test
8700,332913,training
8701,332913,training
8702,332913,training
8703,332913,examples
8704,332913,training
8705,332913,validation
8706,332913,validation
8707,332913,examples
8708,332913,examples
8709,332913,test
8710,332919,examples
8711,332919,examples
8712,332919,test
8713,332919,training
8714,332919,training
8715,332919,test
8716,332919,training
8717,332919,test
8718,332919,validation
8719,332919,validation
8720,332919,examples
8721,332919,training
8722,332919,examples
8723,332919,training
8724,332919,validation
8725,332919,training
8726,332919,examples
8727,332991,validation
8728,332991,examples
8729,332991,examples
8730,332991,examples
8731,332991,training
8732,332991,test
8733,332991,validation
8734,332991,examples
8735,332991,validation
8736,332991,test
8737,332991,training
8738,332991,training
8739,332991,training
8740,332992,training
8741,332992,training
8742,332992,test
8743,332992,examples
8744,332992,training
8745,332992,examples
8746,332992,examples
8747,332992,test
8748,332992,examples
8749,332992,training
8750,332992,validation
8751,332992,validation
8752,332992,training
8753,332992,test
8754,332992,training
8755,332992,validation
8756,332992,validation
8757,332992,examples
8758,332992,examples
8759,332993,training
8760,332993,training
8761,332993,test
8762,332993,validation
8763,332993,training
8764,332993,training
8765,332993,validation
8766,332993,examples
8767,332993,validation
8768,332993,validation
8769,332993,examples
8770,332993,validation
8771,332993,examples
8772,332993,examples
8773,332993,test
8774,332993,examples
8775,332993,training
8776,332993,examples
8777,332993,training
8778,332993,examples
8779,332993,test
8780,332993,validation
8781,332993,test
8782,332993,training
8783,332993,training
8784,332993,training
8785,332993,training
8786,332993,test
8787,332993,examples
8788,332993,examples
8789,332993,training
8790,332994,examples
8791,332994,test
8792,332994,validation
8793,332994,training
8794,332994,validation
8795,332994,examples
8796,332994,validation
8797,332994,training
8798,332994,validation
8799,332994,examples
8800,332994,training
8801,332994,test
8802,332994,training
8803,332994,examples
8804,332994,test
8805,332994,validation
8806,332994,examples
8807,332994,test
8808,332994,training
8809,332994,training
8810,332994,validation
8811,332994,examples
8812,332994,training
8813,332994,validation
8814,332994,training
8815,332994,training
8816,332994,training
8817,332994,validation
8818,332994,validation
8819,332994,test
8820,332994,examples
8821,332994,examples
8822,332994,training
8823,332994,examples
8824,332994,examples
8825,332994,validation
8826,332994,training
8827,332994,training
8828,332994,validation
8829,332994,examples
8830,332994,examples
8831,332994,test
8832,332994,training
8833,332994,examples
8834,332994,training
8835,332994,examples
8836,332994,training
8837,332994,test
8838,332994,examples
8839,332994,examples
8840,332994,training
8841,332994,training
8842,332994,test
8843,332994,examples
8844,332994,training
8845,332994,training
8846,332996,validation
8847,332996,examples
8848,332996,training
8849,332996,test
8850,332996,examples
8851,332996,test
8852,332996,examples
8853,332996,training
8854,332996,training
8855,332996,training
8856,332996,examples
8857,332996,validation
8858,332999,training
8859,332999,validation
8860,332999,training
8861,332999,examples
8862,332999,examples
8863,332999,training
8864,332999,examples
8865,332999,training
8866,332999,validation
8867,332999,examples
8868,332999,validation
8869,332999,validation
8870,332999,examples
8871,332999,test
8872,332999,training
8873,332999,test
8874,332999,examples
8875,332999,test
8876,332999,test
8877,332999,training
8878,332999,training
8879,332999,training
8880,332999,validation
8881,332999,training
8882,332999,examples
8883,332999,test
8884,332999,examples
8885,332999,examples
8886,332999,examples
8887,332999,validation
8888,332999,test
8889,332999,training
8890,332999,training
8891,332999,examples
8892,332999,examples
8893,332999,validation
8894,332999,examples
8895,332999,training
8896,332999,training
8897,332999,examples
8898,332999,examples
8899,332999,training
8900,332999,validation
8901,332999,training
8902,332999,examples
8903,332999,examples
8904,332999,training
8905,332999,training
8906,332999,test
8907,332999,training
8908,332999,training
8909,332999,examples
8910,332999,examples
8911,332999,validation
8912,332999,examples
8913,332999,training
8914,332999,test
8915,332999,examples
8916,332999,training
8917,332999,validation
8918,332999,training
8919,332999,validation
8920,332999,validation
8921,332999,validation
8922,332999,training
8923,332999,test
8924,332999,examples
8925,332999,training
8926,332999,training
8927,332999,training
8928,332999,test
8929,332999,examples
8930,332999,test
8931,332999,training
8932,332999,validation
8933,332999,training
8934,332999,training
8935,332999,training
8936,332999,validation
8937,332999,training
8938,332999,training
8939,332999,validation
8940,332999,training
8941,332999,training
8942,332999,examples
8943,332999,test
8944,332999,test
8945,332999,validation
8946,332999,examples
8947,332999,training
8948,332999,examples
8949,332999,training
8950,332999,validation
8951,332999,examples
8952,332999,examples
8953,332999,validation
8954,332999,test
8955,332999,examples
8956,332999,test
8957,332999,validation
8958,332999,validation
8959,332999,examples
8960,332999,examples
8961,332999,examples
8962,332999,validation
8963,332999,training
8964,332999,validation
8965,332999,test
8966,332999,training
8967,332999,validation
8968,332999,examples
8969,332999,examples
8970,332999,training
8971,332999,training
8972,332999,training
8973,332999,test
8974,332999,examples
8975,332999,test
8976,333111,training
8977,333111,test
8978,333111,examples
8979,333111,training
8980,333111,training
8981,333111,validation
8982,333111,training
8983,333111,training
8984,333111,examples
8985,333111,validation
8986,333111,test
8987,333111,validation
8988,333111,examples
8989,333111,training
8990,333111,test
8991,333111,training
8992,333111,validation
8993,333111,training
8994,333111,training
8995,333111,training
8996,333111,examples
8997,333111,test
8998,333111,examples
8999,333111,examples
9000,333111,examples
9001,333111,training
9002,333111,examples
9003,333111,training
9004,333111,examples
9005,333111,validation
9006,333111,training
9007,333111,training
9008,333111,examples
9009,333111,training
9010,333111,test
9011,333111,validation
9012,333111,training
9013,333111,examples
9014,333111,test
9015,333111,examples
9016,333111,validation
9017,333111,examples
9018,333111,training
9019,333111,training
9020,333111,test
9021,333111,examples
9022,333111,test
9023,333111,training
9024,333111,validation
9025,333111,examples
9026,333111,examples
9027,333111,test
9028,333111,validation
9029,333111,training
9030,333111,examples
9031,333111,test
9032,333111,examples
9033,333111,validation
9034,333111,validation
9035,333111,training
9036,333111,examples
9037,333111,validation
9038,333111,training
9039,333111,examples
9040,333111,training
9041,333111,validation
9042,333112,training
9043,333112,training
9044,333112,examples
9045,333112,validation
9046,333112,test
9047,333112,training
9048,333112,examples
9049,333112,examples
9050,333112,training
9051,333112,training
9052,333112,training
9053,333112,examples
9054,333112,training
9055,333112,test
9056,333112,validation
9057,333112,examples
9058,333112,validation
9059,333112,validation
9060,333112,examples
9061,333112,examples
9062,333112,test
9063,333112,validation
9064,333112,training
9065,333120,examples
9066,333120,training
9067,333120,training
9068,333120,validation
9069,333120,examples
9070,333120,test
9071,333120,validation
9072,333120,examples
9073,333120,training
9074,333120,training
9075,333120,validation
9076,333120,test
9077,333120,validation
9078,333120,test
9079,333120,examples
9080,333120,examples
9081,333120,examples
9082,333120,training
9083,333120,test
9084,333120,examples
9085,333120,examples
9086,333120,training
9087,333120,examples
9088,333120,training
9089,333120,test
9090,333120,examples
9091,333120,examples
9092,333120,test
9093,333120,training
9094,333120,validation
9095,333120,validation
9096,333120,training
9097,333120,validation
9098,333120,validation
9099,333120,examples
9100,333120,examples
9101,333120,examples
9102,333120,training
9103,333120,validation
9104,333120,training
9105,333120,training
9106,333120,examples
9107,333120,examples
9108,333120,training
9109,333120,test
9110,333120,test
9111,333120,training
9112,333120,examples
9113,333120,training
9114,333120,training
9115,333120,training
9116,333120,validation
9117,333120,validation
9118,333120,test
9119,333120,training
9120,333120,examples
9121,333120,validation
9122,333120,training
9123,333120,training
9124,333120,training
9125,333131,validation
9126,333131,test
9127,333131,test
9128,333131,examples
9129,333131,training
9130,333131,training
9131,333131,training
9132,333131,validation
9133,333131,training
9134,333131,examples
9135,333131,examples
9136,333131,test
9137,333131,training
9138,333131,examples
9139,333131,validation
9140,333131,examples
9141,333131,validation
9142,333131,test
9143,333131,test
9144,333131,training
9145,333131,examples
9146,333131,training
9147,333131,examples
9148,333131,examples
9149,333131,training
9150,333131,training
9151,333131,examples
9152,333131,training
9153,333131,validation
9154,333131,validation
9155,333131,validation
9156,333131,training
9157,333131,examples
9158,333132,training
9159,333132,test
9160,333132,examples
9161,333132,test
9162,333132,validation
9163,333132,training
9164,333132,examples
9165,333132,training
9166,333132,examples
9167,333132,validation
9168,333241,examples
9169,333241,examples
9170,333241,validation
9171,333241,test
9172,333241,training
9173,333241,test
9174,333241,training
9175,333241,validation
9176,333241,test
9177,333241,validation
9178,333241,examples
9179,333241,examples
9180,333241,training
9181,333241,training
9182,333241,validation
9183,333241,examples
9184,333241,training
9185,333241,training
9186,333241,validation
9187,333241,training
9188,333241,examples
9189,333241,examples
9190,333241,training
9191,333241,training
9192,333241,validation
9193,333241,validation
9194,333241,examples
9195,333241,training
9196,333241,training
9197,333241,examples
9198,333241,examples
9199,333241,validation
9200,333241,training
9201,333241,training
9202,333241,examples
9203,333241,training
9204,333241,test
9205,333241,test
9206,333241,test
9207,333241,training
9208,333241,training
9209,333241,examples
9210,333241,examples
9211,333241,test
9212,333241,validation
9213,333242,examples
9214,333242,training
9215,333242,test
9216,333242,examples
9217,333242,training
9218,333242,validation
9219,333242,examples
9220,333242,training
9221,333242,validation
9222,333243,test
9223,333243,training
9224,333243,examples
9225,333243,examples
9226,333243,validation
9227,333243,examples
9228,333243,examples
9229,333243,training
9230,333243,test
9231,333243,validation
9232,333243,examples
9233,333243,training
9234,333243,test
9235,333243,training
9236,333243,validation
9237,333243,validation
9238,333243,validation
9239,333243,examples
9240,333243,examples
9241,333243,training
9242,333243,examples
9243,333243,training
9244,333243,training
9245,333243,training
9246,333243,training
9247,333243,training
9248,333243,test
9249,333243,validation
9250,333243,training
9251,333243,examples
9252,333243,validation
9253,333243,training
9254,333243,examples
9255,333243,test
9256,333243,examples
9257,333248,training
9258,333248,examples
9259,333248,validation
9260,333248,examples
9261,333248,examples
9262,333248,training
9263,333248,test
9264,333248,validation
9265,333248,test
9266,333248,test
9267,333248,test
9268,333248,training
9269,333248,training
9270,333248,validation
9271,333248,examples
9272,333248,training
9273,333248,training
9274,333248,validation
9275,333248,training
9276,333248,test
9277,333248,examples
9278,333248,training
9279,333248,examples
9280,333248,examples
9281,333248,validation
9282,333248,examples
9283,333248,test
9284,333248,examples
9285,333248,examples
9286,333248,validation
9287,333248,test
9288,333248,training
9289,333248,test
9290,333248,examples
9291,333248,validation
9292,333248,examples
9293,333248,examples
9294,333248,test
9295,333248,training
9296,333248,training
9297,333248,training
9298,333248,examples
9299,333248,validation
9300,333248,test
9301,333248,training
9302,333248,examples
9303,333248,training
9304,333248,examples
9305,333248,training
9306,333248,test
9307,333248,validation
9308,333248,examples
9309,333248,training
9310,333248,training
9311,333248,validation
9312,333248,examples
9313,333248,validation
9314,333248,examples
9315,333248,training
9316,333248,examples
9317,333248,training
9318,333248,training
9319,333248,test
9320,333248,training
9321,333248,examples
9322,333248,validation
9323,333248,test
9324,333248,test
9325,333248,test
9326,333248,examples
9327,333248,training
9328,333248,examples
9329,333248,validation
9330,333248,test
9331,333248,examples
9332,333248,validation
9333,333248,examples
9334,333248,validation
9335,333248,validation
9336,333248,training
9337,333248,training
9338,333248,examples
9339,333248,test
9340,333248,examples
9341,333248,training
9342,333248,training
9343,333248,examples
9344,333248,examples
9345,333248,test
9346,333248,training
9347,333248,training
9348,333248,examples
9349,333248,examples
9350,333248,training
9351,333248,training
9352,333248,training
9353,333248,training
9354,333248,validation
9355,333248,training
9356,333248,training
9357,333248,validation
9358,333248,training
9359,333248,validation
9360,333248,examples
9361,333248,training
9362,333248,examples
9363,333248,training
9364,333248,training
9365,333248,validation
9366,333248,validation
9367,333248,examples
9368,333248,examples
9369,333248,examples
9370,333248,training
9371,333248,training
9372,333248,examples
9373,333248,training
9374,333248,test
9375,333248,training
9376,333248,validation
9377,333248,validation
9378,333248,validation
9379,333248,training
9380,333248,validation
9381,333248,training
9382,333248,examples
9383,333248,validation
9384,333248,examples
9385,333248,training
9386,333310,test
9387,333310,test
9388,333310,training
9389,333310,validation
9390,333310,training
9391,333310,validation
9392,333310,examples
9393,333310,examples
9394,333310,examples
9395,333310,training
9396,333310,validation
9397,333310,validation
9398,333310,training
9399,333310,examples
9400,333310,test
9401,333310,examples
9402,333310,test
9403,333310,test
9404,333310,training
9405,333310,examples
9406,333310,validation
9407,333310,test
9408,333310,examples
9409,333310,validation
9410,333310,training
9411,333310,validation
9412,333310,test
9413,333310,test
9414,333310,training
9415,333310,test
9416,333310,examples
9417,333310,test
9418,333310,training
9419,333310,training
9420,333310,training
9421,333310,examples
9422,333310,examples
9423,333310,training
9424,333310,training
9425,333310,validation
9426,333310,test
9427,333310,test
9428,333310,validation
9429,333310,training
9430,333310,training
9431,333310,examples
9432,333310,validation
9433,333310,test
9434,333310,training
9435,333310,training
9436,333310,training
9437,333310,validation
9438,333310,training
9439,333310,training
9440,333310,training
9441,333310,examples
9442,333310,examples
9443,333310,examples
9444,333310,training
9445,333310,examples
9446,333310,examples
9447,333310,validation
9448,333310,training
9449,333310,training
9450,333310,training
9451,333310,examples
9452,333310,training
9453,333310,test
9454,333310,test
9455,333310,test
9456,333310,validation
9457,333310,examples
9458,333310,validation
9459,333310,test
9460,333310,training
9461,333310,validation
9462,333310,examples
9463,333310,validation
9464,333310,validation
9465,333310,training
9466,333310,test
9467,333310,training
9468,333310,examples
9469,333310,validation
9470,333310,training
9471,333310,examples
9472,333310,examples
9473,333310,validation
9474,333310,examples
9475,333310,validation
9476,333310,training
9477,333310,examples
9478,333310,examples
9479,333310,test
9480,333310,training
9481,333310,training
9482,333310,examples
9483,333310,test
9484,333310,examples
9485,333310,training
9486,333310,examples
9487,333310,training
9488,333310,test
9489,333310,examples
9490,333310,examples
9491,333310,examples
9492,333310,training
9493,333310,validation
9494,333310,examples
9495,333310,validation
9496,333310,validation
9497,333310,training
9498,333310,training
9499,333310,training
9500,333310,examples
9501,333310,training
9502,333310,examples
9503,333310,training
9504,333310,examples
9505,333310,training
9506,333310,training
9507,333310,validation
9508,333310,training
9509,333310,examples
9510,333310,validation
9511,333310,training
9512,333310,examples
9513,333310,examples
9514,333310,training
9515,333310,validation
9516,333310,training
9517,333310,training
9518,333310,examples
9519,333310,examples
9520,333310,training
9521,333310,examples
9522,333310,validation
9523,333310,validation
9524,333310,examples
9525,333310,training
9526,333310,validation
9527,333310,examples
9528,333310,validation
9529,333310,training
9530,333310,training
9531,333310,test
9532,333310,test
9533,333310,examples
9534,333310,examples
9535,333310,training
9536,333413,training
9537,333413,test
9538,333413,validation
9539,333413,validation
9540,333413,examples
9541,333413,test
9542,333413,examples
9543,333413,training
9544,333413,examples
9545,333413,training
9546,333413,training
9547,333413,examples
9548,333413,training
9549,333413,validation
9550,333414,training
9551,333414,training
9552,333414,training
9553,333414,examples
9554,333414,examples
9555,333414,validation
9556,333414,training
9557,333414,examples
9558,333414,validation
9559,333414,examples
9560,333414,examples
9561,333414,training
9562,333414,training
9563,333414,training
9564,333414,validation
9565,333414,test
9566,333414,examples
9567,333414,examples
9568,333414,training
9569,333414,test
9570,333414,validation
9571,333414,validation
9572,333414,examples
9573,333414,training
9574,333414,training
9575,333414,test
9576,333414,test
9577,333415,test
9578,333415,training
9579,333415,validation
9580,333415,training
9581,333415,training
9582,333415,examples
9583,333415,examples
9584,333415,validation
9585,333415,examples
9586,333415,training
9587,333415,validation
9588,333415,examples
9589,333415,training
9590,333415,validation
9591,333415,validation
9592,333415,examples
9593,333415,examples
9594,333415,test
9595,333415,validation
9596,333415,examples
9597,333415,training
9598,333415,training
9599,333415,test
9600,333415,examples
9601,333415,training
9602,333415,examples
9603,333415,validation
9604,333415,training
9605,333415,training
9606,333415,training
9607,333415,test
9608,333415,examples
9609,333415,test
9610,333415,training
9611,333511,test
9612,333511,training
9613,333511,training
9614,333511,training
9615,333511,examples
9616,333511,examples
9617,333511,validation
9618,333514,test
9619,333514,training
9620,333514,training
9621,333514,examples
9622,333514,validation
9623,333514,examples
9624,333514,test
9625,333514,training
9626,333514,validation
9627,333514,examples
9628,333514,validation
9629,333514,training
9630,333514,examples
9631,333514,training
9632,333515,training
9633,333515,examples
9634,333515,examples
9635,333515,training
9636,333515,test
9637,333515,test
9638,333515,validation
9639,333515,training
9640,333515,examples
9641,333515,examples
9642,333515,test
9643,333515,validation
9644,333515,examples
9645,333515,training
9646,333515,training
9647,333515,examples
9648,333515,training
9649,333515,examples
9650,333515,validation
9651,333515,examples
9652,333515,test
9653,333515,training
9654,333515,validation
9655,333515,training
9656,333515,test
9657,333515,validation
9658,333515,validation
9659,333515,test
9660,333515,examples
9661,333515,examples
9662,333515,training
9663,333515,examples
9664,333515,training
9665,333515,training
9666,333515,training
9667,333515,validation
9668,333515,training
9669,333517,examples
9670,333517,test
9671,333517,training
9672,333517,training
9673,333517,training
9674,333517,validation
9675,333517,training
9676,333517,validation
9677,333517,test
9678,333517,training
9679,333517,validation
9680,333517,validation
9681,333517,training
9682,333517,validation
9683,333517,training
9684,333517,test
9685,333517,examples
9686,333517,test
9687,333517,test
9688,333517,examples
9689,333517,validation
9690,333517,training
9691,333517,training
9692,333517,examples
9693,333517,test
9694,333517,training
9695,333517,training
9696,333517,training
9697,333517,test
9698,333517,examples
9699,333517,examples
9700,333517,training
9701,333517,examples
9702,333517,training
9703,333517,test
9704,333517,examples
9705,333517,test
9706,333517,training
9707,333517,examples
9708,333517,training
9709,333517,training
9710,333517,examples
9711,333517,validation
9712,333517,training
9713,333517,test
9714,333517,training
9715,333517,training
9716,333517,training
9717,333517,examples
9718,333517,test
9719,333517,examples
9720,333517,validation
9721,333517,examples
9722,333517,training
9723,333517,examples
9724,333517,validation
9725,333517,validation
9726,333517,validation
9727,333517,examples
9728,333517,examples
9729,333517,validation
9730,333517,examples
9731,333517,training
9732,333517,examples
9733,333517,training
9734,333517,training
9735,333517,validation
9736,333517,validation
9737,333517,examples
9738,333517,examples
9739,333517,training
9740,333517,examples
9741,333517,training
9742,333517,test
9743,333517,examples
9744,333517,training
9745,333517,test
9746,333517,validation
9747,333517,validation
9748,333517,training
9749,333517,examples
9750,333517,examples
9751,333517,examples
9752,333517,training
9753,333517,examples
9754,333517,validation
9755,333517,examples
9756,333517,training
9757,333517,validation
9758,333517,training
9759,333519,test
9760,333519,training
9761,333519,validation
9762,333519,training
9763,333519,examples
9764,333519,validation
9765,333519,examples
9766,333519,examples
9767,333519,training
9768,333519,training
9769,333519,examples
9770,333519,validation
9771,333519,validation
9772,333519,training
9773,333519,examples
9774,333519,training
9775,333519,training
9776,333519,training
9777,333519,examples
9778,333519,test
9779,333519,test
9780,333519,test
9781,333519,examples
9782,333519,training
9783,333519,validation
9784,333611,training
9785,333611,examples
9786,333611,validation
9787,333611,test
9788,333611,training
9789,333611,examples
9790,333611,training
9791,333611,examples
9792,333611,validation
9793,333611,training
9794,333611,examples
9795,333611,training
9796,333611,examples
9797,333611,test
9798,333611,validation
9799,333612,training
9800,333612,validation
9801,333612,validation
9802,333612,examples
9803,333612,test
9804,333612,training
9805,333612,training
9806,333612,examples
9807,333613,training
9808,333613,training
9809,333613,training
9810,333613,validation
9811,333613,examples
9812,333613,examples
9813,333613,training
9814,333613,validation
9815,333613,training
9816,333613,examples
9817,333613,validation
9818,333613,test
9819,333613,test
9820,333613,examples
9821,333618,examples
9822,333618,examples
9823,333618,examples
9824,333618,training
9825,333618,examples
9826,333618,training
9827,333618,test
9828,333618,validation
9829,333618,test
9830,333618,training
9831,333618,training
9832,333618,training
9833,333618,validation
9834,333618,examples
9835,333618,training
9836,333618,training
9837,333618,training
9838,333912,validation
9839,333912,training
9840,333912,test
9841,333912,examples
9842,333912,training
9843,333912,training
9844,333912,examples
9845,333914,examples
9846,333914,training
9847,333914,examples
9848,333914,validation
9849,333914,test
9850,333914,training
9851,333914,validation
9852,333914,examples
9853,333914,training
9854,333914,test
9855,333914,training
9856,333914,examples
9857,333921,validation
9858,333921,test
9859,333921,training
9860,333921,examples
9861,333921,training
9862,333921,examples
9863,333922,examples
9864,333922,training
9865,333922,validation
9866,333922,examples
9867,333922,examples
9868,333922,examples
9869,333922,training
9870,333922,test
9871,333922,validation
9872,333922,test
9873,333922,training
9874,333922,training
9875,333923,test
9876,333923,validation
9877,333923,training
9878,333923,examples
9879,333923,validation
9880,333923,examples
9881,333923,validation
9882,333923,training
9883,333923,examples
9884,333923,examples
9885,333923,examples
9886,333923,training
9887,333923,test
9888,333923,training
9889,333923,training
9890,333924,validation
9891,333924,examples
9892,333924,examples
9893,333924,training
9894,333924,training
9895,333924,test
9896,333924,training
9897,333924,examples
9898,333924,training
9899,333924,examples
9900,333924,examples
9901,333924,training
9902,333924,validation
9903,333924,validation
9904,333924,examples
9905,333924,test
9906,333924,training
9907,333924,examples
9908,333924,validation
9909,333924,training
9910,333924,test
9911,333924,training
9912,333924,training
9913,333924,test
9914,333924,validation
9915,333991,training
9916,333991,validation
9917,333991,test
9918,333991,test
9919,333991,training
9920,333991,training
9921,333991,validation
9922,333991,examples
9923,333991,examples
9924,333991,validation
9925,333991,validation
9926,333991,training
9927,333991,training
9928,333991,examples
9929,333991,training
9930,333991,test
9931,333991,examples
9932,333991,validation
9933,333991,examples
9934,333991,test
9935,333991,examples
9936,333991,training
9937,333991,training
9938,333991,examples
9939,333991,examples
9940,333991,training
9941,333992,examples
9942,333992,examples
9943,333992,training
9944,333992,validation
9945,333992,training
9946,333992,test
9947,333992,examples
9948,333992,examples
9949,333992,training
9950,333992,examples
9951,333992,validation
9952,333992,test
9953,333992,validation
9954,333992,training
9955,333992,training
9956,333992,training
9957,333993,test
9958,333993,validation
9959,333993,examples
9960,333993,validation
9961,333993,validation
9962,333993,training
9963,333993,training
9964,333993,training
9965,333993,examples
9966,333993,examples
9967,333993,training
9968,333993,training
9969,333993,test
9970,333993,examples
9971,333994,training
9972,333994,validation
9973,333994,training
9974,333994,training
9975,333994,validation
9976,333994,training
9977,333994,examples
9978,333994,training
9979,333994,validation
9980,333994,training
9981,333994,examples
9982,333994,validation
9983,333994,training
9984,333994,examples
9985,333994,training
9986,333994,examples
9987,333994,examples
9988,333994,test
9989,333994,examples
9990,333994,test
9991,333994,test
9992,333995,examples
9993,333995,training
9994,333995,test
9995,333995,training
9996,333995,training
9997,333995,validation
9998,333995,validation
9999,333995,examples
10000,333996,training
10001,333996,examples
10002,333996,validation
10003,333996,test
10004,333996,examples
10005,333996,training
10006,333996,validation
10007,333996,training
10008,333998,training
10009,333998,training
10010,333998,examples
10011,333998,training
10012,333998,validation
10013,333998,examples
10014,333998,examples
10015,333998,validation
10016,333998,validation
10017,333998,test
10018,333998,training
10019,333998,examples
10020,333998,examples
10021,333998,training
10022,333998,examples
10023,333998,training
10024,333998,training
10025,333998,training
10026,333998,training
10027,333998,validation
10028,333998,examples
10029,333998,examples
10030,333998,test
10031,333998,examples
10032,333998,examples
10033,333998,validation
10034,333998,validation
10035,333998,test
10036,333998,test
10037,333998,training
10038,333998,training
10039,333998,test
10040,333998,examples
10041,333998,training
10042,333998,validation
10043,334111,training
10044,334111,validation
10045,334111,examples
10046,334111,test
10047,334111,training
10048,334111,training
10049,334111,examples
10050,334111,training
10051,334111,validation
10052,334111,examples
10053,334111,test
10054,334111,examples
10055,334111,training
10056,334111,validation
10057,334112,validation
10058,334112,training
10059,334112,test
10060,334112,training
10061,334112,examples
10062,334112,examples
10063,334112,examples
10064,334112,training
10065,334112,test
10066,334112,training
10067,334112,examples
10068,334112,validation
10069,334118,examples
10070,334118,examples
10071,334118,validation
10072,334118,training
10073,334118,training
10074,334118,examples
10075,334118,training
10076,334118,training
10077,334118,training
10078,334118,test
10079,334118,test
10080,334118,examples
10081,334118,examples
10082,334118,validation
10083,334118,test
10084,334118,examples
10085,334118,test
10086,334118,validation
10087,334118,validation
10088,334118,validation
10089,334118,training
10090,334118,training
10091,334118,examples
10092,334118,training
10093,334210,examples
10094,334210,examples
10095,334210,test
10096,334210,training
10097,334210,test
10098,334210,validation
10099,334210,validation
10100,334210,training
10101,334210,test
10102,334210,validation
10103,334210,examples
10104,334210,training
10105,334210,training
10106,334210,examples
10107,334210,training
10108,334210,examples
10109,334210,training
10110,334210,validation
10111,334210,examples
10112,334210,training
10113,334210,training
10114,334210,examples
10115,334220,validation
10116,334220,validation
10117,334220,training
10118,334220,validation
10119,334220,training
10120,334220,training
10121,334220,test
10122,334220,test
10123,334220,validation
10124,334220,training
10125,334220,examples
10126,334220,training
10127,334220,training
10128,334220,examples
10129,334220,examples
10130,334220,examples
10131,334220,examples
10132,334220,test
10133,334220,validation
10134,334220,test
10135,334220,examples
10136,334220,training
10137,334220,validation
10138,334220,training
10139,334220,training
10140,334220,validation
10141,334220,examples
10142,334220,examples
10143,334220,training
10144,334220,training
10145,334220,examples
10146,334220,test
10147,334220,training
10148,334220,examples
10149,334220,training
10150,334220,examples
10151,334290,examples
10152,334290,training
10153,334290,validation
10154,334290,training
10155,334290,examples
10156,334290,validation
10157,334290,examples
10158,334290,training
10159,334290,test
10160,334290,validation
10161,334290,training
10162,334290,validation
10163,334290,examples
10164,334290,examples
10165,334290,examples
10166,334290,training
10167,334290,training
10168,334290,training
10169,334290,test
10170,334290,examples
10171,334290,training
10172,334290,test
10173,334310,examples
10174,334310,training
10175,334310,validation
10176,334310,validation
10177,334310,validation
10178,334310,test
10179,334310,training
10180,334310,examples
10181,334310,training
10182,334310,test
10183,334310,validation
10184,334310,examples
10185,334310,examples
10186,334310,examples
10187,334310,validation
10188,334310,examples
10189,334310,validation
10190,334310,training
10191,334310,examples
10192,334310,training
10193,334310,training
10194,334310,test
10195,334310,training
10196,334310,test
10197,334310,examples
10198,334310,training
10199,334310,training
10200,334310,test
10201,334310,examples
10202,334310,training
10203,334412,training
10204,334412,validation
10205,334412,examples
10206,334413,training
10207,334413,examples
10208,334413,training
10209,334413,examples
10210,334413,validation
10211,334413,test
10212,334413,validation
10213,334413,examples
10214,334413,examples
10215,334413,training
10216,334413,training
10217,334413,training
10218,334413,validation
10219,334413,training
10220,334413,examples
10221,334413,training
10222,334413,test
10223,334413,examples
10224,334413,validation
10225,334413,examples
10226,334413,examples
10227,334413,test
10228,334413,test
10229,334413,examples
10230,334413,examples
10231,334413,training
10232,334413,training
10233,334413,training
10234,334413,test
10235,334413,validation
10236,334413,validation
10237,334413,validation
10238,334413,examples
10239,334413,training
10240,334413,training
10241,334416,training
10242,334416,examples
10243,334416,test
10244,334416,training
10245,334416,training
10246,334416,validation
10247,334416,examples
10248,334416,examples
10249,334416,validation
10250,334417,examples
10251,334417,training
10252,334417,training
10253,334417,examples
10254,334417,test
10255,334417,validation
10256,334418,validation
10257,334418,training
10258,334418,training
10259,334418,validation
10260,334418,examples
10261,334418,examples
10262,334418,test
10263,334418,training
10264,334419,examples
10265,334419,test
10266,334419,training
10267,334419,examples
10268,334419,test
10269,334419,training
10270,334419,examples
10271,334419,test
10272,334419,test
10273,334419,training
10274,334419,validation
10275,334419,examples
10276,334419,validation
10277,334419,training
10278,334419,training
10279,334419,training
10280,334419,examples
10281,334419,examples
10282,334419,validation
10283,334419,training
10284,334419,examples
10285,334419,examples
10286,334419,validation
10287,334419,validation
10288,334419,examples
10289,334419,test
10290,334419,validation
10291,334419,examples
10292,334419,training
10293,334419,training
10294,334419,validation
10295,334419,training
10296,334419,training
10297,334510,validation
10298,334510,validation
10299,334510,validation
10300,334510,examples
10301,334510,validation
10302,334510,training
10303,334510,training
10304,334510,validation
10305,334510,examples
10306,334510,examples
10307,334510,training
10308,334510,training
10309,334510,test
10310,334510,examples
10311,334510,examples
10312,334510,test
10313,334510,training
10314,334510,test
10315,334510,training
10316,334510,validation
10317,334510,examples
10318,334510,training
10319,334510,validation
10320,334510,validation
10321,334510,examples
10322,334510,examples
10323,334510,training
10324,334510,test
10325,334510,examples
10326,334510,training
10327,334510,training
10328,334510,training
10329,334510,training
10330,334510,examples
10331,334510,examples
10332,334510,training
10333,334510,training
10334,334510,test
10335,334510,training
10336,334510,validation
10337,334510,test
10338,334510,training
10339,334510,examples
10340,334510,training
10341,334510,examples
10342,334510,test
10343,334510,training
10344,334510,validation
10345,334510,examples
10346,334510,validation
10347,334510,examples
10348,334510,examples
10349,334510,examples
10350,334510,test
10351,334510,training
10352,334511,examples
10353,334511,validation
10354,334511,validation
10355,334511,examples
10356,334511,validation
10357,334511,test
10358,334511,training
10359,334511,training
10360,334511,examples
10361,334511,validation
10362,334511,training
10363,334511,examples
10364,334511,test
10365,334511,training
10366,334511,validation
10367,334511,training
10368,334511,validation
10369,334511,test
10370,334511,test
10371,334511,training
10372,334511,examples
10373,334511,training
10374,334511,test
10375,334511,test
10376,334511,validation
10377,334511,examples
10378,334511,training
10379,334511,training
10380,334511,examples
10381,334511,training
10382,334511,training
10383,334511,examples
10384,334511,training
10385,334511,validation
10386,334511,examples
10387,334511,examples
10388,334511,examples
10389,334511,examples
10390,334511,training
10391,334511,test
10392,334511,training
10393,334511,examples
10394,334511,test
10395,334511,validation
10396,334511,training
10397,334511,examples
10398,334511,training
10399,334511,training
10400,334511,validation
10401,334511,test
10402,334511,training
10403,334511,validation
10404,334511,validation
10405,334511,examples
10406,334511,examples
10407,334511,training
10408,334511,training
10409,334511,examples
10410,334512,training
10411,334512,training
10412,334512,validation
10413,334512,examples
10414,334512,test
10415,334512,training
10416,334512,training
10417,334512,validation
10418,334512,training
10419,334512,test
10420,334512,validation
10421,334512,test
10422,334512,examples
10423,334512,examples
10424,334512,test
10425,334512,training
10426,334512,test
10427,334512,examples
10428,334512,examples
10429,334512,examples
10430,334512,training
10431,334512,training
10432,334512,validation
10433,334512,training
10434,334512,examples
10435,334512,training
10436,334512,test
10437,334512,training
10438,334512,test
10439,334512,examples
10440,334512,validation
10441,334512,training
10442,334512,examples
10443,334512,validation
10444,334512,training
10445,334512,validation
10446,334512,examples
10447,334512,training
10448,334512,examples
10449,334512,training
10450,334512,examples
10451,334512,examples
10452,334512,test
10453,334512,training
10454,334512,examples
10455,334512,training
10456,334512,training
10457,334512,validation
10458,334512,examples
10459,334512,training
10460,334512,validation
10461,334512,examples
10462,334512,validation
10463,334512,validation
10464,334512,examples
10465,334512,training
10466,334513,validation
10467,334513,test
10468,334513,test
10469,334513,test
10470,334513,training
10471,334513,training
10472,334513,training
10473,334513,examples
10474,334513,training
10475,334513,examples
10476,334513,examples
10477,334513,validation
10478,334513,validation
10479,334513,validation
10480,334513,examples
10481,334513,training
10482,334513,examples
10483,334513,training
10484,334513,examples
10485,334513,training
10486,334513,training
10487,334513,training
10488,334513,examples
10489,334513,training
10490,334513,examples
10491,334513,examples
10492,334513,training
10493,334513,training
10494,334513,validation
10495,334513,validation
10496,334513,test
10497,334513,training
10498,334513,training
10499,334513,training
10500,334513,examples
10501,334513,training
10502,334513,training
10503,334513,validation
10504,334513,test
10505,334513,validation
10506,334513,test
10507,334513,test
10508,334513,validation
10509,334513,validation
10510,334513,examples
10511,334513,examples
10512,334513,examples
10513,334513,examples
10514,334513,training
10515,334513,examples
10516,334513,test
10517,334513,training
10518,334513,training
10519,334513,training
10520,334513,validation
10521,334513,training
10522,334513,validation
10523,334513,examples
10524,334513,examples
10525,334513,examples
10526,334513,training
10527,334513,test
10528,334513,training
10529,334513,examples
10530,334513,test
10531,334513,examples
10532,334513,validation
10533,334513,examples
10534,334513,test
10535,334513,examples
10536,334513,validation
10537,334513,training
10538,334514,validation
10539,334514,validation
10540,334514,examples
10541,334514,test
10542,334514,validation
10543,334514,examples
10544,334514,training
10545,334514,training
10546,334514,test
10547,334514,test
10548,334514,examples
10549,334514,training
10550,334514,training
10551,334514,examples
10552,334514,training
10553,334514,training
10554,334514,examples
10555,334514,training
10556,334514,examples
10557,334514,training
10558,334514,training
10559,334514,examples
10560,334514,validation
10561,334514,training
10562,334514,validation
10563,334514,examples
10564,334514,test
10565,334514,validation
10566,334514,validation
10567,334514,test
10568,334514,examples
10569,334514,training
10570,334514,validation
10571,334514,examples
10572,334514,examples
10573,334514,training
10574,334514,test
10575,334514,examples
10576,334514,training
10577,334514,training
10578,334514,training
10579,334515,validation
10580,334515,training
10581,334515,training
10582,334515,training
10583,334515,training
10584,334515,examples
10585,334515,validation
10586,334515,examples
10587,334515,examples
10588,334515,training
10589,334515,examples
10590,334515,examples
10591,334515,examples
10592,334515,test
10593,334515,test
10594,334515,training
10595,334515,validation
10596,334515,training
10597,334515,validation
10598,334515,examples
10599,334515,training
10600,334515,training
10601,334515,training
10602,334515,training
10603,334515,training
10604,334515,examples
10605,334515,validation
10606,334515,test
10607,334515,examples
10608,334515,examples
10609,334515,examples
10610,334515,test
10611,334515,examples
10612,334515,training
10613,334515,training
10614,334515,training
10615,334515,validation
10616,334515,examples
10617,334515,training
10618,334515,test
10619,334515,test
10620,334515,test
10621,334515,examples
10622,334515,training
10623,334515,validation
10624,334515,training
10625,334515,test
10626,334515,training
10627,334515,examples
10628,334515,validation
10629,334515,test
10630,334515,validation
10631,334515,examples
10632,334515,training
10633,334515,validation
10634,334515,training
10635,334515,validation
10636,334515,training
10637,334515,training
10638,334515,validation
10639,334515,test
10640,334515,examples
10641,334515,examples
10642,334515,training
10643,334515,examples
10644,334515,validation
10645,334515,examples
10646,334515,training
10647,334515,examples
10648,334515,examples
10649,334515,test
10650,334515,validation
10651,334515,training
10652,334515,test
10653,334515,examples
10654,334515,examples
10655,334515,training
10656,334515,training
10657,334515,examples
10658,334515,training
10659,334515,validation
10660,334515,examples
10661,334515,validation
10662,334515,training
10663,334515,validation
10664,334515,training
10665,334515,test
10666,334516,training
10667,334516,examples
10668,334516,validation
10669,334516,training
10670,334516,validation
10671,334516,training
10672,334516,examples
10673,334516,training
10674,334516,training
10675,334516,examples
10676,334516,training
10677,334516,examples
10678,334516,examples
10679,334516,examples
10680,334516,training
10681,334516,test
10682,334516,validation
10683,334516,training
10684,334516,examples
10685,334516,training
10686,334516,examples
10687,334516,examples
10688,334516,examples
10689,334516,test
10690,334516,examples
10691,334516,examples
10692,334516,training
10693,334516,validation
10694,334516,training
10695,334516,training
10696,334516,training
10697,334516,test
10698,334516,training
10699,334516,training
10700,334516,examples
10701,334516,examples
10702,334516,training
10703,334516,test
10704,334516,test
10705,334516,training
10706,334516,test
10707,334516,training
10708,334516,examples
10709,334516,training
10710,334516,validation
10711,334516,validation
10712,334516,test
10713,334516,validation
10714,334516,validation
10715,334516,validation
10716,334516,validation
10717,334516,training
10718,334516,training
10719,334516,test
10720,334516,test
10721,334516,validation
10722,334516,validation
10723,334516,training
10724,334516,validation
10725,334516,examples
10726,334516,examples
10727,334516,examples
10728,334516,examples
10729,334517,test
10730,334517,training
10731,334517,examples
10732,334517,validation
10733,334517,validation
10734,334517,examples
10735,334517,examples
10736,334517,validation
10737,334517,training
10738,334517,test
10739,334517,training
10740,334517,examples
10741,334517,training
10742,334517,test
10743,334517,training
10744,334517,validation
10745,334517,examples
10746,334517,examples
10747,334517,training
10748,334519,training
10749,334519,examples
10750,334519,test
10751,334519,validation
10752,334519,examples
10753,334519,training
10754,334519,examples
10755,334519,validation
10756,334519,examples
10757,334519,examples
10758,334519,test
10759,334519,test
10760,334519,training
10761,334519,training
10762,334519,training
10763,334519,validation
10764,334519,validation
10765,334519,training
10766,334519,training
10767,334519,examples
10768,334519,test
10769,334519,test
10770,334519,validation
10771,334519,examples
10772,334519,examples
10773,334519,validation
10774,334519,training
10775,334519,training
10776,334519,training
10777,334519,examples
10778,334519,test
10779,334519,examples
10780,334519,examples
10781,334519,examples
10782,334519,examples
10783,334519,examples
10784,334519,examples
10785,334519,training
10786,334519,training
10787,334519,examples
10788,334519,training
10789,334519,training
10790,334519,test
10791,334519,training
10792,334519,validation
10793,334519,training
10794,334519,training
10795,334519,test
10796,334519,examples
10797,334519,test
10798,334519,training
10799,334519,examples
10800,334519,training
10801,334519,training
10802,334519,examples
10803,334519,validation
10804,334519,examples
10805,334519,training
10806,334519,validation
10807,334519,test
10808,334519,training
10809,334519,examples
10810,334519,validation
10811,334519,training
10812,334519,validation
10813,334519,training
10814,334519,validation
10815,334519,examples
10816,334519,training
10817,334519,training
10818,334519,training
10819,334519,examples
10820,334519,training
10821,334519,validation
10822,334519,test
10823,334519,training
10824,334519,validation
10825,334519,examples
10826,334519,training
10827,334519,examples
10828,334519,training
10829,334519,validation
10830,334519,test
10831,334519,validation
10832,334519,examples
10833,334519,training
10834,334519,examples
10835,334519,training
10836,334519,test
10837,334519,training
10838,334519,examples
10839,334519,training
10840,334519,validation
10841,334519,validation
10842,334519,validation
10843,334519,training
10844,334519,validation
10845,334519,examples
10846,334519,training
10847,334519,examples
10848,334519,training
10849,334519,validation
10850,334519,examples
10851,334519,examples
10852,334519,training
10853,334519,examples
10854,334519,test
10855,334519,test
10856,334519,test
10857,334519,test
10858,334519,examples
10859,334519,examples
10860,334519,validation
10861,334519,training
10862,334519,training
10863,334519,test
10864,334519,validation
10865,334610,validation
10866,334610,examples
10867,334610,validation
10868,334610,examples
10869,334610,training
10870,334610,test
10871,334610,training
10872,334610,training
10873,334610,examples
10874,334610,training
10875,334610,training
10876,334610,validation
10877,334610,validation
10878,334610,examples
10879,334610,test
10880,334610,validation
10881,334610,examples
10882,334610,training
10883,334610,test
10884,334610,examples
10885,334610,examples
10886,334610,examples
10887,334610,training
10888,334610,training
10889,334610,test
10890,334610,training
10891,335131,test
10892,335131,examples
10893,335131,examples
10894,335131,training
10895,335131,test
10896,335131,validation
10897,335131,training
10898,335131,test
10899,335131,training
10900,335131,examples
10901,335131,training
10902,335131,examples
10903,335131,examples
10904,335131,training
10905,335131,training
10906,335131,examples
10907,335131,validation
10908,335131,validation
10909,335131,training
10910,335131,validation
10911,335132,validation
10912,335132,training
10913,335132,examples
10914,335132,test
10915,335132,examples
10916,335132,training
10917,335132,training
10918,335132,examples
10919,335132,training
10920,335132,test
10921,335132,examples
10922,335132,test
10923,335132,training
10924,335132,training
10925,335132,examples
10926,335132,validation
10927,335132,validation
10928,335132,examples
10929,335132,validation
10930,335132,training
10931,335139,examples
10932,335139,validation
10933,335139,examples
10934,335139,training
10935,335139,training
10936,335139,validation
10937,335139,validation
10938,335139,training
10939,335139,examples
10940,335139,test
10941,335139,examples
10942,335139,examples
10943,335139,training
10944,335139,training
10945,335139,examples
10946,335139,training
10947,335139,test
10948,335139,validation
10949,335139,validation
10950,335139,examples
10951,335139,training
10952,335139,examples
10953,335139,examples
10954,335139,test
10955,335139,examples
10956,335139,training
10957,335139,test
10958,335139,test
10959,335139,examples
10960,335139,training
10961,335139,training
10962,335139,examples
10963,335139,test
10964,335139,examples
10965,335139,validation
10966,335139,training
10967,335139,validation
10968,335139,training
10969,335139,validation
10970,335139,training
10971,335139,test
10972,335139,training
10973,335139,training
10974,335139,training
10975,335139,validation
10976,335139,training
10977,335139,examples
10978,335139,examples
10979,335139,examples
10980,335139,examples
10981,335139,examples
10982,335139,validation
10983,335139,training
10984,335139,validation
10985,335139,examples
10986,335139,training
10987,335139,test
10988,335139,training
10989,335139,training
10990,335139,test
10991,335139,validation
10992,335139,test
10993,335139,validation
10994,335139,training
10995,335139,training
10996,335210,examples
10997,335210,examples
10998,335210,examples
10999,335210,training
11000,335210,examples
11001,335210,examples
11002,335210,training
11003,335210,training
11004,335210,validation
11005,335210,examples
11006,335210,training
11007,335210,examples
11008,335210,validation
11009,335210,training
11010,335210,training
11011,335210,test
11012,335210,test
11013,335210,validation
11014,335210,training
11015,335210,training
11016,335210,training
11017,335210,test
11018,335210,examples
11019,335210,training
11020,335210,examples
11021,335210,test
11022,335210,examples
11023,335210,examples
11024,335210,training
11025,335210,examples
11026,335210,training
11027,335210,validation
11028,335210,training
11029,335210,validation
11030,335210,test
11031,335210,validation
11032,335210,test
11033,335210,training
11034,335210,test
11035,335210,examples
11036,335210,examples
11037,335210,test
11038,335210,examples
11039,335210,training
11040,335210,training
11041,335210,training
11042,335210,test
11043,335210,examples
11044,335210,test
11045,335210,training
11046,335210,training
11047,335210,validation
11048,335210,examples
11049,335210,validation
11050,335210,training
11051,335210,validation
11052,335210,examples
11053,335210,examples
11054,335210,training
11055,335210,training
11056,335210,training
11057,335210,training
11058,335210,validation
11059,335210,training
11060,335210,training
11061,335210,training
11062,335210,test
11063,335210,training
11064,335210,examples
11065,335210,examples
11066,335210,test
11067,335210,validation
11068,335210,validation
11069,335210,validation
11070,335210,validation
11071,335210,validation
11072,335210,test
11073,335210,validation
11074,335210,training
11075,335210,validation
11076,335210,examples
11077,335210,examples
11078,335210,test
11079,335210,examples
11080,335210,training
11081,335210,training
11082,335210,examples
11083,335210,validation
11084,335210,examples
11085,335210,examples
11086,335210,training
11087,335220,examples
11088,335220,training
11089,335220,training
11090,335220,training
11091,335220,training
11092,335220,examples
11093,335220,test
11094,335220,training
11095,335220,examples
11096,335220,validation
11097,335220,test
11098,335220,validation
11099,335220,examples
11100,335220,training
11101,335220,examples
11102,335220,training
11103,335220,validation
11104,335220,examples
11105,335220,examples
11106,335220,validation
11107,335220,training
11108,335220,validation
11109,335220,examples
11110,335220,test
11111,335220,test
11112,335220,training
11113,335220,training
11114,335311,validation
11115,335311,training
11116,335311,test
11117,335311,training
11118,335311,examples
11119,335311,test
11120,335311,examples
11121,335311,validation
11122,335311,validation
11123,335311,examples
11124,335311,validation
11125,335311,training
11126,335311,validation
11127,335311,validation
11128,335311,examples
11129,335311,training
11130,335311,validation
11131,335311,examples
11132,335311,training
11133,335311,examples
11134,335311,training
11135,335311,training
11136,335311,examples
11137,335311,training
11138,335311,test
11139,335311,training
11140,335311,training
11141,335311,test
11142,335311,test
11143,335311,test
11144,335311,training
11145,335311,examples
11146,335311,examples
11147,335311,examples
11148,335311,training
11149,335311,training
11150,335311,examples
11151,335312,test
11152,335312,training
11153,335312,examples
11154,335312,examples
11155,335312,examples
11156,335312,training
11157,335312,validation
11158,335312,training
11159,335312,examples
11160,335312,training
11161,335312,validation
11162,335312,examples
11163,335312,test
11164,335312,examples
11165,335312,validation
11166,335312,training
11167,335312,training
11168,335312,training
11169,335312,validation
11170,335312,examples
11171,335312,validation
11172,335312,examples
11173,335312,test
11174,335312,validation
11175,335312,test
11176,335312,training
11177,335312,test
11178,335312,examples
11179,335312,training
11180,335312,training
11181,335312,training
11182,335312,examples
11183,335312,validation
11184,335312,training
11185,335312,training
11186,335312,test
11187,335312,examples
11188,335312,validation
11189,335313,examples
11190,335313,training
11191,335313,examples
11192,335313,training
11193,335313,training
11194,335313,validation
11195,335313,test
11196,335313,test
11197,335313,training
11198,335313,training
11199,335313,test
11200,335313,examples
11201,335313,test
11202,335313,training
11203,335313,training
11204,335313,validation
11205,335313,validation
11206,335313,validation
11207,335313,examples
11208,335313,examples
11209,335313,examples
11210,335313,examples
11211,335313,examples
11212,335313,validation
11213,335313,validation
11214,335313,training
11215,335313,examples
11216,335313,training
11217,335313,training
11218,335314,training
11219,335314,training
11220,335314,training
11221,335314,validation
11222,335314,training
11223,335314,examples
11224,335314,examples
11225,335314,examples
11226,335314,test
11227,335314,validation
11228,335314,examples
11229,335314,examples
11230,335314,training
11231,335314,test
11232,335314,validation
11233,335314,training
11234,335314,training
11235,335314,validation
11236,335314,test
11237,335314,examples
11238,335314,training
11239,335314,examples
11240,335910,training
11241,335910,examples
11242,335910,test
11243,335910,test
11244,335910,validation
11245,335910,validation
11246,335910,training
11247,335910,training
11248,335910,examples
11249,335910,training
11250,335910,examples
11251,335910,training
11252,335910,test
11253,335910,training
11254,335910,examples
11255,335910,validation
11256,335910,test
11257,335910,training
11258,335910,validation
11259,335910,examples
11260,335910,training
11261,335910,examples
11262,335910,examples
11263,335910,validation
11264,335921,examples
11265,335929,test
11266,335929,examples
11267,335929,validation
11268,335929,training
11269,335931,validation
11270,335931,training
11271,335931,test
11272,335931,examples
11273,335931,training
11274,335931,examples
11275,335931,examples
11276,335931,examples
11277,335931,test
11278,335931,test
11279,335931,training
11280,335931,examples
11281,335931,examples
11282,335931,examples
11283,335931,training
11284,335931,training
11285,335931,validation
11286,335931,training
11287,335931,test
11288,335931,examples
11289,335931,validation
11290,335931,validation
11291,335931,test
11292,335931,validation
11293,335931,training
11294,335931,training
11295,335931,examples
11296,335931,training
11297,335931,validation
11298,335931,training
11299,335931,validation
11300,335931,training
11301,335931,examples
11302,335931,test
11303,335931,validation
11304,335931,training
11305,335931,examples
11306,335931,training
11307,335931,examples
11308,335932,validation
11309,335932,validation
11310,335932,examples
11311,335932,training
11312,335932,examples
11313,335932,examples
11314,335932,validation
11315,335932,examples
11316,335932,training
11317,335932,training
11318,335932,test
11319,335932,test
11320,335932,training
11321,335991,examples
11322,335991,examples
11323,335991,validation
11324,335991,validation
11325,335991,training
11326,335991,training
11327,335991,training
11328,335991,examples
11329,335991,training
11330,335991,test
11331,335991,validation
11332,335991,examples
11333,335991,training
11334,335991,test
11335,335991,validation
11336,335991,examples
11337,335991,test
11338,335991,examples
11339,335991,training
11340,335999,validation
11341,335999,training
11342,335999,validation
11343,335999,validation
11344,335999,training
11345,335999,validation
11346,335999,validation
11347,335999,training
11348,335999,validation
11349,335999,examples
11350,335999,validation
11351,335999,test
11352,335999,training
11353,335999,training
11354,335999,test
11355,335999,training
11356,335999,training
11357,335999,validation
11358,335999,examples
11359,335999,examples
11360,335999,examples
11361,335999,test
11362,335999,test
11363,335999,examples
11364,335999,training
11365,335999,training
11366,335999,test
11367,335999,training
11368,335999,training
11369,335999,training
11370,335999,training
11371,335999,training
11372,335999,examples
11373,335999,examples
11374,335999,examples
11375,335999,test
11376,335999,examples
11377,335999,examples
11378,335999,examples
11379,335999,examples
11380,336110,training
11381,336110,test
11382,336110,training
11383,336110,examples
11384,336110,examples
11385,336110,examples
11386,336110,validation
11387,336110,training
11388,336110,examples
11389,336110,training
11390,336110,test
11391,336110,validation
11392,336110,test
11393,336110,examples
11394,336110,examples
11395,336110,validation
11396,336110,training
11397,336110,training
11398,336110,validation
11399,336120,examples
11400,336120,examples
11401,336120,test
11402,336120,training
11403,336120,examples
11404,336120,validation
11405,336120,test
11406,336120,training
11407,336120,validation
11408,336120,training
11409,336120,training
11410,336211,training
11411,336211,training
11412,336211,validation
11413,336211,examples
11414,336211,test
11415,336211,validation
11416,336211,examples
11417,336211,examples
11418,336211,training
11419,336211,examples
11420,336211,test
11421,336211,examples
11422,336211,training
11423,336211,training
11424,336211,examples
11425,336211,test
11426,336211,training
11427,336211,examples
11428,336211,test
11429,336211,validation
11430,336211,training
11431,336211,validation
11432,336211,examples
11433,336211,training
11434,336211,validation
11435,336211,training
11436,336211,examples
11437,336211,training
11438,336211,validation
11439,336212,validation
11440,336212,examples
11441,336212,training
11442,336212,test
11443,336212,training
11444,336212,test
11445,336212,training
11446,336212,examples
11447,336212,training
11448,336212,examples
11449,336212,validation
11450,336213,validation
11451,336213,examples
11452,336213,training
11453,336214,examples
11454,336214,validation
11455,336214,examples
11456,336214,validation
11457,336214,training
11458,336214,examples
11459,336214,training
11460,336214,test
11461,336214,test
11462,336214,validation
11463,336214,training
11464,336214,examples
11465,336214,training
11466,336310,validation
11467,336310,validation
11468,336310,validation
11469,336310,training
11470,336310,validation
11471,336310,test
11472,336310,examples
11473,336310,training
11474,336310,examples
11475,336310,examples
11476,336310,training
11477,336310,examples
11478,336310,examples
11479,336310,examples
11480,336310,training
11481,336310,validation
11482,336310,training
11483,336310,examples
11484,336310,examples
11485,336310,training
11486,336310,test
11487,336310,test
11488,336310,test
11489,336310,training
11490,336310,training
11491,336310,training
11492,336320,training
11493,336320,test
11494,336320,validation
11495,336320,examples
11496,336320,validation
11497,336320,training
11498,336320,test
11499,336320,examples
11500,336320,training
11501,336320,examples
11502,336320,training
11503,336320,validation
11504,336320,examples
11505,336320,test
11506,336320,training
11507,336320,training
11508,336320,training
11509,336320,examples
11510,336320,training
11511,336320,test
11512,336320,validation
11513,336320,training
11514,336320,examples
11515,336320,training
11516,336320,examples
11517,336320,validation
11518,336320,examples
11519,336320,validation
11520,336320,training
11521,336320,examples
11522,336320,test
11523,336330,training
11524,336330,training
11525,336330,test
11526,336330,examples
11527,336330,validation
11528,336330,examples
11529,336330,test
11530,336330,validation
11531,336330,training
11532,336330,examples
11533,336330,training
11534,336340,training
11535,336340,test
11536,336340,validation
11537,336340,validation
11538,336340,training
11539,336340,training
11540,336340,training
11541,336340,training
11542,336340,examples
11543,336340,test
11544,336340,examples
11545,336340,examples
11546,336340,validation
11547,336340,examples
11548,336350,test
11549,336350,examples
11550,336350,test
11551,336350,training
11552,336350,validation
11553,336350,examples
11554,336350,training
11555,336350,examples
11556,336350,examples
11557,336350,training
11558,336350,training
11559,336350,examples
11560,336350,validation
11561,336350,validation
11562,336350,training
11563,336360,validation
11564,336360,training
11565,336360,examples
11566,336360,examples
11567,336360,test
11568,336360,validation
11569,336360,training
11570,336360,examples
11571,336360,training
11572,336360,examples
11573,336360,validation
11574,336360,test
11575,336360,training
11576,336360,training
11577,336370,validation
11578,336370,training
11579,336370,test
11580,336370,validation
11581,336370,training
11582,336370,examples
11583,336370,training
11584,336370,examples
11585,336390,test
11586,336390,validation
11587,336390,test
11588,336390,validation
11589,336390,training
11590,336390,examples
11591,336390,training
11592,336390,examples
11593,336390,training
11594,336390,validation
11595,336390,training
11596,336390,validation
11597,336390,validation
11598,336390,examples
11599,336390,examples
11600,336390,training
11601,336390,test
11602,336390,training
11603,336390,training
11604,336390,examples
11605,336390,training
11606,336390,examples
11607,336390,training
11608,336390,examples
11609,336390,test
11610,336390,examples
11611,336390,validation
11612,336390,training
11613,336390,training
11614,336390,examples
11615,336411,validation
11616,336411,training
11617,336411,examples
11618,336411,validation
11619,336411,examples
11620,336411,validation
11621,336411,training
11622,336411,examples
11623,336411,examples
11624,336411,test
11625,336411,training
11626,336411,training
11627,336411,test
11628,336412,training
11629,336412,test
11630,336412,examples
11631,336412,training
11632,336412,validation
11633,336412,examples
11634,336412,examples
11635,336412,training
11636,336412,validation
11637,336412,training
11638,336412,examples
11639,336412,test
11640,336413,test
11641,336413,examples
11642,336413,training
11643,336413,training
11644,336413,training
11645,336413,test
11646,336413,examples
11647,336413,examples
11648,336413,validation
11649,336413,examples
11650,336413,validation
11651,336413,validation
11652,336413,training
11653,336414,training
11654,336414,training
11655,336414,test
11656,336414,validation
11657,336414,examples
11658,336415,examples
11659,336415,validation
11660,336415,training
11661,336415,test
11662,336419,examples
11663,336419,test
11664,336419,training
11665,336419,validation
11666,336510,training
11667,336510,training
11668,336510,examples
11669,336510,validation
11670,336510,validation
11671,336510,training
11672,336510,validation
11673,336510,training
11674,336510,examples
11675,336510,training
11676,336510,examples
11677,336510,test
11678,336510,examples
11679,336510,examples
11680,336510,test
11681,336510,training
11682,336510,test
11683,336611,training
11684,336611,training
11685,336611,examples
11686,336611,examples
11687,336611,training
11688,336611,training
11689,336611,validation
11690,336611,validation
11691,336611,examples
11692,336611,validation
11693,336611,training
11694,336611,examples
11695,336611,examples
11696,336611,test
11697,336611,training
11698,336611,training
11699,336611,test
11700,336611,training
11701,336611,test
11702,336611,validation
11703,336611,examples
11704,336611,examples
11705,336611,test
11706,336611,examples
11707,336611,training
11708,336611,validation
11709,336612,examples
11710,336612,examples
11711,336612,examples
11712,336612,training
11713,336612,training
11714,336612,validation
11715,336612,validation
11716,336612,examples
11717,336612,training
11718,336612,training
11719,336612,training
11720,336612,examples
11721,336612,test
11722,336612,validation
11723,336612,examples
11724,336612,test
11725,336612,validation
11726,336612,test
11727,336612,training
11728,336991,test
11729,336991,training
11730,336991,examples
11731,336991,examples
11732,336991,training
11733,336991,validation
11734,336991,training
11735,336992,training
11736,336992,examples
11737,336992,validation
11738,336999,examples
11739,336999,training
11740,336999,training
11741,336999,examples
11742,336999,validation
11743,336999,examples
11744,336999,test
11745,336999,training
11746,336999,training
11747,336999,test
11748,336999,validation
11749,337110,training
11750,337110,examples
11751,337110,validation
11752,337110,validation
11753,337110,examples
11754,337110,training
11755,337110,test
11756,337110,training
11757,337110,examples
11758,337110,training
11759,337121,training
11760,337121,validation
11761,337121,examples
11762,337121,test
11763,337121,examples
11764,337121,examples
11765,337121,validation
11766,337121,examples
11767,337121,validation
11768,337121,training
11769,337121,training
11770,337121,examples
11771,337121,training
11772,337121,test
11773,337121,training
11774,337121,validation
11775,337121,examples
11776,337121,training
11777,337121,test
11778,337121,training
11779,337121,examples
11780,337121,training
11781,337122,training
11782,337122,validation
11783,337122,examples
11784,337122,training
11785,337122,test
11786,337122,training
11787,337122,validation
11788,337122,training
11789,337122,examples
11790,337122,test
11791,337122,test
11792,337122,test
11793,337122,test
11794,337122,validation
11795,337122,validation
11796,337122,test
11797,337122,examples
11798,337122,examples
11799,337122,training
11800,337122,validation
11801,337122,training
11802,337122,training
11803,337122,examples
11804,337122,examples
11805,337122,training
11806,337122,examples
11807,337122,training
11808,337122,examples
11809,337122,test
11810,337122,validation
11811,337122,examples
11812,337122,examples
11813,337122,training
11814,337122,validation
11815,337122,examples
11816,337122,training
11817,337122,examples
11818,337122,test
11819,337122,validation
11820,337122,examples
11821,337122,training
11822,337122,validation
11823,337122,validation
11824,337122,examples
11825,337122,examples
11826,337122,examples
11827,337122,training
11828,337122,training
11829,337122,examples
11830,337122,training
11831,337122,training
11832,337122,training
11833,337122,training
11834,337122,validation
11835,337122,training
11836,337122,training
11837,337126,training
11838,337126,validation
11839,337126,examples
11840,337126,validation
11841,337126,training
11842,337126,training
11843,337126,examples
11844,337126,examples
11845,337126,examples
11846,337126,test
11847,337126,training
11848,337126,training
11849,337126,examples
11850,337126,training
11851,337126,examples
11852,337126,training
11853,337126,validation
11854,337126,training
11855,337126,training
11856,337126,validation
11857,337126,validation
11858,337126,examples
11859,337126,examples
11860,337126,training
11861,337126,training
11862,337126,examples
11863,337126,test
11864,337126,examples
11865,337126,training
11866,337126,validation
11867,337126,training
11868,337126,validation
11869,337126,training
11870,337126,examples
11871,337126,examples
11872,337126,validation
11873,337126,training
11874,337126,training
11875,337126,examples
11876,337126,training
11877,337126,test
11878,337126,test
11879,337126,training
11880,337126,training
11881,337126,examples
11882,337126,validation
11883,337126,examples
11884,337126,training
11885,337126,validation
11886,337126,test
11887,337126,validation
11888,337126,test
11889,337126,examples
11890,337126,test
11891,337126,test
11892,337126,examples
11893,337127,training
11894,337127,training
11895,337127,examples
11896,337127,test
11897,337127,training
11898,337127,validation
11899,337127,training
11900,337127,training
11901,337127,validation
11902,337127,examples
11903,337127,training
11904,337127,examples
11905,337127,training
11906,337127,validation
11907,337127,examples
11908,337127,test
11909,337127,validation
11910,337127,test
11911,337127,examples
11912,337127,examples
11913,337127,test
11914,337127,test
11915,337127,examples
11916,337127,training
11917,337127,examples
11918,337127,training
11919,337127,examples
11920,337127,training
11921,337127,validation
11922,337127,training
11923,337127,validation
11924,337127,examples
11925,337211,examples
11926,337211,validation
11927,337211,validation
11928,337211,training
11929,337211,examples
11930,337211,training
11931,337211,examples
11932,337211,training
11933,337211,test
11934,337212,examples
11935,337212,validation
11936,337212,training
11937,337212,test
11938,337214,validation
11939,337214,examples
11940,337214,test
11941,337214,training
11942,337214,validation
11943,337214,training
11944,337214,examples
11945,337214,training
11946,337214,examples
11947,337215,training
11948,337215,test
11949,337215,validation
11950,337215,training
11951,337215,examples
11952,337215,examples
11953,337215,examples
11954,337215,training
11955,337215,test
11956,337215,test
11957,337215,examples
11958,337215,training
11959,337215,examples
11960,337215,examples
11961,337215,training
11962,337215,validation
11963,337215,validation
11964,337215,training
11965,337215,training
11966,337215,training
11967,337215,validation
11968,337215,examples
11969,337215,training
11970,337215,validation
11971,337215,test
11972,337910,training
11973,337910,test
11974,337910,training
11975,337910,examples
11976,337910,training
11977,337910,examples
11978,337910,validation
11979,337920,validation
11980,337920,validation
11981,337920,training
11982,337920,examples
11983,337920,examples
11984,337920,validation
11985,337920,training
11986,337920,training
11987,337920,examples
11988,337920,test
11989,337920,training
11990,337920,test
11991,337920,examples
11992,339112,examples
11993,339112,examples
11994,339112,training
11995,339112,examples
11996,339112,training
11997,339112,validation
11998,339112,validation
11999,339112,examples
12000,339112,validation
12001,339112,examples
12002,339112,examples
12003,339112,training
12004,339112,validation
12005,339112,validation
12006,339112,test
12007,339112,examples
12008,339112,test
12009,339112,examples
12010,339112,validation
12011,339112,examples
12012,339112,training
12013,339112,examples
12014,339112,training
12015,339112,validation
12016,339112,test
12017,339112,training
12018,339112,training
12019,339112,test
12020,339112,validation
12021,339112,test
12022,339112,validation
12023,339112,test
12024,339112,training
12025,339112,training
12026,339112,training
12027,339112,training
12028,339112,training
12029,339112,training
12030,339112,training
12031,339112,examples
12032,339112,test
12033,339112,examples
12034,339112,examples
12035,339112,examples
12036,339112,training
12037,339112,training
12038,339113,examples
12039,339113,training
12040,339113,training
12041,339113,test
12042,339113,validation
12043,339113,examples
12044,339113,examples
12045,339113,training
12046,339113,test
12047,339113,test
12048,339113,test
12049,339113,training
12050,339113,training
12051,339113,examples
12052,339113,examples
12053,339113,validation
12054,339113,validation
12055,339113,validation
12056,339113,examples
12057,339113,validation
12058,339113,examples
12059,339113,examples
12060,339113,examples
12061,339113,validation
12062,339113,training
12063,339113,test
12064,339113,examples
12065,339113,training
12066,339113,validation
12067,339113,test
12068,339113,test
12069,339113,examples
12070,339113,test
12071,339113,training
12072,339113,training
12073,339113,validation
12074,339113,examples
12075,339113,training
12076,339113,training
12077,339113,training
12078,339113,examples
12079,339113,examples
12080,339113,test
12081,339113,training
12082,339113,training
12083,339113,validation
12084,339113,examples
12085,339113,examples
12086,339113,examples
12087,339113,training
12088,339113,test
12089,339113,validation
12090,339113,training
12091,339113,training
12092,339113,training
12093,339113,training
12094,339113,validation
12095,339113,test
12096,339113,training
12097,339113,validation
12098,339113,examples
12099,339113,training
12100,339113,examples
12101,339113,training
12102,339113,training
12103,339113,validation
12104,339113,validation
12105,339113,examples
12106,339113,test
12107,339113,training
12108,339113,validation
12109,339113,examples
12110,339113,training
12111,339113,training
12112,339113,training
12113,339113,validation
12114,339113,examples
12115,339113,examples
12116,339113,training
12117,339113,examples
12118,339113,test
12119,339113,examples
12120,339113,validation
12121,339113,training
12122,339114,training
12123,339114,test
12124,339114,examples
12125,339114,test
12126,339114,validation
12127,339114,test
12128,339114,validation
12129,339114,validation
12130,339114,examples
12131,339114,training
12132,339114,training
12133,339114,training
12134,339114,training
12135,339114,training
12136,339114,examples
12137,339114,examples
12138,339114,training
12139,339114,validation
12140,339114,examples
12141,339114,training
12142,339114,examples
12143,339114,training
12144,339114,examples
12145,339114,training
12146,339114,validation
12147,339114,examples
12148,339114,test
12149,339115,training
12150,339115,training
12151,339115,training
12152,339115,test
12153,339115,test
12154,339115,examples
12155,339115,validation
12156,339115,examples
12157,339115,examples
12158,339115,examples
12159,339115,validation
12160,339115,training
12161,339116,validation
12162,339116,training
12163,339116,training
12164,339116,examples
12165,339116,examples
12166,339116,test
12167,339910,examples
12168,339910,training
12169,339910,validation
12170,339910,examples
12171,339910,examples
12172,339910,examples
12173,339910,training
12174,339910,training
12175,339910,test
12176,339910,test
12177,339910,examples
12178,339910,examples
12179,339910,examples
12180,339910,validation
12181,339910,training
12182,339910,validation
12183,339910,examples
12184,339910,training
12185,339910,training
12186,339910,test
12187,339910,training
12188,339910,training
12189,339910,validation
12190,339910,validation
12191,339910,test
12192,339910,examples
12193,339910,training
12194,339910,test
12195,339910,validation
12196,339910,examples
12197,339910,validation
12198,339910,training
12199,339910,test
12200,339910,examples
12201,339910,examples
12202,339910,training
12203,339910,validation
12204,339910,validation
12205,339910,training
12206,339910,examples
12207,339910,training
12208,339910,training
12209,339910,training
12210,339910,training
12211,339910,validation
12212,339910,examples
12213,339910,examples
12214,339910,training
12215,339910,test
12216,339920,examples
12217,339920,training
12218,339920,training
12219,339920,examples
12220,339920,test
12221,339920,test
12222,339920,examples
12223,339920,examples
12224,339920,examples
12225,339920,training
12226,339920,examples
12227,339920,training
12228,339920,training
12229,339920,validation
12230,339920,validation
12231,339920,training
12232,339920,training
12233,339920,validation
12234,339920,training
12235,339920,training
12236,339920,training
12237,339920,training
12238,339920,test
12239,339920,test
12240,339920,examples
12241,339920,validation
12242,339920,examples
12243,339920,training
12244,339920,training
12245,339920,test
12246,339920,training
12247,339920,training
12248,339920,test
12249,339920,validation
12250,339920,test
12251,339920,training
12252,339920,examples
12253,339920,examples
12254,339920,examples
12255,339920,examples
12256,339920,validation
12257,339920,validation
12258,339920,validation
12259,339920,examples
12260,339920,test
12261,339920,examples
12262,339920,training
12263,339920,validation
12264,339920,training
12265,339920,examples
12266,339920,training
12267,339920,validation
12268,339920,examples
12269,339920,validation
12270,339920,training
12271,339920,examples
12272,339930,examples
12273,339930,examples
12274,339930,training
12275,339930,training
12276,339930,training
12277,339930,validation
12278,339930,validation
12279,339930,examples
12280,339930,validation
12281,339930,examples
12282,339930,training
12283,339930,training
12284,339930,training
12285,339930,examples
12286,339930,training
12287,339930,test
12288,339930,validation
12289,339930,examples
12290,339930,validation
12291,339930,validation
12292,339930,examples
12293,339930,training
12294,339930,examples
12295,339930,test
12296,339930,test
12297,339930,validation
12298,339930,examples
12299,339930,training
12300,339930,training
12301,339930,training
12302,339930,training
12303,339930,test
12304,339930,examples
12305,339930,examples
12306,339930,training
12307,339930,test
12308,339930,test
12309,339930,validation
12310,339930,training
12311,339930,training
12312,339930,training
12313,339930,validation
12314,339930,test
12315,339930,examples
12316,339930,examples
12317,339940,examples
12318,339940,examples
12319,339940,validation
12320,339940,training
12321,339940,training
12322,339940,training
12323,339940,validation
12324,339940,training
12325,339940,examples
12326,339940,training
12327,339940,test
12328,339940,examples
12329,339940,training
12330,339940,validation
12331,339940,training
12332,339940,validation
12333,339940,training
12334,339940,test
12335,339940,training
12336,339940,examples
12337,339940,test
12338,339940,examples
12339,339940,training
12340,339940,validation
12341,339940,validation
12342,339940,examples
12343,339940,examples
12344,339940,test
12345,339940,examples
12346,339940,validation
12347,339940,training
12348,339940,training
12349,339940,training
12350,339940,validation
12351,339940,test
12352,339940,examples
12353,339940,training
12354,339940,test
12355,339940,examples
12356,339940,examples
12357,339940,training
12358,339940,examples
12359,339940,training
12360,339940,examples
12361,339940,training
12362,339940,validation
12363,339940,validation
12364,339940,training
12365,339940,training
12366,339940,validation
12367,339940,examples
12368,339940,examples
12369,339940,examples
12370,339940,test
12371,339940,test
12372,339950,examples
12373,339950,validation
12374,339950,training
12375,339950,training
12376,339950,test
12377,339950,training
12378,339950,validation
12379,339950,examples
12380,339991,training
12381,339991,training
12382,339991,examples
12383,339991,training
12384,339991,validation
12385,339991,validation
12386,339991,test
12387,339991,examples
12388,339992,test
12389,339992,validation
12390,339992,examples
12391,339992,validation
12392,339992,examples
12393,339992,examples
12394,339992,test
12395,339992,validation
12396,339992,training
12397,339992,test
12398,339992,training
12399,339992,examples
12400,339992,training
12401,339992,examples
12402,339992,validation
12403,339992,training
12404,339992,training
12405,339992,training
12406,339992,training
12407,339992,examples
12408,339992,examples
12409,339992,training
12410,339992,examples
12411,339992,training
12412,339992,validation
12413,339992,training
12414,339992,examples
12415,339992,examples
12416,339992,validation
12417,339992,training
12418,339992,test
12419,339992,test
12420,339992,validation
12421,339992,training
12422,339992,training
12423,339992,validation
12424,339992,examples
12425,339992,validation
12426,339992,training
12427,339992,training
12428,339992,examples
12429,339992,training
12430,339992,test
12431,339992,training
12432,339992,examples
12433,339992,examples
12434,339992,validation
12435,339992,test
12436,339993,training
12437,339993,test
12438,339993,validation
12439,339993,training
12440,339993,test
12441,339993,examples
12442,339993,examples
12443,339993,training
12444,339993,examples
12445,339993,validation
12446,339993,examples
12447,339993,training
12448,339994,training
12449,339994,validation
12450,339994,training
12451,339994,examples
12452,339994,training
12453,339994,examples
12454,339994,validation
12455,339994,examples
12456,339994,test
12457,339995,examples
12458,339995,test
12459,339995,training
12460,339995,validation
12461,339999,examples
12462,339999,training
12463,339999,test
12464,339999,training
12465,339999,validation
12466,339999,training
12467,339999,examples
12468,339999,training
12469,339999,training
12470,339999,training
12471,339999,test
12472,339999,validation
12473,339999,training
12474,339999,training
12475,339999,validation
12476,339999,training
12477,339999,training
12478,339999,training
12479,339999,examples
12480,339999,validation
12481,339999,training
12482,339999,validation
12483,339999,examples
12484,339999,test
12485,339999,test
12486,339999,examples
12487,339999,examples
12488,339999,examples
12489,339999,examples
12490,339999,examples
12491,339999,examples
12492,339999,examples
12493,339999,examples
12494,339999,validation
12495,339999,training
12496,339999,validation
12497,339999,examples
12498,339999,training
12499,339999,validation
12500,339999,training
12501,339999,examples
12502,339999,test
12503,339999,test
12504,339999,training
12505,339999,validation
12506,339999,validation
12507,339999,validation
12508,339999,test
12509,339999,training
12510,339999,test
12511,339999,examples
12512,339999,training
12513,339999,training
12514,339999,examples
12515,339999,training
12516,339999,examples
12517,423110,training
12518,423110,training
12519,423110,examples
12520,423110,validation
12521,423110,training
12522,423110,training
12523,423110,examples
12524,423110,training
12525,423110,training
12526,423110,training
12527,423110,validation
12528,423110,examples
12529,423110,test
12530,423110,training
12531,423110,test
12532,423110,training
12533,423110,training
12534,423110,examples
12535,423110,examples
12536,423110,validation
12537,423110,test
12538,423110,training
12539,423110,examples
12540,423110,examples
12541,423110,validation
12542,423110,validation
12543,423110,test
12544,423110,validation
12545,423110,test
12546,423110,examples
12547,423110,examples
12548,423120,training
12549,423120,test
12550,423120,training
12551,423120,examples
12552,423120,training
12553,423120,test
12554,423120,training
12555,423120,examples
12556,423120,examples
12557,423120,training
12558,423120,training
12559,423120,training
12560,423120,test
12561,423120,examples
12562,423120,examples
12563,423120,examples
12564,423120,training
12565,423120,examples
12566,423120,examples
12567,423120,validation
12568,423120,validation
12569,423120,validation
12570,423120,examples
12571,423120,training
12572,423120,examples
12573,423120,training
12574,423120,examples
12575,423120,test
12576,423120,validation
12577,423120,test
12578,423120,training
12579,423120,examples
12580,423120,training
12581,423120,validation
12582,423120,training
12583,423120,training
12584,423120,validation
12585,423120,validation
12586,423120,validation
12587,423120,test
12588,423130,training
12589,423130,examples
12590,423130,validation
12591,423130,training
12592,423130,test
12593,423130,validation
12594,423130,training
12595,423130,examples
12596,423140,validation
12597,423140,training
12598,423140,test
12599,423140,examples
12600,423140,training
12601,423140,examples
12602,423210,examples
12603,423210,examples
12604,423210,training
12605,423210,training
12606,423210,test
12607,423210,training
12608,423210,examples
12609,423210,test
12610,423210,examples
12611,423210,training
12612,423210,training
12613,423210,training
12614,423210,validation
12615,423210,test
12616,423210,validation
12617,423210,validation
12618,423210,examples
12619,423210,validation
12620,423220,test
12621,423220,training
12622,423220,examples
12623,423220,examples
12624,423220,examples
12625,423220,validation
12626,423220,training
12627,423220,training
12628,423220,validation
12629,423220,validation
12630,423220,examples
12631,423220,validation
12632,423220,test
12633,423220,test
12634,423220,training
12635,423220,examples
12636,423220,examples
12637,423220,examples
12638,423220,training
12639,423220,examples
12640,423220,test
12641,423220,training
12642,423220,training
12643,423220,examples
12644,423220,validation
12645,423220,training
12646,423220,examples
12647,423220,training
12648,423220,test
12649,423220,test
12650,423220,validation
12651,423220,training
12652,423220,training
12653,423220,validation
12654,423220,training
12655,423220,examples
12656,423220,training
12657,423310,validation
12658,423310,training
12659,423310,training
12660,423310,training
12661,423310,examples
12662,423310,examples
12663,423310,examples
12664,423310,examples
12665,423310,training
12666,423310,examples
12667,423310,test
12668,423310,test
12669,423310,validation
12670,423310,validation
12671,423310,test
12672,423310,validation
12673,423310,validation
12674,423310,examples
12675,423310,training
12676,423310,validation
12677,423310,examples
12678,423310,training
12679,423310,training
12680,423310,test
12681,423310,examples
12682,423310,examples
12683,423310,training
12684,423310,test
12685,423310,training
12686,423310,examples
12687,423310,training
12688,423310,training
12689,423320,examples
12690,423320,examples
12691,423320,validation
12692,423320,training
12693,423320,examples
12694,423320,examples
12695,423320,training
12696,423320,examples
12697,423320,examples
12698,423320,training
12699,423320,test
12700,423320,test
12701,423320,training
12702,423320,test
12703,423320,test
12704,423320,test
12705,423320,training
12706,423320,training
12707,423320,training
12708,423320,validation
12709,423320,training
12710,423320,training
12711,423320,validation
12712,423320,examples
12713,423320,training
12714,423320,examples
12715,423320,validation
12716,423320,training
12717,423320,validation
12718,423320,validation
12719,423320,examples
12720,423330,examples
12721,423330,training
12722,423330,training
12723,423330,test
12724,423330,validation
12725,423330,examples
12726,423330,validation
12727,423330,examples
12728,423330,training
12729,423330,examples
12730,423330,training
12731,423330,training
12732,423330,examples
12733,423330,validation
12734,423330,validation
12735,423330,test
12736,423330,examples
12737,423330,training
12738,423330,test
12739,423390,validation
12740,423390,test
12741,423390,validation
12742,423390,examples
12743,423390,examples
12744,423390,training
12745,423390,examples
12746,423390,training
12747,423390,training
12748,423390,validation
12749,423390,test
12750,423390,training
12751,423390,validation
12752,423390,validation
12753,423390,training
12754,423390,examples
12755,423390,training
12756,423390,examples
12757,423390,training
12758,423390,examples
12759,423390,examples
12760,423390,test
12761,423390,training
12762,423390,training
12763,423390,examples
12764,423390,test
12765,423390,validation
12766,423390,training
12767,423390,examples
12768,423410,test
12769,423410,training
12770,423410,examples
12771,423410,training
12772,423410,examples
12773,423410,training
12774,423410,validation
12775,423410,validation
12776,423410,test
12777,423410,examples
12778,423410,validation
12779,423410,examples
12780,423410,training
12781,423410,training
12782,423410,examples
12783,423410,training
12784,423410,training
12785,423410,validation
12786,423410,training
12787,423410,test
12788,423410,examples
12789,423410,examples
12790,423420,examples
12791,423420,training
12792,423420,validation
12793,423420,training
12794,423420,examples
12795,423420,examples
12796,423420,training
12797,423420,training
12798,423420,validation
12799,423420,test
12800,423420,examples
12801,423420,training
12802,423420,validation
12803,423420,examples
12804,423420,training
12805,423420,examples
12806,423420,test
12807,423420,training
12808,423420,examples
12809,423420,training
12810,423420,examples
12811,423420,examples
12812,423420,test
12813,423420,test
12814,423420,validation
12815,423420,test
12816,423420,training
12817,423420,examples
12818,423420,validation
12819,423420,training
12820,423420,validation
12821,423420,training
12822,423430,examples
12823,423430,training
12824,423430,training
12825,423430,examples
12826,423430,examples
12827,423430,examples
12828,423430,training
12829,423430,validation
12830,423430,test
12831,423430,validation
12832,423430,examples
12833,423430,examples
12834,423430,training
12835,423430,training
12836,423430,validation
12837,423430,examples
12838,423430,validation
12839,423430,validation
12840,423430,test
12841,423430,examples
12842,423430,training
12843,423430,training
12844,423430,test
12845,423430,training
12846,423430,examples
12847,423430,training
12848,423430,validation
12849,423430,test
12850,423430,training
12851,423430,training
12852,423440,training
12853,423440,test
12854,423440,test
12855,423440,training
12856,423440,training
12857,423440,training
12858,423440,examples
12859,423440,validation
12860,423440,examples
12861,423440,training
12862,423440,test
12863,423440,training
12864,423440,training
12865,423440,examples
12866,423440,examples
12867,423440,validation
12868,423440,test
12869,423440,validation
12870,423440,training
12871,423440,training
12872,423440,training
12873,423440,test
12874,423440,examples
12875,423440,examples
12876,423440,validation
12877,423440,validation
12878,423440,examples
12879,423440,validation
12880,423440,examples
12881,423440,training
12882,423440,examples
12883,423440,training
12884,423440,examples
12885,423440,examples
12886,423440,training
12887,423440,validation
12888,423450,training
12889,423450,examples
12890,423450,training
12891,423450,training
12892,423450,examples
12893,423450,examples
12894,423450,training
12895,423450,training
12896,423450,validation
12897,423450,test
12898,423450,training
12899,423450,examples
12900,423450,test
12901,423450,validation
12902,423450,training
12903,423450,training
12904,423450,validation
12905,423450,test
12906,423450,examples
12907,423450,training
12908,423450,examples
12909,423450,training
12910,423450,examples
12911,423450,examples
12912,423450,validation
12913,423450,test
12914,423450,test
12915,423450,training
12916,423450,training
12917,423450,validation
12918,423450,training
12919,423450,test
12920,423450,validation
12921,423450,validation
12922,423450,examples
12923,423450,examples
12924,423450,validation
12925,423450,training
12926,423450,training
12927,423450,examples
12928,423450,examples
12929,423450,examples
12930,423450,validation
12931,423450,test
12932,423460,examples
12933,423460,validation
12934,423460,examples
12935,423460,test
12936,423460,examples
12937,423460,validation
12938,423460,training
12939,423460,validation
12940,423460,test
12941,423460,examples
12942,423460,training
12943,423460,training
12944,423460,training
12945,423490,test
12946,423490,training
12947,423490,training
12948,423490,training
12949,423490,examples
12950,423490,training
12951,423490,training
12952,423490,examples
12953,423490,training
12954,423490,validation
12955,423490,test
12956,423490,validation
12957,423490,validation
12958,423490,examples
12959,423490,examples
12960,423490,training
12961,423490,validation
12962,423490,examples
12963,423490,examples
12964,423490,training
12965,423490,training
12966,423490,test
12967,423490,test
12968,423490,training
12969,423490,validation
12970,423490,examples
12971,423490,examples
12972,423510,examples
12973,423510,examples
12974,423510,training
12975,423510,training
12976,423510,training
12977,423510,training
12978,423510,examples
12979,423510,validation
12980,423510,training
12981,423510,validation
12982,423510,test
12983,423510,training
12984,423510,examples
12985,423510,training
12986,423510,examples
12987,423510,examples
12988,423510,validation
12989,423510,test
12990,423510,training
12991,423510,validation
12992,423510,test
12993,423510,examples
12994,423510,training
12995,423510,training
12996,423510,validation
12997,423510,test
12998,423510,test
12999,423510,examples
13000,423510,validation
13001,423510,test
13002,423510,validation
13003,423510,validation
13004,423510,examples
13005,423510,test
13006,423510,validation
13007,423510,training
13008,423510,examples
13009,423510,examples
13010,423510,examples
13011,423510,test
13012,423510,test
13013,423510,examples
13014,423510,training
13015,423510,training
13016,423510,training
13017,423510,validation
13018,423510,examples
13019,423510,training
13020,423510,validation
13021,423510,training
13022,423510,examples
13023,423510,training
13024,423510,validation
13025,423510,examples
13026,423510,training
13027,423510,training
13028,423510,examples
13029,423510,training
13030,423510,examples
13031,423510,training
13032,423520,test
13033,423520,test
13034,423520,validation
13035,423520,training
13036,423520,training
13037,423520,examples
13038,423520,examples
13039,423520,validation
13040,423520,training
13041,423520,training
13042,423520,examples
13043,423520,examples
13044,423520,validation
13045,423520,training
13046,423520,training
13047,423520,examples
13048,423610,examples
13049,423610,examples
13050,423610,training
13051,423610,examples
13052,423610,validation
13053,423610,examples
13054,423610,examples
13055,423610,validation
13056,423610,training
13057,423610,training
13058,423610,test
13059,423610,training
13060,423610,examples
13061,423610,test
13062,423610,test
13063,423610,validation
13064,423610,validation
13065,423610,validation
13066,423610,training
13067,423610,training
13068,423610,examples
13069,423610,training
13070,423610,examples
13071,423610,training
13072,423610,training
13073,423610,examples
13074,423610,examples
13075,423610,test
13076,423610,test
13077,423610,training
13078,423610,training
13079,423610,examples
13080,423610,validation
13081,423610,examples
13082,423610,validation
13083,423610,validation
13084,423610,training
13085,423610,training
13086,423610,training
13087,423610,validation
13088,423610,examples
13089,423610,test
13090,423610,examples
13091,423610,validation
13092,423610,training
13093,423610,test
13094,423610,training
13095,423610,training
13096,423610,training
13097,423610,test
13098,423610,examples
13099,423610,examples
13100,423610,validation
13101,423620,training
13102,423620,examples
13103,423620,validation
13104,423620,training
13105,423620,training
13106,423620,training
13107,423620,validation
13108,423620,examples
13109,423620,examples
13110,423620,training
13111,423620,training
13112,423620,training
13113,423620,training
13114,423620,examples
13115,423620,validation
13116,423620,examples
13117,423620,test
13118,423620,validation
13119,423620,examples
13120,423620,training
13121,423620,test
13122,423620,training
13123,423620,examples
13124,423620,examples
13125,423620,test
13126,423620,validation
13127,423620,test
13128,423620,training
13129,423620,examples
13130,423620,validation
13131,423620,test
13132,423620,test
13133,423620,validation
13134,423620,test
13135,423620,validation
13136,423620,examples
13137,423620,examples
13138,423620,training
13139,423620,examples
13140,423620,training
13141,423620,examples
13142,423620,examples
13143,423620,validation
13144,423620,examples
13145,423620,training
13146,423620,test
13147,423620,test
13148,423620,training
13149,423620,examples
13150,423620,training
13151,423620,examples
13152,423620,training
13153,423620,training
13154,423620,validation
13155,423620,training
13156,423620,training
13157,423620,validation
13158,423690,training
13159,423690,validation
13160,423690,test
13161,423690,examples
13162,423690,training
13163,423690,training
13164,423690,examples
13165,423690,examples
13166,423690,examples
13167,423690,training
13168,423690,training
13169,423690,examples
13170,423690,training
13171,423690,examples
13172,423690,test
13173,423690,validation
13174,423690,examples
13175,423690,training
13176,423690,examples
13177,423690,validation
13178,423690,validation
13179,423690,training
13180,423690,training
13181,423690,examples
13182,423690,training
13183,423690,test
13184,423690,training
13185,423690,training
13186,423690,training
13187,423690,training
13188,423690,validation
13189,423690,training
13190,423690,examples
13191,423690,training
13192,423690,test
13193,423690,training
13194,423690,validation
13195,423690,training
13196,423690,test
13197,423690,test
13198,423690,training
13199,423690,examples
13200,423690,training
13201,423690,examples
13202,423690,validation
13203,423690,validation
13204,423690,examples
13205,423690,training
13206,423690,test
13207,423690,examples
13208,423690,training
13209,423690,validation
13210,423690,test
13211,423690,examples
13212,423690,validation
13213,423690,test
13214,423690,validation
13215,423690,examples
13216,423690,examples
13217,423690,test
13218,423690,training
13219,423690,examples
13220,423690,validation
13221,423690,examples
13222,423690,examples
13223,423690,validation
13224,423710,training
13225,423710,test
13226,423710,examples
13227,423710,validation
13228,423710,training
13229,423710,validation
13230,423710,training
13231,423710,test
13232,423710,examples
13233,423710,examples
13234,423710,validation
13235,423710,training
13236,423710,test
13237,423710,validation
13238,423710,examples
13239,423710,training
13240,423710,training
13241,423710,examples
13242,423710,examples
13243,423710,training
13244,423710,training
13245,423720,examples
13246,423720,examples
13247,423720,training
13248,423720,validation
13249,423720,validation
13250,423720,training
13251,423720,training
13252,423720,examples
13253,423720,training
13254,423720,training
13255,423720,test
13256,423720,training
13257,423720,examples
13258,423720,validation
13259,423720,validation
13260,423720,training
13261,423720,test
13262,423720,examples
13263,423720,validation
13264,423720,examples
13265,423720,examples
13266,423720,examples
13267,423720,examples
13268,423720,training
13269,423720,validation
13270,423720,test
13271,423720,training
13272,423720,training
13273,423720,test
13274,423720,examples
13275,423720,validation
13276,423720,training
13277,423720,training
13278,423720,training
13279,423720,test
13280,423720,test
13281,423720,examples
13282,423730,test
13283,423730,validation
13284,423730,training
13285,423730,training
13286,423730,examples
13287,423730,examples
13288,423730,training
13289,423730,validation
13290,423730,training
13291,423730,training
13292,423730,test
13293,423730,validation
13294,423730,training
13295,423730,validation
13296,423730,test
13297,423730,examples
13298,423730,examples
13299,423730,examples
13300,423730,examples
13301,423740,training
13302,423740,examples
13303,423740,validation
13304,423740,validation
13305,423740,examples
13306,423740,training
13307,423740,training
13308,423740,training
13309,423740,examples
13310,423740,examples
13311,423740,training
13312,423740,examples
13313,423740,training
13314,423740,validation
13315,423740,test
13316,423740,test
13317,423740,validation
13318,423740,examples
13319,423740,test
13320,423810,validation
13321,423810,test
13322,423810,training
13323,423810,examples
13324,423810,validation
13325,423810,training
13326,423810,training
13327,423810,examples
13328,423810,validation
13329,423810,training
13330,423810,training
13331,423810,training
13332,423810,examples
13333,423810,examples
13334,423810,test
13335,423810,examples
13336,423810,examples
13337,423810,training
13338,423810,training
13339,423810,examples
13340,423810,validation
13341,423810,test
13342,423820,training
13343,423820,training
13344,423820,validation
13345,423820,test
13346,423820,training
13347,423820,examples
13348,423820,training
13349,423820,training
13350,423820,validation
13351,423820,validation
13352,423820,examples
13353,423820,examples
13354,423820,test
13355,423820,examples
13356,423820,validation
13357,423820,validation
13358,423820,training
13359,423820,validation
13360,423820,examples
13361,423820,training
13362,423820,test
13363,423820,examples
13364,423820,examples
13365,423820,training
13366,423820,test
13367,423820,training
13368,423820,training
13369,423820,examples
13370,423830,training
13371,423830,training
13372,423830,test
13373,423830,training
13374,423830,training
13375,423830,training
13376,423830,test
13377,423830,validation
13378,423830,training
13379,423830,examples
13380,423830,test
13381,423830,test
13382,423830,validation
13383,423830,validation
13384,423830,training
13385,423830,examples
13386,423830,training
13387,423830,examples
13388,423830,training
13389,423830,examples
13390,423830,examples
13391,423830,validation
13392,423830,training
13393,423830,examples
13394,423830,training
13395,423830,test
13396,423830,training
13397,423830,examples
13398,423830,test
13399,423830,validation
13400,423830,training
13401,423830,training
13402,423830,training
13403,423830,training
13404,423830,test
13405,423830,training
13406,423830,validation
13407,423830,examples
13408,423830,training
13409,423830,test
13410,423830,validation
13411,423830,validation
13412,423830,validation
13413,423830,training
13414,423830,test
13415,423830,examples
13416,423830,test
13417,423830,training
13418,423830,examples
13419,423830,training
13420,423830,validation
13421,423830,validation
13422,423830,training
13423,423830,test
13424,423830,training
13425,423830,examples
13426,423830,examples
13427,423830,validation
13428,423830,examples
13429,423830,training
13430,423830,examples
13431,423830,examples
13432,423830,test
13433,423830,validation
13434,423830,examples
13435,423830,examples
13436,423830,examples
13437,423830,examples
13438,423830,test
13439,423830,test
13440,423830,training
13441,423830,examples
13442,423830,validation
13443,423830,training
13444,423830,training
13445,423830,validation
13446,423830,training
13447,423830,training
13448,423830,examples
13449,423830,validation
13450,423830,training
13451,423830,validation
13452,423830,validation
13453,423830,examples
13454,423830,training
13455,423830,validation
13456,423830,validation
13457,423830,training
13458,423830,examples
13459,423830,examples
13460,423830,test
13461,423830,training
13462,423830,training
13463,423830,training
13464,423830,examples
13465,423830,examples
13466,423830,training
13467,423830,validation
13468,423830,training
13469,423830,examples
13470,423830,examples
13471,423830,examples
13472,423830,examples
13473,423830,training
13474,423830,training
13475,423830,validation
13476,423830,training
13477,423830,examples
13478,423830,examples
13479,423830,test
13480,423830,test
13481,423830,validation
13482,423830,examples
13483,423830,examples
13484,423830,examples
13485,423840,test
13486,423840,examples
13487,423840,examples
13488,423840,test
13489,423840,validation
13490,423840,examples
13491,423840,training
13492,423840,training
13493,423840,validation
13494,423840,test
13495,423840,validation
13496,423840,examples
13497,423840,examples
13498,423840,examples
13499,423840,training
13500,423840,test
13501,423840,examples
13502,423840,training
13503,423840,training
13504,423840,training
13505,423840,validation
13506,423840,test
13507,423840,training
13508,423840,examples
13509,423840,training
13510,423840,training
13511,423840,training
13512,423840,examples
13513,423840,training
13514,423840,examples
13515,423840,training
13516,423840,training
13517,423840,examples
13518,423840,examples
13519,423840,examples
13520,423840,validation
13521,423840,training
13522,423840,examples
13523,423840,test
13524,423840,examples
13525,423840,test
13526,423840,training
13527,423840,training
13528,423840,examples
13529,423840,training
13530,423840,examples
13531,423840,validation
13532,423840,test
13533,423840,validation
13534,423840,training
13535,423840,validation
13536,423840,validation
13537,423840,test
13538,423840,training
13539,423840,training
13540,423840,validation
13541,423840,examples
13542,423840,training
13543,423840,validation
13544,423840,validation
13545,423850,validation
13546,423850,training
13547,423850,validation
13548,423850,examples
13549,423850,test
13550,423850,examples
13551,423850,training
13552,423850,training
13553,423850,test
13554,423850,examples
13555,423850,examples
13556,423850,examples
13557,423850,training
13558,423850,validation
13559,423850,examples
13560,423850,training
13561,423850,examples
13562,423850,test
13563,423850,training
13564,423850,test
13565,423850,training
13566,423850,examples
13567,423850,validation
13568,423850,training
13569,423850,test
13570,423850,validation
13571,423850,validation
13572,423850,training
13573,423850,validation
13574,423850,training
13575,423850,examples
13576,423850,training
13577,423850,examples
13578,423850,training
13579,423850,training
13580,423850,training
13581,423850,test
13582,423850,examples
13583,423850,training
13584,423850,validation
13585,423850,examples
13586,423860,training
13587,423860,training
13588,423860,examples
13589,423860,training
13590,423860,training
13591,423860,validation
13592,423860,examples
13593,423860,validation
13594,423860,validation
13595,423860,validation
13596,423860,training
13597,423860,test
13598,423860,examples
13599,423860,validation
13600,423860,test
13601,423860,training
13602,423860,test
13603,423860,examples
13604,423860,training
13605,423860,test
13606,423860,training
13607,423860,examples
13608,423860,training
13609,423860,training
13610,423860,test
13611,423860,examples
13612,423860,examples
13613,423860,examples
13614,423860,validation
13615,423860,examples
13616,423910,validation
13617,423910,training
13618,423910,test
13619,423910,training
13620,423910,validation
13621,423910,training
13622,423910,training
13623,423910,training
13624,423910,training
13625,423910,training
13626,423910,training
13627,423910,examples
13628,423910,validation
13629,423910,test
13630,423910,validation
13631,423910,training
13632,423910,examples
13633,423910,examples
13634,423910,validation
13635,423910,examples
13636,423910,examples
13637,423910,examples
13638,423910,training
13639,423910,test
13640,423910,validation
13641,423910,examples
13642,423910,training
13643,423910,test
13644,423910,examples
13645,423910,examples
13646,423910,examples
13647,423910,validation
13648,423910,examples
13649,423910,examples
13650,423910,training
13651,423910,test
13652,423910,training
13653,423910,examples
13654,423910,test
13655,423910,validation
13656,423910,training
13657,423910,training
13658,423910,validation
13659,423910,test
13660,423920,training
13661,423920,examples
13662,423920,examples
13663,423920,training
13664,423920,training
13665,423920,test
13666,423920,test
13667,423920,training
13668,423920,validation
13669,423920,training
13670,423920,validation
13671,423920,validation
13672,423920,examples
13673,423920,examples
13674,423920,examples
13675,423920,examples
13676,423920,test
13677,423920,examples
13678,423920,training
13679,423920,training
13680,423920,training
13681,423920,validation
13682,423930,examples
13683,423930,training
13684,423930,examples
13685,423930,test
13686,423930,training
13687,423930,validation
13688,423930,examples
13689,423930,training
13690,423930,examples
13691,423930,validation
13692,423930,examples
13693,423930,validation
13694,423930,training
13695,423930,validation
13696,423930,examples
13697,423930,test
13698,423930,test
13699,423930,training
13700,423930,training
13701,423930,training
13702,423930,examples
13703,423930,training
13704,423930,validation
13705,423940,training
13706,423940,examples
13707,423940,test
13708,423940,validation
13709,423940,validation
13710,423940,examples
13711,423940,validation
13712,423940,test
13713,423940,training
13714,423940,test
13715,423940,training
13716,423940,training
13717,423940,training
13718,423940,training
13719,423940,examples
13720,423940,test
13721,423940,examples
13722,423940,training
13723,423940,validation
13724,423940,examples
13725,423940,examples
13726,423940,examples
13727,423940,validation
13728,423940,training
13729,423990,examples
13730,423990,validation
13731,423990,training
13732,423990,training
13733,423990,training
13734,423990,validation
13735,423990,test
13736,423990,test
13737,423990,training
13738,423990,training
13739,423990,validation
13740,423990,examples
13741,423990,validation
13742,423990,examples
13743,423990,examples
13744,423990,training
13745,423990,training
13746,423990,test
13747,423990,examples
13748,423990,training
13749,423990,validation
13750,423990,validation
13751,423990,training
13752,423990,training
13753,423990,test
13754,423990,validation
13755,423990,training
13756,423990,examples
13757,423990,examples
13758,423990,test
13759,423990,test
13760,423990,test
13761,423990,validation
13762,423990,examples
13763,423990,examples
13764,423990,examples
13765,423990,training
13766,423990,examples
13767,423990,validation
13768,423990,examples
13769,423990,training
13770,423990,training
13771,423990,training
13772,423990,training
13773,423990,examples
13774,424110,examples
13775,424110,test
13776,424110,validation
13777,424110,examples
13778,424110,training
13779,424110,training
13780,424120,examples
13781,424120,examples
13782,424120,test
13783,424120,training
13784,424120,training
13785,424120,training
13786,424120,examples
13787,424120,training
13788,424120,training
13789,424120,training
13790,424120,validation
13791,424120,examples
13792,424120,test
13793,424120,examples
13794,424120,training
13795,424120,validation
13796,424120,examples
13797,424120,examples
13798,424120,examples
13799,424120,training
13800,424120,validation
13801,424120,training
13802,424120,test
13803,424120,test
13804,424120,examples
13805,424120,validation
13806,424120,test
13807,424120,examples
13808,424120,test
13809,424120,training
13810,424120,validation
13811,424120,training
13812,424120,validation
13813,424120,training
13814,424120,training
13815,424120,validation
13816,424120,examples
13817,424120,validation
13818,424120,test
13819,424120,training
13820,424120,examples
13821,424120,training
13822,424120,validation
13823,424120,examples
13824,424130,training
13825,424130,training
13826,424130,training
13827,424130,training
13828,424130,examples
13829,424130,training
13830,424130,examples
13831,424130,test
13832,424130,training
13833,424130,validation
13834,424130,examples
13835,424130,examples
13836,424130,examples
13837,424130,examples
13838,424130,training
13839,424130,validation
13840,424130,test
13841,424130,test
13842,424130,training
13843,424130,examples
13844,424130,examples
13845,424130,validation
13846,424130,validation
13847,424130,training
13848,424130,training
13849,424130,training
13850,424130,test
13851,424130,validation
13852,424130,validation
13853,424130,examples
13854,424130,examples
13855,424130,test
13856,424130,test
13857,424130,training
13858,424130,examples
13859,424130,validation
13860,424130,training
13861,424130,training
13862,424130,examples
13863,424130,validation
13864,424130,training
13865,424210,training
13866,424210,validation
13867,424210,training
13868,424210,test
13869,424210,test
13870,424210,training
13871,424210,validation
13872,424210,training
13873,424210,examples
13874,424210,examples
13875,424210,examples
13876,424210,test
13877,424210,training
13878,424210,test
13879,424210,training
13880,424210,training
13881,424210,training
13882,424210,test
13883,424210,validation
13884,424210,test
13885,424210,examples
13886,424210,training
13887,424210,training
13888,424210,training
13889,424210,examples
13890,424210,validation
13891,424210,examples
13892,424210,examples
13893,424210,validation
13894,424210,test
13895,424210,training
13896,424210,examples
13897,424210,training
13898,424210,validation
13899,424210,validation
13900,424210,validation
13901,424210,validation
13902,424210,training
13903,424210,examples
13904,424210,training
13905,424210,examples
13906,424210,test
13907,424210,examples
13908,424210,examples
13909,424210,training
13910,424210,examples
13911,424210,validation
13912,424210,examples
13913,424210,training
13914,424210,training
13915,424210,examples
13916,424210,test
13917,424210,examples
13918,424210,examples
13919,424210,training
13920,424210,validation
13921,424210,training
13922,424310,training
13923,424310,training
13924,424310,validation
13925,424310,training
13926,424310,validation
13927,424310,examples
13928,424310,examples
13929,424310,examples
13930,424310,examples
13931,424310,training
13932,424310,training
13933,424310,training
13934,424310,examples
13935,424310,validation
13936,424310,examples
13937,424310,test
13938,424310,test
13939,424310,examples
13940,424310,validation
13941,424310,training
13942,424310,test
13943,424310,validation
13944,424310,examples
13945,424310,training
13946,424310,training
13947,424310,test
13948,424310,training
13949,424310,training
13950,424310,validation
13951,424310,examples
13952,424340,test
13953,424340,examples
13954,424340,training
13955,424340,examples
13956,424340,training
13957,424340,training
13958,424340,validation
13959,424350,validation
13960,424350,test
13961,424350,examples
13962,424350,training
13963,424350,validation
13964,424350,training
13965,424350,test
13966,424350,training
13967,424350,examples
13968,424350,validation
13969,424350,examples
13970,424350,training
13971,424350,training
13972,424350,training
13973,424350,test
13974,424350,training
13975,424350,examples
13976,424350,examples
13977,424350,validation
13978,424350,examples
13979,424350,test
13980,424350,test
13981,424350,training
13982,424350,training
13983,424350,training
13984,424350,validation
13985,424350,validation
13986,424350,training
13987,424350,examples
13988,424350,examples
13989,424350,training
13990,424350,test
13991,424350,validation
13992,424350,validation
13993,424350,examples
13994,424350,examples
13995,424350,examples
13996,424350,validation
13997,424350,examples
13998,424350,validation
13999,424350,examples
14000,424350,training
14001,424350,training
14002,424350,examples
14003,424350,validation
14004,424350,training
14005,424350,examples
14006,424350,training
14007,424350,examples
14008,424350,training
14009,424350,test
14010,424350,training
14011,424350,test
14012,424350,validation
14013,424350,examples
14014,424350,test
14015,424350,training
14016,424350,training
14017,424350,examples
14018,424410,validation
14019,424410,training
14020,424410,examples
14021,424420,training
14022,424420,examples
14023,424420,training
14024,424420,validation
14025,424420,training
14026,424420,training
14027,424420,examples
14028,424420,test
14029,424420,training
14030,424420,training
14031,424420,validation
14032,424420,examples
14033,424420,training
14034,424420,examples
14035,424420,test
14036,424420,training
14037,424420,examples
14038,424420,validation
14039,424420,examples
14040,424420,test
14041,424420,validation
14042,424430,training
14043,424430,examples
14044,424430,examples
14045,424430,training
14046,424430,training
14047,424430,examples
14048,424430,validation
14049,424430,examples
14050,424430,validation
14051,424430,training
14052,424430,test
14053,424430,training
14054,424430,validation
14055,424430,test
14056,424430,validation
14057,424430,training
14058,424430,test
14059,424430,examples
14060,424440,training
14061,424440,training
14062,424440,examples
14063,424440,validation
14064,424440,training
14065,424440,test
14066,424440,test
14067,424440,examples
14068,424440,training
14069,424440,examples
14070,424440,validation
14071,424450,training
14072,424450,training
14073,424450,training
14074,424450,validation
14075,424450,examples
14076,424450,examples
14077,424450,training
14078,424450,validation
14079,424450,training
14080,424450,examples
14081,424450,validation
14082,424450,examples
14083,424450,validation
14084,424450,test
14085,424450,test
14086,424450,test
14087,424450,examples
14088,424450,training
14089,424460,test
14090,424460,validation
14091,424460,examples
14092,424460,training
14093,424460,training
14094,424460,validation
14095,424460,examples
14096,424460,training
14097,424470,training
14098,424470,test
14099,424470,training
14100,424470,training
14101,424470,examples
14102,424470,validation
14103,424470,examples
14104,424470,examples
14105,424470,training
14106,424470,validation
14107,424480,test
14108,424480,examples
14109,424480,examples
14110,424480,training
14111,424480,validation
14112,424480,training
14113,424480,training
14114,424490,training
14115,424490,examples
14116,424490,test
14117,424490,training
14118,424490,validation
14119,424490,training
14120,424490,test
14121,424490,examples
14122,424490,training
14123,424490,training
14124,424490,examples
14125,424490,training
14126,424490,validation
14127,424490,training
14128,424490,training
14129,424490,training
14130,424490,examples
14131,424490,training
14132,424490,test
14133,424490,training
14134,424490,training
14135,424490,test
14136,424490,examples
14137,424490,validation
14138,424490,training
14139,424490,examples
14140,424490,training
14141,424490,training
14142,424490,validation
14143,424490,validation
14144,424490,examples
14145,424490,examples
14146,424490,training
14147,424490,validation
14148,424490,training
14149,424490,validation
14150,424490,test
14151,424490,validation
14152,424490,test
14153,424490,test
14154,424490,validation
14155,424490,training
14156,424490,examples
14157,424490,training
14158,424490,validation
14159,424490,validation
14160,424490,examples
14161,424490,examples
14162,424490,examples
14163,424490,examples
14164,424490,test
14165,424490,examples
14166,424490,validation
14167,424490,training
14168,424490,test
14169,424490,training
14170,424490,examples
14171,424490,examples
14172,424490,test
14173,424490,examples
14174,424490,examples
14175,424490,examples
14176,424490,examples
14177,424490,validation
14178,424490,training
14179,424490,training
14180,424490,validation
14181,424490,training
14182,424490,validation
14183,424490,test
14184,424490,examples
14185,424490,training
14186,424490,training
14187,424490,examples
14188,424490,training
14189,424490,examples
14190,424490,test
14191,424490,validation
14192,424490,training
14193,424490,examples
14194,424510,examples
14195,424510,training
14196,424510,training
14197,424510,examples
14198,424510,test
14199,424510,validation
14200,424510,training
14201,424510,validation
14202,424520,training
14203,424520,examples
14204,424520,training
14205,424520,validation
14206,424520,training
14207,424520,test
14208,424520,examples
14209,424590,examples
14210,424590,test
14211,424590,test
14212,424590,examples
14213,424590,training
14214,424590,training
14215,424590,training
14216,424590,examples
14217,424590,training
14218,424590,validation
14219,424590,test
14220,424590,examples
14221,424590,examples
14222,424590,validation
14223,424590,training
14224,424590,training
14225,424590,validation
14226,424590,training
14227,424590,examples
14228,424590,examples
14229,424590,training
14230,424590,training
14231,424590,examples
14232,424590,examples
14233,424590,examples
14234,424590,validation
14235,424590,training
14236,424590,training
14237,424590,examples
14238,424590,test
14239,424590,test
14240,424590,training
14241,424590,validation
14242,424590,test
14243,424590,training
14244,424590,validation
14245,424590,validation
14246,424610,training
14247,424610,test
14248,424610,examples
14249,424610,validation
14250,424610,test
14251,424610,training
14252,424610,validation
14253,424610,examples
14254,424610,examples
14255,424610,training
14256,424610,training
14257,424690,validation
14258,424690,test
14259,424690,training
14260,424690,test
14261,424690,test
14262,424690,training
14263,424690,test
14264,424690,training
14265,424690,training
14266,424690,examples
14267,424690,training
14268,424690,examples
14269,424690,training
14270,424690,examples
14271,424690,examples
14272,424690,examples
14273,424690,test
14274,424690,training
14275,424690,examples
14276,424690,test
14277,424690,training
14278,424690,test
14279,424690,examples
14280,424690,validation
14281,424690,validation
14282,424690,training
14283,424690,validation
14284,424690,training
14285,424690,examples
14286,424690,validation
14287,424690,examples
14288,424690,training
14289,424690,training
14290,424690,validation
14291,424690,validation
14292,424690,training
14293,424690,examples
14294,424690,validation
14295,424690,training
14296,424690,test
14297,424690,validation
14298,424690,examples
14299,424690,validation
14300,424690,training
14301,424690,test
14302,424690,examples
14303,424690,validation
14304,424690,training
14305,424690,training
14306,424690,examples
14307,424690,validation
14308,424690,training
14309,424690,examples
14310,424690,examples
14311,424690,examples
14312,424690,training
14313,424690,training
14314,424690,training
14315,424690,training
14316,424690,training
14317,424690,examples
14318,424690,training
14319,424690,validation
14320,424690,validation
14321,424690,examples
14322,424690,examples
14323,424690,examples
14324,424690,examples
14325,424690,validation
14326,424690,validation
14327,424690,training
14328,424690,test
14329,424690,test
14330,424690,training
14331,424690,examples
14332,424690,examples
14333,424690,training
14334,424690,examples
14335,424690,training
14336,424690,examples
14337,424690,validation
14338,424690,training
14339,424690,test
14340,424710,validation
14341,424710,training
14342,424710,examples
14343,424710,validation
14344,424710,validation
14345,424710,validation
14346,424710,test
14347,424710,validation
14348,424710,training
14349,424710,training
14350,424710,examples
14351,424710,training
14352,424710,examples
14353,424710,examples
14354,424710,test
14355,424710,examples
14356,424710,training
14357,424710,examples
14358,424710,examples
14359,424710,training
14360,424710,training
14361,424710,training
14362,424710,test
14363,424720,validation
14364,424720,training
14365,424720,examples
14366,424720,examples
14367,424720,examples
14368,424720,validation
14369,424720,validation
14370,424720,examples
14371,424720,training
14372,424720,examples
14373,424720,validation
14374,424720,test
14375,424720,test
14376,424720,training
14377,424720,training
14378,424720,training
14379,424720,training
14380,424720,training
14381,424720,examples
14382,424720,training
14383,424720,test
14384,424720,examples
14385,424810,examples
14386,424810,training
14387,424810,test
14388,424810,examples
14389,424810,training
14390,424810,validation
14391,424810,training
14392,424820,examples
14393,424820,examples
14394,424820,training
14395,424820,validation
14396,424820,training
14397,424820,validation
14398,424820,validation
14399,424820,test
14400,424820,examples
14401,424820,training
14402,424820,examples
14403,424820,training
14404,424820,test
14405,424910,training
14406,424910,examples
14407,424910,validation
14408,424910,training
14409,424910,validation
14410,424910,training
14411,424910,training
14412,424910,training
14413,424910,examples
14414,424910,examples
14415,424910,examples
14416,424910,training
14417,424910,validation
14418,424910,training
14419,424910,validation
14420,424910,test
14421,424910,training
14422,424910,training
14423,424910,test
14424,424910,examples
14425,424910,test
14426,424910,training
14427,424910,examples
14428,424910,validation
14429,424910,examples
14430,424910,test
14431,424910,validation
14432,424910,examples
14433,424910,training
14434,424910,training
14435,424910,test
14436,424910,examples
14437,424910,validation
14438,424910,examples
14439,424920,test
14440,424920,training
14441,424920,training
14442,424920,training
14443,424920,examples
14444,424920,training
14445,424920,examples
14446,424920,validation
14447,424920,examples
14448,424920,validation
14449,424920,test
14450,424930,examples
14451,424930,training
14452,424930,validation
14453,424930,examples
14454,424930,test
14455,424930,validation
14456,424930,training
14457,424930,examples
14458,424930,training
14459,424940,test
14460,424940,examples
14461,424940,examples
14462,424940,training
14463,424940,validation
14464,424940,training
14465,424940,validation
14466,424940,training
14467,424950,training
14468,424950,examples
14469,424950,training
14470,424950,training
14471,424950,examples
14472,424950,training
14473,424950,examples
14474,424950,examples
14475,424950,validation
14476,424950,test
14477,424950,examples
14478,424950,validation
14479,424950,training
14480,424950,test
14481,424950,test
14482,424950,validation
14483,424950,validation
14484,424950,training
14485,424990,training
14486,424990,test
14487,424990,training
14488,424990,training
14489,424990,test
14490,424990,training
14491,424990,training
14492,424990,examples
14493,424990,examples
14494,424990,training
14495,424990,training
14496,424990,examples
14497,424990,validation
14498,424990,validation
14499,424990,test
14500,424990,validation
14501,424990,training
14502,424990,validation
14503,424990,validation
14504,424990,examples
14505,424990,examples
14506,424990,examples
14507,424990,examples
14508,424990,training
14509,424990,examples
14510,424990,training
14511,424990,training
14512,424990,test
14513,424990,training
14514,424990,training
14515,424990,training
14516,424990,validation
14517,424990,examples
14518,424990,test
14519,424990,test
14520,424990,validation
14521,424990,examples
14522,424990,validation
14523,424990,validation
14524,424990,examples
14525,424990,test
14526,424990,examples
14527,424990,validation
14528,424990,validation
14529,424990,training
14530,424990,training
14531,424990,training
14532,424990,examples
14533,424990,examples
14534,424990,test
14535,424990,training
14536,424990,validation
14537,424990,training
14538,424990,test
14539,424990,examples
14540,424990,test
14541,424990,training
14542,424990,training
14543,424990,validation
14544,424990,validation
14545,424990,validation
14546,424990,examples
14547,424990,examples
14548,424990,examples
14549,424990,training
14550,424990,examples
14551,424990,training
14552,424990,training
14553,424990,test
14554,424990,examples
14555,424990,training
14556,424990,examples
14557,424990,examples
14558,425120,training
14559,425120,examples
14560,425120,validation
14561,425120,training
14562,425120,examples
14563,425120,training
14564,425120,training
14565,425120,training
14566,425120,training
14567,425120,test
14568,425120,examples
14569,425120,examples
14570,425120,validation
14571,441110,validation
14572,441110,examples
14573,441110,training
14574,441120,examples
14575,441120,validation
14576,441120,test
14577,441120,training
14578,441210,test
14579,441210,validation
14580,441210,training
14581,441210,training
14582,441210,validation
14583,441210,examples
14584,441210,examples
14585,441210,training
14586,441222,training
14587,441222,validation
14588,441222,examples
14589,441222,training
14590,441222,examples
14591,441222,test
14592,441222,training
14593,441227,examples
14594,441227,training
14595,441227,validation
14596,441227,training
14597,441227,test
14598,441227,test
14599,441227,test
14600,441227,training
14601,441227,training
14602,441227,examples
14603,441227,validation
14604,441227,examples
14605,441227,examples
14606,441227,examples
14607,441227,training
14608,441227,validation
14609,441227,training
14610,441330,examples
14611,441330,validation
14612,441330,training
14613,441330,test
14614,441330,validation
14615,441330,examples
14616,441330,training
14617,441330,examples
14618,441330,test
14619,441330,training
14620,441340,examples
14621,441340,training
14622,441340,validation
14623,441340,test
14624,441340,training
14625,444110,training
14626,444110,examples
14627,444120,examples
14628,444120,training
14629,444140,examples
14630,444140,training
14631,444140,validation
14632,444180,test
14633,444180,examples
14634,444180,test
14635,444180,training
14636,444180,validation
14637,444180,examples
14638,444180,examples
14639,444180,training
14640,444180,validation
14641,444180,training
14642,444180,training
14643,444180,examples
14644,444180,examples
14645,444180,examples
14646,444180,training
14647,444180,training
14648,444180,training
14649,444180,validation
14650,444180,test
14651,444180,validation
14652,444180,examples
14653,444180,training
14654,444230,validation
14655,444230,examples
14656,444230,training
14657,444240,examples
14658,444240,examples
14659,444240,test
14660,444240,training
14661,444240,training
14662,444240,training
14663,444240,validation
14664,445110,training
14665,445110,test
14666,445110,validation
14667,445110,training
14668,445110,examples
14669,445131,examples
14670,445132,examples
14671,445132,training
14672,445230,training
14673,445230,examples
14674,445230,examples
14675,445230,test
14676,445230,training
14677,445230,training
14678,445230,validation
14679,445230,validation
14680,445240,examples
14681,445240,training
14682,445240,training
14683,445240,test
14684,445240,validation
14685,445240,examples
14686,445240,training
14687,445250,training
14688,445250,examples
14689,445291,examples
14690,445292,examples
14691,445292,training
14692,445292,validation
14693,445298,training
14694,445298,examples
14695,445298,training
14696,445298,validation
14697,445298,training
14698,445298,examples
14699,445298,test
14700,445298,test
14701,445298,validation
14702,445298,examples
14703,445298,validation
14704,445298,examples
14705,445298,examples
14706,445298,training
14707,445298,training
14708,445320,test
14709,445320,training
14710,445320,examples
14711,445320,training
14712,445320,validation
14713,449110,examples
14714,449110,validation
14715,449110,test
14716,449110,training
14717,449110,training
14718,449121,training
14719,449121,examples
14720,449121,validation
14721,449122,examples
14722,449122,training
14723,449129,training
14724,449129,validation
14725,449129,examples
14726,449129,training
14727,449129,examples
14728,449129,training
14729,449129,validation
14730,449129,examples
14731,449129,test
14732,449129,training
14733,449129,test
14734,449210,training
14735,449210,examples
14736,449210,examples
14737,449210,training
14738,449210,training
14739,449210,validation
14740,449210,test
14741,449210,examples
14742,449210,validation
14743,449210,test
14744,449210,training
14745,449210,validation
14746,449210,training
14747,449210,examples
14748,449210,test
14749,449210,training
14750,449210,examples
14751,449210,examples
14752,449210,training
14753,449210,training
14754,449210,test
14755,449210,training
14756,449210,examples
14757,449210,validation
14758,449210,examples
14759,449210,validation
14760,455110,training
14761,455110,examples
14762,455211,test
14763,455211,validation
14764,455211,training
14765,455211,training
14766,455211,examples
14767,455219,training
14768,455219,examples
14769,455219,examples
14770,455219,training
14771,455219,training
14772,455219,training
14773,455219,examples
14774,455219,test
14775,455219,validation
14776,455219,training
14777,455219,training
14778,456110,examples
14779,456110,test
14780,456110,training
14781,456110,examples
14782,456110,validation
14783,456110,training
14784,456120,training
14785,456120,validation
14786,456120,examples
14787,456130,training
14788,456130,validation
14789,456130,examples
14790,456191,validation
14791,456191,examples
14792,456191,training
14793,456199,validation
14794,456199,validation
14795,456199,test
14796,456199,examples
14797,456199,training
14798,456199,training
14799,456199,examples
14800,456199,training
14801,457110,training
14802,457110,examples
14803,457120,training
14804,457120,validation
14805,457120,test
14806,457120,examples
14807,457210,validation
14808,457210,examples
14809,457210,training
14810,457210,training
14811,457210,training
14812,457210,examples
14813,457210,test
14814,457210,validation
14815,458110,training
14816,458110,training
14817,458110,validation
14818,458110,examples
14819,458110,training
14820,458110,test
14821,458110,validation
14822,458110,validation
14823,458110,examples
14824,458110,test
14825,458110,test
14826,458110,examples
14827,458110,training
14828,458110,training
14829,458110,examples
14830,458110,examples
14831,458110,training
14832,458110,test
14833,458110,examples
14834,458110,examples
14835,458110,test
14836,458110,examples
14837,458110,training
14838,458110,examples
14839,458110,validation
14840,458110,examples
14841,458110,training
14842,458110,validation
14843,458110,validation
14844,458110,test
14845,458110,training
14846,458110,training
14847,458110,validation
14848,458110,training
14849,458110,training
14850,458110,training
14851,458110,examples
14852,458110,validation
14853,458210,test
14854,458210,validation
14855,458210,training
14856,458210,examples
14857,458210,training
14858,458310,test
14859,458310,training
14860,458310,validation
14861,458310,examples
14862,458320,examples
14863,458320,training
14864,459110,test
14865,459110,training
14866,459110,training
14867,459110,examples
14868,459110,training
14869,459110,training
14870,459110,examples
14871,459110,training
14872,459110,test
14873,459110,examples
14874,459110,validation
14875,459110,examples
14876,459110,training
14877,459110,test
14878,459110,examples
14879,459110,training
14880,459110,validation
14881,459110,validation
14882,459110,examples
14883,459110,validation
14884,459120,examples
14885,459120,training
14886,459120,training
14887,459120,validation
14888,459120,examples
14889,459120,test
14890,459130,examples
14891,459130,examples
14892,459130,test
14893,459130,training
14894,459130,training
14895,459130,validation
14896,459140,training
14897,459140,validation
14898,459140,test
14899,459140,examples
14900,459210,training
14901,459210,examples
14902,459210,training
14903,459210,validation
14904,459210,examples
14905,459210,training
14906,459210,test
14907,459210,validation
14908,459310,examples
14909,459310,training
14910,459410,training
14911,459410,examples
14912,459410,validation
14913,459420,test
14914,459420,training
14915,459420,test
14916,459420,validation
14917,459420,training
14918,459420,examples
14919,459420,training
14920,459420,examples
14921,459420,examples
14922,459420,examples
14923,459420,training
14924,459420,validation
14925,459420,validation
14926,459420,training
14927,459510,examples
14928,459510,validation
14929,459510,examples
14930,459510,validation
14931,459510,examples
14932,459510,examples
14933,459510,training
14934,459510,training
14935,459510,validation
14936,459510,training
14937,459510,validation
14938,459510,test
14939,459510,training
14940,459510,training
14941,459510,examples
14942,459510,test
14943,459510,examples
14944,459510,examples
14945,459510,training
14946,459510,examples
14947,459510,test
14948,459510,validation
14949,459510,test
14950,459510,validation
14951,459510,training
14952,459510,training
14953,459510,training
14954,459510,examples
14955,459510,training
14956,459510,training
14957,459910,examples
14958,459910,validation
14959,459910,training
14960,459920,validation
14961,459920,training
14962,459920,examples
14963,459920,test
14964,459930,examples
14965,459930,training
14966,459930,training
14967,459991,examples
14968,459991,test
14969,459991,validation
14970,459991,training
14971,459991,validation
14972,459991,examples
14973,459991,examples
14974,459991,training
14975,459991,training
14976,459999,examples
14977,459999,training
14978,459999,validation
14979,459999,test
14980,459999,training
14981,459999,examples
14982,459999,examples
14983,459999,validation
14984,459999,training
14985,459999,examples
14986,459999,training
14987,459999,training
14988,459999,training
14989,459999,test
14990,459999,test
14991,459999,examples
14992,459999,examples
14993,459999,examples
14994,459999,training
14995,459999,training
14996,459999,training
14997,459999,validation
14998,459999,test
14999,459999,validation
15000,459999,examples
15001,459999,validation
15002,481111,training
15003,481111,training
15004,481111,training
15005,481111,training
15006,481111,examples
15007,481111,examples
15008,481111,training
15009,481111,training
15010,481112,training
15011,481112,training
15012,481112,test
15013,481112,examples
15014,481112,examples
15015,481112,validation
15016,481112,training
15017,481211,examples
15018,481211,training
15019,481211,test
15020,481211,validation
15021,481211,examples
15022,481211,training
15023,481211,examples
15024,481211,training
15025,481211,validation
15026,481212,validation
15027,481212,training
15028,481212,examples
15029,481212,training
15030,481212,examples
15031,481212,test
15032,481212,training
15033,481212,validation
15034,481212,examples
15035,481219,training
15036,481219,examples
15037,482111,examples
15038,482111,training
15039,482111,test
15040,482111,training
15041,482111,validation
15042,482112,examples
15043,482112,test
15044,482112,training
15045,482112,examples
15046,482112,validation
15047,482112,training
15048,482112,training
15049,483111,training
15050,483111,training
15051,483111,test
15052,483111,examples
15053,483111,validation
15054,483112,test
15055,483112,training
15056,483112,training
15057,483112,examples
15058,483112,validation
15059,483113,examples
15060,483113,validation
15061,483113,test
15062,483113,examples
15063,483113,validation
15064,483113,examples
15065,483113,training
15066,483113,training
15067,483113,training
15068,483113,training
15069,483113,test
15070,483114,test
15071,483114,examples
15072,483114,training
15073,483114,examples
15074,483114,training
15075,483114,validation
15076,483114,examples
15077,483114,validation
15078,483114,training
15079,483114,test
15080,483211,examples
15081,483211,examples
15082,483211,examples
15083,483211,training
15084,483211,training
15085,483211,validation
15086,483211,test
15087,483211,validation
15088,483211,training
15089,483211,test
15090,483212,examples
15091,483212,examples
15092,483212,validation
15093,483212,validation
15094,483212,training
15095,483212,training
15096,483212,training
15097,483212,test
15098,483212,examples
15099,484110,test
15100,484110,validation
15101,484110,training
15102,484110,training
15103,484110,examples
15104,484110,examples
15105,484121,test
15106,484121,validation
15107,484121,training
15108,484121,examples
15109,484121,training
15110,484122,training
15111,484122,test
15112,484122,validation
15113,484122,examples
15114,484210,validation
15115,484210,examples
15116,484210,test
15117,484210,training
15118,484210,training
15119,484220,examples
15120,484220,test
15121,484220,examples
15122,484220,training
15123,484220,training
15124,484220,test
15125,484220,training
15126,484220,validation
15127,484220,validation
15128,484220,examples
15129,484220,validation
15130,484220,validation
15131,484220,training
15132,484220,examples
15133,484220,examples
15134,484220,training
15135,484220,examples
15136,484220,validation
15137,484220,training
15138,484220,training
15139,484220,training
15140,484220,test
15141,484220,examples
15142,484230,training
15143,484230,training
15144,484230,examples
15145,484230,validation
15146,484230,test
15147,484230,examples
15148,484230,training
15149,484230,training
15150,484230,test
15151,484230,training
15152,484230,examples
15153,484230,training
15154,484230,training
15155,484230,test
15156,484230,validation
15157,484230,examples
15158,484230,validation
15159,484230,training
15160,484230,validation
15161,484230,validation
15162,484230,examples
15163,484230,examples
15164,484230,training
15165,484230,test
15166,484230,examples
15167,485111,training
15168,485111,training
15169,485111,training
15170,485111,examples
15171,485111,training
15172,485111,examples
15173,485112,examples
15174,485112,validation
15175,485112,training
15176,485112,examples
15177,485112,test
15178,485112,training
15179,485113,examples
15180,485113,training
15181,485113,examples
15182,485113,validation
15183,485113,training
15184,485113,training
15185,485113,validation
15186,485113,test
15187,485119,training
15188,485119,examples
15189,485119,training
15190,485119,test
15191,485119,training
15192,485119,validation
15193,485119,examples
15194,485119,validation
15195,485210,examples
15196,485210,examples
15197,485210,training
15198,485210,training
15199,485210,validation
15200,485210,test
15201,485310,validation
15202,485310,validation
15203,485310,examples
15204,485310,training
15205,485310,examples
15206,485310,training
15207,485310,training
15208,485310,examples
15209,485310,training
15210,485310,test
15211,485320,training
15212,485320,validation
15213,485320,training
15214,485320,examples
15215,485320,test
15216,485320,training
15217,485320,examples
15218,485410,examples
15219,485410,validation
15220,485410,test
15221,485410,training
15222,485510,training
15223,485510,examples
15224,485991,test
15225,485991,examples
15226,485991,examples
15227,485991,validation
15228,485991,training
15229,485991,training
15230,485999,examples
15231,485999,test
15232,485999,training
15233,485999,validation
15234,485999,training
15235,486110,validation
15236,486110,examples
15237,486110,test
15238,486110,training
15239,486210,test
15240,486210,validation
15241,486210,examples
15242,486210,training
15243,486210,examples
15244,486210,training
15245,486210,training
15246,486910,examples
15247,486910,test
15248,486910,training
15249,486910,examples
15250,486910,validation
15251,486910,training
15252,486990,validation
15253,486990,examples
15254,486990,test
15255,486990,training
15256,487110,training
15257,487110,validation
15258,487110,examples
15259,487110,examples
15260,487110,examples
15261,487110,test
15262,487110,test
15263,487110,training
15264,487110,training
15265,487110,validation
15266,487110,training
15267,487110,validation
15268,487110,examples
15269,487110,examples
15270,487110,training
15271,487110,training
15272,487210,examples
15273,487210,training
15274,487210,examples
15275,487210,examples
15276,487210,validation
15277,487210,training
15278,487210,examples
15279,487210,test
15280,487210,test
15281,487210,training
15282,487210,training
15283,487210,validation
15284,487990,examples
15285,487990,examples
15286,487990,test
15287,487990,training
15288,487990,training
15289,487990,validation
15290,487990,training
15291,488111,examples
15292,488119,training
15293,488119,validation
15294,488119,validation
15295,488119,test
15296,488119,examples
15297,488119,training
15298,488119,training
15299,488119,training
15300,488119,validation
15301,488119,test
15302,488119,examples
15303,488119,examples
15304,488119,examples
15305,488119,training
15306,488119,examples
15307,488190,test
15308,488190,examples
15309,488190,examples
15310,488190,training
15311,488190,validation
15312,488190,examples
15313,488190,validation
15314,488190,training
15315,488190,training
15316,488190,training
15317,488210,examples
15318,488210,validation
15319,488210,training
15320,488210,examples
15321,488210,test
15322,488210,examples
15323,488210,validation
15324,488210,training
15325,488210,test
15326,488210,training
15327,488310,test
15328,488310,training
15329,488310,examples
15330,488310,validation
15331,488310,training
15332,488310,validation
15333,488310,test
15334,488310,examples
15335,488310,training
15336,488310,training
15337,488310,examples
15338,488320,examples
15339,488320,test
15340,488320,training
15341,488320,training
15342,488320,validation
15343,488330,examples
15344,488330,training
15345,488330,examples
15346,488330,test
15347,488330,validation
15348,488330,validation
15349,488330,training
15350,488330,training
15351,488390,training
15352,488390,validation
15353,488390,examples
15354,488390,examples
15355,488390,test
15356,488390,training
15357,488410,training
15358,488410,training
15359,488410,validation
15360,488410,examples
15361,488410,test
15362,488490,training
15363,488490,test
15364,488490,validation
15365,488490,examples
15366,488490,validation
15367,488490,training
15368,488490,examples
15369,488490,validation
15370,488490,training
15371,488490,training
15372,488490,examples
15373,488490,examples
15374,488490,training
15375,488490,test
15376,488490,examples
15377,488510,test
15378,488510,training
15379,488510,training
15380,488510,validation
15381,488510,examples
15382,488991,examples
15383,488991,training
15384,488991,validation
15385,488999,training
15386,488999,validation
15387,488999,training
15388,488999,validation
15389,488999,test
15390,488999,training
15391,488999,examples
15392,488999,examples
15393,491110,training
15394,491110,examples
15395,491110,validation
15396,491110,test
15397,491110,training
15398,492110,test
15399,492110,training
15400,492110,validation
15401,492110,examples
15402,492210,examples
15403,492210,training
15404,492210,training
15405,492210,validation
15406,492210,examples
15407,492210,test
15408,492210,training
15409,493110,validation
15410,493110,examples
15411,493110,test
15412,493110,examples
15413,493110,training
15414,493110,training
15415,493120,examples
15416,493120,training
15417,493120,training
15418,493120,training
15419,493120,validation
15420,493120,test
15421,493120,validation
15422,493120,examples
15423,493120,examples
15424,493130,examples
15425,493130,training
15426,493130,training
15427,493130,test
15428,493130,validation
15429,493130,examples
15430,493190,examples
15431,493190,training
15432,493190,test
15433,493190,training
15434,493190,examples
15435,493190,examples
15436,493190,validation
15437,493190,training
15438,493190,validation
15439,512110,training
15440,512110,validation
15441,512110,training
15442,512110,test
15443,512110,training
15444,512110,training
15445,512110,examples
15446,512110,examples
15447,512110,test
15448,512110,examples
15449,512110,examples
15450,512110,validation
15451,512110,test
15452,512110,validation
15453,512110,training
15454,512110,training
15455,512110,examples
15456,512110,training
15457,512110,validation
15458,512110,examples
15459,512110,training
15460,512120,training
15461,512120,training
15462,512120,validation
15463,512120,examples
15464,512120,validation
15465,512120,examples
15466,512120,examples
15467,512120,training
15468,512120,test
15469,512131,examples
15470,512131,validation
15471,512131,training
15472,512131,training
15473,512131,validation
15474,512131,examples
15475,512131,test
15476,512131,examples
15477,512131,training
15478,512132,training
15479,512132,examples
15480,512132,validation
15481,512132,test
15482,512132,training
15483,512132,examples
15484,512191,validation
15485,512191,examples
15486,512191,examples
15487,512191,test
15488,512191,validation
15489,512191,examples
15490,512191,training
15491,512191,examples
15492,512191,test
15493,512191,training
15494,512191,test
15495,512191,training
15496,512191,validation
15497,512191,training
15498,512191,examples
15499,512191,examples
15500,512191,validation
15501,512191,training
15502,512191,training
15503,512199,training
15504,512199,validation
15505,512199,test
15506,512199,validation
15507,512199,test
15508,512199,validation
15509,512199,test
15510,512199,training
15511,512199,examples
15512,512199,examples
15513,512199,training
15514,512199,examples
15515,512199,examples
15516,512199,examples
15517,512199,training
15518,512199,training
15519,512199,training
15520,512230,training
15521,512230,test
15522,512230,validation
15523,512230,test
15524,512230,training
15525,512230,training
15526,512230,examples
15527,512230,examples
15528,512230,training
15529,512230,examples
15530,512230,validation
15531,512240,validation
15532,512240,training
15533,512240,test
15534,512240,examples
15535,512250,test
15536,512250,validation
15537,512250,examples
15538,512250,examples
15539,512250,training
15540,512250,training
15541,512250,examples
15542,512250,training
15543,512250,test
15544,512250,validation
15545,512290,training
15546,512290,training
15547,512290,training
15548,512290,test
15549,512290,validation
15550,512290,examples
15551,512290,examples
15552,513110,validation
15553,513110,test
15554,513110,examples
15555,513110,examples
15556,513110,examples
15557,513110,training
15558,513110,training
15559,513110,training
15560,513110,validation
15561,513120,training
15562,513120,test
15563,513120,examples
15564,513120,training
15565,513120,training
15566,513120,test
15567,513120,training
15568,513120,validation
15569,513120,training
15570,513120,validation
15571,513120,examples
15572,513120,examples
15573,513120,examples
15574,513120,test
15575,513120,examples
15576,513120,validation
15577,513120,validation
15578,513120,validation
15579,513120,examples
15580,513120,training
15581,513120,training
15582,513120,validation
15583,513120,training
15584,513120,examples
15585,513120,training
15586,513120,examples
15587,513120,examples
15588,513120,validation
15589,513120,training
15590,513120,validation
15591,513120,examples
15592,513120,validation
15593,513120,training
15594,513120,training
15595,513120,training
15596,513120,validation
15597,513120,training
15598,513120,training
15599,513120,examples
15600,513120,training
15601,513120,training
15602,513120,training
15603,513120,training
15604,513120,validation
15605,513120,training
15606,513120,training
15607,513120,training
15608,513120,examples
15609,513120,examples
15610,513120,training
15611,513120,examples
15612,513120,test
15613,513120,test
15614,513120,test
15615,513120,examples
15616,513120,training
15617,513120,test
15618,513120,test
15619,513120,examples
15620,513120,examples
15621,513120,examples
15622,513120,test
15623,513120,examples
15624,513120,validation
15625,513120,examples
15626,513120,examples
15627,513120,examples
15628,513120,training
15629,513120,validation
15630,513120,training
15631,513120,training
15632,513120,examples
15633,513120,validation
15634,513120,training
15635,513120,training
15636,513120,training
15637,513120,examples
15638,513120,test
15639,513120,examples
15640,513120,validation
15641,513120,validation
15642,513120,test
15643,513120,training
15644,513120,test
15645,513120,test
15646,513120,examples
15647,513120,examples
15648,513120,validation
15649,513120,validation
15650,513120,test
15651,513130,training
15652,513130,test
15653,513130,validation
15654,513130,test
15655,513130,examples
15656,513130,test
15657,513130,validation
15658,513130,training
15659,513130,training
15660,513130,test
15661,513130,training
15662,513130,examples
15663,513130,training
15664,513130,examples
15665,513130,training
15666,513130,validation
15667,513130,validation
15668,513130,validation
15669,513130,training
15670,513130,test
15671,513130,validation
15672,513130,training
15673,513130,examples
15674,513130,examples
15675,513130,examples
15676,513130,test
15677,513130,examples
15678,513130,training
15679,513130,test
15680,513130,training
15681,513130,examples
15682,513130,examples
15683,513130,training
15684,513130,test
15685,513130,examples
15686,513130,training
15687,513130,training
15688,513130,examples
15689,513130,training
15690,513130,examples
15691,513130,examples
15692,513130,validation
15693,513130,examples
15694,513130,validation
15695,513130,validation
15696,513130,validation
15697,513130,training
15698,513130,validation
15699,513130,training
15700,513130,training
15701,513130,training
15702,513130,examples
15703,513130,examples
15704,513130,examples
15705,513130,validation
15706,513130,examples
15707,513130,examples
15708,513130,validation
15709,513130,validation
15710,513130,examples
15711,513130,training
15712,513130,training
15713,513130,validation
15714,513130,test
15715,513130,training
15716,513130,test
15717,513130,validation
15718,513130,training
15719,513130,training
15720,513130,training
15721,513130,examples
15722,513130,training
15723,513130,test
15724,513130,examples
15725,513130,training
15726,513130,examples
15727,513130,validation
15728,513130,training
15729,513130,examples
15730,513130,examples
15731,513130,test
15732,513130,training
15733,513130,training
15734,513130,test
15735,513140,examples
15736,513140,test
15737,513140,examples
15738,513140,training
15739,513140,training
15740,513140,validation
15741,513140,validation
15742,513140,training
15743,513140,validation
15744,513140,examples
15745,513140,validation
15746,513140,training
15747,513140,examples
15748,513140,training
15749,513140,training
15750,513140,training
15751,513140,examples
15752,513140,training
15753,513140,examples
15754,513140,test
15755,513140,test
15756,513140,training
15757,513140,training
15758,513140,examples
15759,513140,examples
15760,513140,validation
15761,513140,examples
15762,513140,test
15763,513140,validation
15764,513140,training
15765,513191,training
15766,513191,examples
15767,513191,test
15768,513191,validation
15769,513191,training
15770,513191,examples
15771,513191,validation
15772,513191,training
15773,513199,training
15774,513199,examples
15775,513199,training
15776,513199,training
15777,513199,examples
15778,513199,validation
15779,513199,training
15780,513199,validation
15781,513199,examples
15782,513199,examples
15783,513199,training
15784,513199,validation
15785,513199,examples
15786,513199,training
15787,513199,test
15788,513199,test
15789,513199,training
15790,513199,training
15791,513199,test
15792,513199,training
15793,513199,validation
15794,513199,examples
15795,513199,training
15796,513199,training
15797,513199,training
15798,513199,training
15799,513199,validation
15800,513199,examples
15801,513199,examples
15802,513199,training
15803,513199,validation
15804,513199,validation
15805,513199,test
15806,513199,examples
15807,513199,examples
15808,513199,test
15809,513199,examples
15810,513199,training
15811,513199,examples
15812,513199,training
15813,513199,examples
15814,513199,validation
15815,513199,test
15816,513199,examples
15817,513199,examples
15818,513199,test
15819,513199,training
15820,513199,training
15821,513199,validation
15822,513199,validation
15823,513199,test
15824,513210,training
15825,513210,validation
15826,513210,examples
15827,513210,test
15828,513210,examples
15829,513210,examples
15830,513210,training
15831,513210,validation
15832,513210,training
15833,513210,test
15834,513210,examples
15835,513210,examples
15836,513210,training
15837,513210,training
15838,513210,validation
15839,516110,validation
15840,516110,training
15841,516110,examples
15842,516110,validation
15843,516110,examples
15844,516110,training
15845,516110,test
15846,516110,training
15847,516110,training
15848,516110,examples
15849,516120,examples
15850,516120,training
15851,516210,examples
15852,516210,examples
15853,516210,training
15854,516210,examples
15855,516210,examples
15856,516210,validation
15857,516210,examples
15858,516210,training
15859,516210,examples
15860,516210,training
15861,516210,examples
15862,516210,examples
15863,516210,test
15864,516210,validation
15865,516210,training
15866,516210,training
15867,516210,training
15868,516210,validation
15869,516210,training
15870,516210,examples
15871,516210,training
15872,516210,examples
15873,516210,training
15874,516210,validation
15875,516210,examples
15876,516210,validation
15877,516210,validation
15878,516210,training
15879,516210,examples
15880,516210,validation
15881,516210,training
15882,516210,training
15883,516210,training
15884,516210,training
15885,516210,training
15886,516210,validation
15887,516210,test
15888,516210,test
15889,516210,training
15890,516210,examples
15891,516210,validation
15892,516210,training
15893,516210,examples
15894,516210,validation
15895,516210,examples
15896,516210,test
15897,516210,test
15898,516210,test
15899,516210,test
15900,517111,validation
15901,517111,training
15902,517111,training
15903,517111,examples
15904,517111,validation
15905,517111,examples
15906,517111,test
15907,517111,training
15908,517111,training
15909,517111,examples
15910,517111,training
15911,517111,validation
15912,517111,examples
15913,517111,training
15914,517111,test
15915,517111,examples
15916,517112,test
15917,517112,validation
15918,517112,training
15919,517112,training
15920,517112,validation
15921,517112,examples
15922,517112,test
15923,517112,validation
15924,517112,training
15925,517112,examples
15926,517112,examples
15927,517112,training
15928,517112,examples
15929,517121,validation
15930,517121,test
15931,517121,examples
15932,517121,validation
15933,517121,training
15934,517121,training
15935,517121,training
15936,517121,examples
15937,517121,examples
15938,517122,examples
15939,517122,examples
15940,517122,training
15941,517122,training
15942,517122,training
15943,517122,validation
15944,517410,examples
15945,517410,validation
15946,517410,training
15947,517410,examples
15948,517410,training
15949,517410,test
15950,517810,examples
15951,517810,examples
15952,517810,test
15953,517810,training
15954,517810,training
15955,517810,training
15956,517810,examples
15957,517810,validation
15958,517810,validation
15959,518210,examples
15960,518210,training
15961,518210,validation
15962,518210,training
15963,518210,examples
15964,518210,test
15965,518210,test
15966,518210,validation
15967,518210,examples
15968,518210,training
15969,518210,examples
15970,518210,examples
15971,518210,training
15972,518210,examples
15973,518210,training
15974,518210,training
15975,518210,training
15976,518210,test
15977,518210,test
15978,518210,training
15979,518210,training
15980,518210,validation
15981,518210,examples
15982,518210,validation
15983,518210,test
15984,518210,training
15985,518210,validation
15986,518210,examples
15987,518210,examples
15988,518210,validation
15989,518210,training
15990,518210,examples
15991,519210,examples
15992,519210,test
15993,519210,examples
15994,519210,examples
15995,519210,validation
15996,519210,training
15997,519210,training
15998,519210,training
15999,519210,validation
16000,519210,test
16001,519290,training
16002,519290,examples
16003,519290,test
16004,519290,training
16005,519290,training
16006,519290,validation
16007,519290,examples
16008,519290,validation
16009,519290,test
16010,519290,training
16011,519290,examples
16012,521110,examples
16013,521110,validation
16014,521110,training
16015,521110,training
16016,521110,validation
16017,521110,test
16018,521110,examples
16019,521110,training
16020,522110,training
16021,522110,examples
16022,522110,examples
16023,522110,training
16024,522110,validation
16025,522110,training
16026,522110,test
16027,522130,validation
16028,522130,examples
16029,522130,training
16030,522130,test
16031,522130,training
16032,522180,examples
16033,522180,training
16034,522180,training
16035,522180,examples
16036,522180,test
16037,522180,validation
16038,522180,training
16039,522180,examples
16040,522180,training
16041,522180,validation
16042,522180,training
16043,522180,training
16044,522180,examples
16045,522180,examples
16046,522180,training
16047,522180,test
16048,522180,validation
16049,522210,training
16050,522210,validation
16051,522210,examples
16052,522210,training
16053,522210,training
16054,522220,test
16055,522220,examples
16056,522220,examples
16057,522220,validation
16058,522220,training
16059,522220,validation
16060,522220,training
16061,522220,test
16062,522220,examples
16063,522220,training
16064,522220,training
16065,522291,examples
16066,522291,examples
16067,522291,training
16068,522291,training
16069,522291,test
16070,522291,training
16071,522291,validation
16072,522291,validation
16073,522292,training
16074,522292,training
16075,522292,training
16076,522292,validation
16077,522292,examples
16078,522292,validation
16079,522292,examples
16080,522292,examples
16081,522292,test
16082,522299,validation
16083,522299,test
16084,522299,validation
16085,522299,examples
16086,522299,training
16087,522299,training
16088,522299,validation
16089,522299,validation
16090,522299,validation
16091,522299,examples
16092,522299,training
16093,522299,test
16094,522299,examples
16095,522299,test
16096,522299,training
16097,522299,examples
16098,522299,validation
16099,522299,training
16100,522299,training
16101,522299,training
16102,522299,training
16103,522299,examples
16104,522299,training
16105,522299,training
16106,522299,examples
16107,522299,examples
16108,522299,examples
16109,522299,training
16110,522299,test
16111,522299,training
16112,522299,training
16113,522299,validation
16114,522299,examples
16115,522299,training
16116,522299,validation
16117,522299,test
16118,522299,test
16119,522299,training
16120,522299,examples
16121,522299,examples
16122,522299,examples
16123,522310,validation
16124,522310,training
16125,522310,examples
16126,522310,training
16127,522310,training
16128,522310,examples
16129,522310,test
16130,522310,examples
16131,522310,validation
16132,522320,training
16133,522320,validation
16134,522320,examples
16135,522320,test
16136,522320,test
16137,522320,examples
16138,522320,examples
16139,522320,training
16140,522320,validation
16141,522320,training
16142,522320,validation
16143,522320,training
16144,522320,training
16145,522320,examples
16146,522390,examples
16147,522390,training
16148,522390,test
16149,522390,examples
16150,522390,validation
16151,522390,training
16152,523150,examples
16153,523150,validation
16154,523150,examples
16155,523150,training
16156,523150,training
16157,523150,training
16158,523150,training
16159,523150,test
16160,523150,examples
16161,523150,examples
16162,523150,validation
16163,523150,validation
16164,523150,validation
16165,523150,validation
16166,523150,examples
16167,523150,training
16168,523150,examples
16169,523150,training
16170,523150,training
16171,523150,training
16172,523150,test
16173,523150,validation
16174,523150,examples
16175,523150,training
16176,523150,training
16177,523150,examples
16178,523150,examples
16179,523150,test
16180,523150,test
16181,523150,test
16182,523150,training
16183,523150,examples
16184,523160,training
16185,523160,test
16186,523160,training
16187,523160,examples
16188,523160,examples
16189,523160,examples
16190,523160,examples
16191,523160,examples
16192,523160,training
16193,523160,validation
16194,523160,validation
16195,523160,examples
16196,523160,validation
16197,523160,test
16198,523160,test
16199,523160,training
16200,523160,training
16201,523160,validation
16202,523160,validation
16203,523160,training
16204,523160,examples
16205,523160,training
16206,523160,test
16207,523160,training
16208,523210,training
16209,523210,examples
16210,523210,examples
16211,523210,training
16212,523210,training
16213,523210,validation
16214,523210,test
16215,523910,examples
16216,523910,examples
16217,523910,examples
16218,523910,validation
16219,523910,training
16220,523910,training
16221,523910,validation
16222,523910,test
16223,523910,training
16224,523940,training
16225,523940,training
16226,523940,validation
16227,523940,validation
16228,523940,examples
16229,523940,examples
16230,523940,validation
16231,523940,test
16232,523940,examples
16233,523940,examples
16234,523940,training
16235,523940,training
16236,523940,examples
16237,523940,training
16238,523940,training
16239,523940,test
16240,523991,validation
16241,523991,training
16242,523991,training
16243,523991,training
16244,523991,examples
16245,523991,validation
16246,523991,examples
16247,523991,test
16248,523999,test
16249,523999,training
16250,523999,test
16251,523999,training
16252,523999,examples
16253,523999,examples
16254,523999,validation
16255,523999,validation
16256,523999,training
16257,523999,validation
16258,523999,examples
16259,523999,examples
16260,523999,examples
16261,523999,training
16262,523999,training
16263,524113,examples
16264,524113,validation
16265,524113,test
16266,524113,training
16267,524113,examples
16268,524113,training
16269,524113,examples
16270,524113,validation
16271,524113,examples
16272,524113,training
16273,524113,training
16274,524113,test
16275,524113,training
16276,524113,validation
16277,524114,validation
16278,524114,test
16279,524114,training
16280,524114,examples
16281,524114,examples
16282,524114,training
16283,524114,examples
16284,524114,validation
16285,524114,training
16286,524126,test
16287,524126,examples
16288,524126,validation
16289,524126,training
16290,524126,examples
16291,524126,training
16292,524126,test
16293,524126,examples
16294,524126,training
16295,524126,training
16296,524126,validation
16297,524126,training
16298,524126,training
16299,524126,examples
16300,524126,test
16301,524126,validation
16302,524126,validation
16303,524126,training
16304,524126,examples
16305,524126,validation
16306,524126,examples
16307,524126,test
16308,524126,training
16309,524126,examples
16310,524127,validation
16311,524127,training
16312,524127,test
16313,524127,examples
16314,524127,training
16315,524128,examples
16316,524128,validation
16317,524128,validation
16318,524128,examples
16319,524128,examples
16320,524128,test
16321,524128,training
16322,524128,training
16323,524128,training
16324,524130,validation
16325,524130,examples
16326,524130,training
16327,524130,test
16328,524130,training
16329,524130,examples
16330,524210,examples
16331,524210,training
16332,524210,validation
16333,524210,examples
16334,524210,training
16335,524210,test
16336,524291,training
16337,524291,examples
16338,524291,examples
16339,524291,training
16340,524291,validation
16341,524291,training
16342,524291,test
16343,524292,examples
16344,524292,training
16345,524292,training
16346,524292,training
16347,524292,test
16348,524292,validation
16349,524292,examples
16350,524298,training
16351,524298,training
16352,524298,examples
16353,524298,examples
16354,524298,training
16355,524298,validation
16356,524298,test
16357,524298,training
16358,524298,test
16359,524298,validation
16360,524298,examples
16361,524298,examples
16362,525110,test
16363,525110,training
16364,525110,training
16365,525110,examples
16366,525110,training
16367,525110,validation
16368,525110,validation
16369,525110,examples
16370,525120,examples
16371,525120,training
16372,525120,training
16373,525120,validation
16374,525120,test
16375,525190,training
16376,525190,examples
16377,525190,training
16378,525190,training
16379,525910,examples
16380,525910,training
16381,525910,validation
16382,525910,test
16383,525910,training
16384,525920,test
16385,525920,validation
16386,525920,training
16387,525920,examples
16388,525920,training
16389,525920,training
16390,525920,validation
16391,525920,examples
16392,525990,training
16393,525990,training
16394,525990,examples
16395,525990,examples
16396,525990,examples
16397,525990,training
16398,525990,validation
16399,525990,training
16400,525990,validation
16401,525990,examples
16402,525990,training
16403,525990,validation
16404,525990,examples
16405,525990,training
16406,525990,test
16407,525990,test
16408,531110,training
16409,531110,training
16410,531110,examples
16411,531110,training
16412,531110,examples
16413,531110,examples
16414,531110,validation
16415,531110,validation
16416,531110,examples
16417,531110,training
16418,531110,examples
16419,531110,examples
16420,531110,validation
16421,531110,training
16422,531110,training
16423,531110,test
16424,531110,validation
16425,531110,test
16426,531110,test
16427,531120,training
16428,531120,training
16429,531120,validation
16430,531120,training
16431,531120,training
16432,531120,examples
16433,531120,validation
16434,531120,examples
16435,531120,test
16436,531120,test
16437,531120,training
16438,531120,validation
16439,531120,training
16440,531120,validation
16441,531120,examples
16442,531120,examples
16443,531120,training
16444,531120,examples
16445,531120,examples
16446,531120,test
16447,531120,examples
16448,531120,validation
16449,531120,examples
16450,531120,examples
16451,531120,training
16452,531120,training
16453,531120,validation
16454,531120,test
16455,531120,training
16456,531120,test
16457,531120,examples
16458,531120,training
16459,531120,test
16460,531120,examples
16461,531120,validation
16462,531120,training
16463,531120,examples
16464,531120,training
16465,531120,validation
16466,531120,training
16467,531130,validation
16468,531130,training
16469,531130,test
16470,531130,training
16471,531130,examples
16472,531130,training
16473,531130,examples
16474,531130,validation
16475,531130,examples
16476,531190,training
16477,531190,test
16478,531190,validation
16479,531190,validation
16480,531190,examples
16481,531190,examples
16482,531190,validation
16483,531190,training
16484,531190,examples
16485,531190,examples
16486,531190,examples
16487,531190,training
16488,531190,examples
16489,531190,test
16490,531190,test
16491,531190,validation
16492,531190,training
16493,531190,training
16494,531190,training
16495,531210,examples
16496,531210,examples
16497,531210,examples
16498,531210,training
16499,531210,training
16500,531210,training
16501,531210,validation
16502,531210,validation
16503,531210,examples
16504,531210,training
16505,531210,test
16506,531210,examples
16507,531210,examples
16508,531210,examples
16509,531210,training
16510,531210,training
16511,531210,test
16512,531210,training
16513,531210,validation
16514,531210,training
16515,531210,test
16516,531210,validation
16517,531210,validation
16518,531311,examples
16519,531311,training
16520,531311,validation
16521,531311,examples
16522,531311,training
16523,531311,test
16524,531311,validation
16525,531311,examples
16526,531311,training
16527,531311,validation
16528,531311,examples
16529,531311,training
16530,531311,training
16531,531311,test
16532,531312,validation
16533,531312,examples
16534,531312,examples
16535,531312,training
16536,531312,examples
16537,531312,training
16538,531312,test
16539,531312,training
16540,531312,test
16541,531312,examples
16542,531312,training
16543,531312,validation
16544,531312,validation
16545,531312,training
16546,531320,training
16547,531320,examples
16548,531320,training
16549,531320,training
16550,531390,training
16551,531390,training
16552,531390,training
16553,531390,training
16554,531390,examples
16555,531390,training
16556,531390,training
16557,531390,validation
16558,531390,examples
16559,531390,examples
16560,531390,training
16561,531390,training
16562,531390,examples
16563,532111,examples
16564,532111,examples
16565,532111,validation
16566,532111,test
16567,532111,training
16568,532111,test
16569,532111,training
16570,532111,training
16571,532111,examples
16572,532111,validation
16573,532111,examples
16574,532111,training
16575,532112,validation
16576,532112,training
16577,532112,training
16578,532112,examples
16579,532112,test
16580,532112,examples
16581,532112,training
16582,532112,validation
16583,532112,examples
16584,532120,examples
16585,532120,examples
16586,532120,examples
16587,532120,validation
16588,532120,examples
16589,532120,test
16590,532120,validation
16591,532120,training
16592,532120,training
16593,532120,test
16594,532120,validation
16595,532120,training
16596,532120,training
16597,532120,training
16598,532120,training
16599,532120,examples
16600,532210,examples
16601,532210,examples
16602,532210,training
16603,532210,training
16604,532210,test
16605,532210,validation
16606,532210,training
16607,532210,validation
16608,532210,examples
16609,532210,validation
16610,532210,training
16611,532210,test
16612,532210,training
16613,532210,examples
16614,532210,examples
16615,532281,test
16616,532281,examples
16617,532281,examples
16618,532281,training
16619,532281,training
16620,532281,examples
16621,532281,training
16622,532281,test
16623,532281,training
16624,532281,examples
16625,532281,validation
16626,532281,validation
16627,532281,validation
16628,532282,test
16629,532282,training
16630,532282,validation
16631,532282,examples
16632,532282,training
16633,532282,examples
16634,532282,training
16635,532283,training
16636,532283,examples
16637,532283,training
16638,532283,training
16639,532283,validation
16640,532283,validation
16641,532283,examples
16642,532283,test
16643,532283,test
16644,532283,examples
16645,532284,training
16646,532284,training
16647,532284,validation
16648,532284,training
16649,532284,examples
16650,532284,training
16651,532284,training
16652,532284,examples
16653,532284,test
16654,532284,test
16655,532284,validation
16656,532284,examples
16657,532284,training
16658,532284,training
16659,532284,examples
16660,532284,examples
16661,532284,training
16662,532284,examples
16663,532284,examples
16664,532284,validation
16665,532284,validation
16666,532284,test
16667,532284,test
16668,532284,validation
16669,532289,training
16670,532289,examples
16671,532289,examples
16672,532289,examples
16673,532289,test
16674,532289,examples
16675,532289,test
16676,532289,validation
16677,532289,training
16678,532289,training
16679,532289,validation
16680,532289,training
16681,532289,validation
16682,532310,training
16683,532310,validation
16684,532310,examples
16685,532411,training
16686,532411,examples
16687,532411,training
16688,532411,training
16689,532411,test
16690,532411,validation
16691,532411,test
16692,532411,examples
16693,532411,validation
16694,532411,examples
16695,532411,training
16696,532412,training
16697,532412,training
16698,532412,examples
16699,532412,training
16700,532412,examples
16701,532412,validation
16702,532412,examples
16703,532412,test
16704,532412,validation
16705,532412,test
16706,532412,examples
16707,532412,validation
16708,532412,training
16709,532420,validation
16710,532420,training
16711,532420,test
16712,532420,training
16713,532420,test
16714,532420,validation
16715,532420,training
16716,532420,examples
16717,532420,examples
16718,532420,examples
16719,532420,training
16720,532490,test
16721,532490,examples
16722,532490,training
16723,532490,examples
16724,532490,training
16725,532490,test
16726,532490,training
16727,532490,examples
16728,532490,validation
16729,532490,validation
16730,532490,training
16731,532490,training
16732,532490,training
16733,532490,validation
16734,532490,examples
16735,532490,validation
16736,532490,training
16737,532490,test
16738,532490,training
16739,532490,training
16740,532490,test
16741,532490,examples
16742,532490,validation
16743,532490,test
16744,532490,examples
16745,532490,validation
16746,532490,examples
16747,532490,validation
16748,532490,training
16749,532490,test
16750,532490,training
16751,532490,examples
16752,532490,validation
16753,532490,training
16754,532490,examples
16755,532490,training
16756,532490,training
16757,532490,examples
16758,532490,training
16759,532490,examples
16760,532490,examples
16761,533110,validation
16762,533110,examples
16763,533110,validation
16764,533110,examples
16765,533110,examples
16766,533110,training
16767,533110,training
16768,533110,test
16769,533110,test
16770,533110,training
16771,541110,training
16772,541110,training
16773,541110,examples
16774,541110,validation
16775,541110,validation
16776,541110,validation
16777,541110,test
16778,541110,examples
16779,541110,examples
16780,541110,test
16781,541110,examples
16782,541110,examples
16783,541110,training
16784,541110,examples
16785,541110,test
16786,541110,validation
16787,541110,training
16788,541110,training
16789,541110,validation
16790,541110,examples
16791,541110,training
16792,541110,training
16793,541110,training
16794,541191,training
16795,541191,examples
16796,541191,test
16797,541191,validation
16798,541199,validation
16799,541199,examples
16800,541199,validation
16801,541199,training
16802,541199,training
16803,541199,test
16804,541199,examples
16805,541199,training
16806,541211,training
16807,541211,examples
16808,541211,validation
16809,541211,test
16810,541211,validation
16811,541211,validation
16812,541211,examples
16813,541211,test
16814,541211,training
16815,541211,training
16816,541211,training
16817,541211,examples
16818,541211,examples
16819,541213,examples
16820,541213,validation
16821,541213,training
16822,541214,validation
16823,541214,examples
16824,541214,training
16825,541219,training
16826,541219,training
16827,541219,test
16828,541219,examples
16829,541219,validation
16830,541219,test
16831,541219,training
16832,541219,validation
16833,541219,examples
16834,541219,examples
16835,541310,test
16836,541310,training
16837,541310,validation
16838,541310,examples
16839,541310,examples
16840,541310,training
16841,541310,training
16842,541320,examples
16843,541320,training
16844,541320,examples
16845,541320,examples
16846,541320,test
16847,541320,examples
16848,541320,test
16849,541320,validation
16850,541320,training
16851,541320,examples
16852,541320,training
16853,541320,training
16854,541320,training
16855,541320,training
16856,541320,examples
16857,541320,validation
16858,541320,training
16859,541320,training
16860,541320,validation
16861,541320,test
16862,541320,validation
16863,541330,examples
16864,541330,validation
16865,541330,examples
16866,541330,test
16867,541330,training
16868,541330,training
16869,541330,examples
16870,541330,test
16871,541330,examples
16872,541330,test
16873,541330,examples
16874,541330,training
16875,541330,examples
16876,541330,examples
16877,541330,training
16878,541330,training
16879,541330,training
16880,541330,training
16881,541330,validation
16882,541330,validation
16883,541330,examples
16884,541330,examples
16885,541330,validation
16886,541330,validation
16887,541330,training
16888,541330,test
16889,541330,training
16890,541330,training
16891,541330,training
16892,541330,validation
16893,541330,test
16894,541340,test
16895,541340,examples
16896,541340,training
16897,541340,validation
16898,541350,training
16899,541350,training
16900,541350,validation
16901,541350,examples
16902,541350,examples
16903,541350,test
16904,541350,training
16905,541360,training
16906,541360,validation
16907,541360,validation
16908,541360,training
16909,541360,examples
16910,541360,training
16911,541360,test
16912,541360,validation
16913,541360,examples
16914,541360,examples
16915,541360,test
16916,541360,examples
16917,541360,training
16918,541370,test
16919,541370,validation
16920,541370,examples
16921,541370,examples
16922,541370,training
16923,541370,examples
16924,541370,validation
16925,541370,examples
16926,541370,training
16927,541370,test
16928,541370,training
16929,541370,validation
16930,541370,examples
16931,541370,training
16932,541370,training
16933,541380,training
16934,541380,training
16935,541380,validation
16936,541380,validation
16937,541380,examples
16938,541380,test
16939,541380,examples
16940,541380,examples
16941,541380,training
16942,541380,training
16943,541380,test
16944,541380,validation
16945,541380,examples
16946,541380,validation
16947,541380,training
16948,541380,examples
16949,541380,examples
16950,541380,examples
16951,541380,examples
16952,541380,training
16953,541380,validation
16954,541380,test
16955,541380,examples
16956,541380,validation
16957,541380,training
16958,541380,validation
16959,541380,training
16960,541380,examples
16961,541380,training
16962,541380,test
16963,541380,test
16964,541380,training
16965,541380,training
16966,541410,training
16967,541410,examples
16968,541410,examples
16969,541410,training
16970,541410,test
16971,541410,training
16972,541410,validation
16973,541420,training
16974,541420,training
16975,541420,test
16976,541420,training
16977,541420,examples
16978,541420,validation
16979,541420,examples
16980,541430,training
16981,541430,examples
16982,541430,training
16983,541430,examples
16984,541430,training
16985,541430,training
16986,541430,examples
16987,541430,training
16988,541430,training
16989,541430,examples
16990,541430,test
16991,541430,validation
16992,541430,test
16993,541430,training
16994,541430,examples
16995,541430,examples
16996,541430,validation
16997,541430,examples
16998,541430,validation
16999,541430,validation
17000,541430,test
17001,541430,training
17002,541490,validation
17003,541490,test
17004,541490,training
17005,541490,examples
17006,541490,training
17007,541490,examples
17008,541490,training
17009,541490,validation
17010,541490,test
17011,541490,examples
17012,541511,validation
17013,541511,examples
17014,541511,examples
17015,541511,training
17016,541511,training
17017,541511,test
17018,541511,validation
17019,541511,examples
17020,541511,validation
17021,541511,training
17022,541511,examples
17023,541511,test
17024,541511,training
17025,541511,training
17026,541511,training
17027,541511,examples
17028,541511,test
17029,541511,validation
17030,541512,validation
17031,541512,examples
17032,541512,training
17033,541512,examples
17034,541512,examples
17035,541512,validation
17036,541512,training
17037,541512,training
17038,541512,test
17039,541512,examples
17040,541512,training
17041,541512,examples
17042,541512,test
17043,541512,validation
17044,541512,test
17045,541512,validation
17046,541512,training
17047,541512,training
17048,541513,examples
17049,541513,test
17050,541513,training
17051,541513,validation
17052,541519,training
17053,541519,examples
17054,541611,training
17055,541611,test
17056,541611,examples
17057,541611,examples
17058,541611,training
17059,541611,validation
17060,541611,validation
17061,541611,training
17062,541611,training
17063,541611,examples
17064,541611,test
17065,541612,test
17066,541612,examples
17067,541612,training
17068,541612,examples
17069,541612,examples
17070,541612,validation
17071,541612,training
17072,541612,training
17073,541612,training
17074,541612,validation
17075,541612,test
17076,541613,validation
17077,541613,examples
17078,541613,training
17079,541613,training
17080,541613,test
17081,541614,test
17082,541614,examples
17083,541614,test
17084,541614,training
17085,541614,training
17086,541614,validation
17087,541614,examples
17088,541614,examples
17089,541614,test
17090,541614,training
17091,541614,training
17092,541614,training
17093,541614,validation
17094,541614,training
17095,541614,examples
17096,541614,validation
17097,541614,examples
17098,541614,validation
17099,541618,examples
17100,541618,training
17101,541620,test
17102,541620,training
17103,541620,examples
17104,541620,examples
17105,541620,training
17106,541620,validation
17107,541690,validation
17108,541690,examples
17109,541690,validation
17110,541690,test
17111,541690,validation
17112,541690,test
17113,541690,training
17114,541690,test
17115,541690,examples
17116,541690,examples
17117,541690,examples
17118,541690,examples
17119,541690,training
17120,541690,examples
17121,541690,training
17122,541690,training
17123,541690,training
17124,541690,training
17125,541690,training
17126,541690,validation
17127,541690,training
17128,541690,examples
17129,541690,validation
17130,541713,training
17131,541713,examples
17132,541714,examples
17133,541714,examples
17134,541714,training
17135,541714,training
17136,541714,training
17137,541714,validation
17138,541714,examples
17139,541714,test
17140,541714,training
17141,541714,training
17142,541714,validation
17143,541714,examples
17144,541714,examples
17145,541714,examples
17146,541714,validation
17147,541714,training
17148,541714,validation
17149,541714,test
17150,541714,training
17151,541714,test
17152,541715,training
17153,541715,examples
17154,541715,validation
17155,541715,validation
17156,541715,training
17157,541715,training
17158,541715,validation
17159,541715,test
17160,541715,training
17161,541715,validation
17162,541715,validation
17163,541715,examples
17164,541715,training
17165,541715,examples
17166,541715,training
17167,541715,training
17168,541715,examples
17169,541715,training
17170,541715,test
17171,541715,test
17172,541715,test
17173,541715,examples
17174,541715,training
17175,541715,validation
17176,541715,examples
17177,541715,examples
17178,541715,validation
17179,541715,examples
17180,541715,examples
17181,541715,training
17182,541715,examples
17183,541715,training
17184,541715,test
17185,541720,examples
17186,541720,training
17187,541720,test
17188,541720,examples
17189,541720,test
17190,541720,validation
17191,541720,examples
17192,541720,validation
17193,541720,training
17194,541720,training
17195,541720,training
17196,541720,validation
17197,541720,training
17198,541720,examples
17199,541810,training
17200,541810,validation
17201,541810,training
17202,541810,test
17203,541810,examples
17204,541820,validation
17205,541820,test
17206,541820,training
17207,541820,training
17208,541820,examples
17209,541820,examples
17210,541830,examples
17211,541830,training
17212,541840,examples
17213,541840,validation
17214,541840,training
17215,541840,examples
17216,541840,training
17217,541840,test
17218,541840,training
17219,541840,validation
17220,541850,examples
17221,541850,examples
17222,541850,validation
17223,541850,examples
17224,541850,examples
17225,541850,training
17226,541850,training
17227,541850,training
17228,541850,test
17229,541850,training
17230,541850,validation
17231,541850,test
17232,541860,training
17233,541860,examples
17234,541860,validation
17235,541870,examples
17236,541870,test
17237,541870,training
17238,541870,validation
17239,541870,training
17240,541870,validation
17241,541870,examples
17242,541870,examples
17243,541870,training
17244,541890,validation
17245,541890,test
17246,541890,training
17247,541890,examples
17248,541890,examples
17249,541890,training
17250,541890,training
17251,541910,examples
17252,541910,training
17253,541910,training
17254,541910,training
17255,541910,training
17256,541910,examples
17257,541910,validation
17258,541910,test
17259,541910,examples
17260,541910,validation
17261,541921,examples
17262,541921,validation
17263,541921,examples
17264,541921,training
17265,541921,training
17266,541921,examples
17267,541921,test
17268,541921,validation
17269,541921,training
17270,541922,validation
17271,541922,examples
17272,541922,training
17273,541922,test
17274,541922,training
17275,541922,examples
17276,541922,training
17277,541930,training
17278,541930,examples
17279,541930,validation
17280,541930,examples
17281,541930,training
17282,541930,test
17283,541930,training
17284,541940,examples
17285,541940,examples
17286,541940,training
17287,541940,validation
17288,541940,training
17289,541940,test
17290,541940,examples
17291,541940,training
17292,541940,test
17293,541940,test
17294,541940,validation
17295,541940,examples
17296,541940,validation
17297,541940,training
17298,541940,validation
17299,541940,training
17300,541940,training
17301,541940,examples
17302,541940,training
17303,541940,training
17304,541940,examples
17305,541990,examples
17306,541990,training
17307,541990,test
17308,541990,test
17309,541990,training
17310,541990,training
17311,541990,validation
17312,541990,validation
17313,541990,training
17314,541990,examples
17315,541990,examples
17316,541990,examples
17317,541990,validation
17318,541990,examples
17319,541990,test
17320,541990,training
17321,541990,training
17322,541990,validation
17323,541990,validation
17324,541990,training
17325,541990,examples
17326,541990,training
17327,541990,examples
17328,551111,training
17329,551111,examples
17330,551111,training
17331,551112,training
17332,551112,test
17333,551112,examples
17334,551112,validation
17335,551112,validation
17336,551112,examples
17337,551112,training
17338,551112,training
17339,551112,training
17340,551112,examples
17341,551114,examples
17342,551114,training
17343,551114,training
17344,551114,test
17345,551114,validation
17346,551114,training
17347,551114,examples
17348,561110,training
17349,561110,test
17350,561110,examples
17351,561110,training
17352,561110,test
17353,561110,examples
17354,561110,training
17355,561110,validation
17356,561110,validation
17357,561110,examples
17358,561110,examples
17359,561110,validation
17360,561110,training
17361,561210,examples
17362,561210,training
17363,561210,training
17364,561210,validation
17365,561210,examples
17366,561210,validation
17367,561210,training
17368,561210,training
17369,561210,examples
17370,561210,test
17371,561311,validation
17372,561311,validation
17373,561311,validation
17374,561311,examples
17375,561311,test
17376,561311,examples
17377,561311,test
17378,561311,validation
17379,561311,examples
17380,561311,training
17381,561311,training
17382,561311,training
17383,561311,training
17384,561311,examples
17385,561311,training
17386,561311,training
17387,561311,validation
17388,561311,test
17389,561311,validation
17390,561311,examples
17391,561311,examples
17392,561311,test
17393,561311,examples
17394,561311,training
17395,561311,examples
17396,561311,training
17397,561311,test
17398,561311,examples
17399,561311,training
17400,561311,training
17401,561311,examples
17402,561311,training
17403,561312,test
17404,561312,validation
17405,561312,training
17406,561312,examples
17407,561312,training
17408,561320,test
17409,561320,validation
17410,561320,examples
17411,561320,training
17412,561320,test
17413,561320,training
17414,561320,examples
17415,561320,training
17416,561320,examples
17417,561320,training
17418,561320,training
17419,561320,validation
17420,561320,validation
17421,561320,examples
17422,561320,training
17423,561320,examples
17424,561330,validation
17425,561330,training
17426,561330,examples
17427,561330,training
17428,561330,examples
17429,561330,test
17430,561410,test
17431,561410,training
17432,561410,training
17433,561410,training
17434,561410,examples
17435,561410,validation
17436,561410,validation
17437,561410,training
17438,561410,validation
17439,561410,examples
17440,561410,training
17441,561410,examples
17442,561410,examples
17443,561410,test
17444,561410,examples
17445,561421,training
17446,561421,training
17447,561421,validation
17448,561421,examples
17449,561421,training
17450,561421,test
17451,561421,examples
17452,561421,validation
17453,561422,examples
17454,561422,training
17455,561422,test
17456,561422,training
17457,561422,validation
17458,561422,validation
17459,561422,training
17460,561422,examples
17461,561431,examples
17462,561431,test
17463,561431,validation
17464,561431,training
17465,561431,examples
17466,561431,training
17467,561439,test
17468,561439,examples
17469,561439,training
17470,561439,training
17471,561439,training
17472,561439,validation
17473,561439,examples
17474,561439,examples
17475,561439,validation
17476,561439,training
17477,561440,training
17478,561440,validation
17479,561440,examples
17480,561440,examples
17481,561440,examples
17482,561440,validation
17483,561440,training
17484,561440,test
17485,561440,training
17486,561450,validation
17487,561450,validation
17488,561450,examples
17489,561450,training
17490,561450,examples
17491,561450,training
17492,561450,training
17493,561450,training
17494,561450,examples
17495,561450,test
17496,561491,examples
17497,561491,training
17498,561492,training
17499,561492,training
17500,561492,validation
17501,561492,examples
17502,561492,test
17503,561492,examples
17504,561492,training
17505,561499,examples
17506,561499,training
17507,561499,training
17508,561499,training
17509,561499,validation
17510,561499,examples
17511,561499,validation
17512,561499,test
17513,561499,examples
17514,561510,examples
17515,561510,training
17516,561510,validation
17517,561520,validation
17518,561520,examples
17519,561520,training
17520,561591,training
17521,561591,examples
17522,561591,training
17523,561591,test
17524,561591,validation
17525,561591,examples
17526,561599,training
17527,561599,examples
17528,561599,training
17529,561599,test
17530,561599,training
17531,561599,examples
17532,561599,training
17533,561599,training
17534,561599,examples
17535,561599,test
17536,561599,training
17537,561599,training
17538,561599,examples
17539,561599,validation
17540,561599,test
17541,561599,validation
17542,561599,examples
17543,561599,validation
17544,561599,test
17545,561599,training
17546,561599,validation
17547,561599,validation
17548,561599,training
17549,561599,examples
17550,561599,examples
17551,561599,examples
17552,561599,validation
17553,561599,training
17554,561599,examples
17555,561599,test
17556,561599,training
17557,561611,training
17558,561611,validation
17559,561611,examples
17560,561611,test
17561,561611,training
17562,561611,validation
17563,561611,training
17564,561611,test
17565,561611,examples
17566,561611,examples
17567,561611,examples
17568,561611,training
17569,561612,validation
17570,561612,test
17571,561612,training
17572,561612,training
17573,561612,examples
17574,561612,training
17575,561612,test
17576,561612,training
17577,561612,examples
17578,561612,validation
17579,561612,examples
17580,561612,examples
17581,561613,examples
17582,561621,test
17583,561621,examples
17584,561621,validation
17585,561621,validation
17586,561621,training
17587,561621,examples
17588,561621,training
17589,561621,training
17590,561622,test
17591,561622,training
17592,561622,examples
17593,561622,validation
17594,561710,training
17595,561710,training
17596,561710,training
17597,561710,examples
17598,561710,validation
17599,561710,test
17600,561710,examples
17601,561720,training
17602,561720,examples
17603,561720,validation
17604,561720,training
17605,561720,test
17606,561720,examples
17607,561720,examples
17608,561720,validation
17609,561720,training
17610,561720,validation
17611,561720,examples
17612,561720,training
17613,561720,training
17614,561720,training
17615,561720,examples
17616,561720,examples
17617,561720,training
17618,561720,test
17619,561720,test
17620,561720,validation
17621,561720,examples
17622,561720,training
17623,561730,test
17624,561730,validation
17625,561730,validation
17626,561730,training
17627,561730,training
17628,561730,examples
17629,561730,examples
17630,561730,test
17631,561730,examples
17632,561730,training
17633,561730,examples
17634,561730,examples
17635,561730,examples
17636,561730,examples
17637,561730,training
17638,561730,training
17639,561730,validation
17640,561730,examples
17641,561730,test
17642,561730,test
17643,561730,training
17644,561730,training
17645,561730,examples
17646,561730,training
17647,561730,validation
17648,561730,training
17649,561730,test
17650,561730,validation
17651,561730,training
17652,561730,examples
17653,561730,training
17654,561730,examples
17655,561730,examples
17656,561730,training
17657,561730,validation
17658,561730,test
17659,561730,validation
17660,561730,training
17661,561730,validation
17662,561730,training
17663,561740,examples
17664,561740,examples
17665,561740,training
17666,561740,examples
17667,561740,examples
17668,561740,validation
17669,561740,test
17670,561740,validation
17671,561740,training
17672,561740,training
17673,561740,validation
17674,561740,test
17675,561740,training
17676,561790,test
17677,561790,validation
17678,561790,test
17679,561790,examples
17680,561790,test
17681,561790,validation
17682,561790,examples
17683,561790,training
17684,561790,validation
17685,561790,training
17686,561790,examples
17687,561790,examples
17688,561790,examples
17689,561790,validation
17690,561790,training
17691,561790,examples
17692,561790,training
17693,561790,training
17694,561790,training
17695,561790,training
17696,561910,examples
17697,561910,training
17698,561910,training
17699,561910,training
17700,561910,validation
17701,561910,training
17702,561910,examples
17703,561910,training
17704,561910,examples
17705,561910,test
17706,561910,examples
17707,561910,validation
17708,561910,validation
17709,561910,test
17710,561920,test
17711,561920,training
17712,561920,validation
17713,561920,training
17714,561920,validation
17715,561920,test
17716,561920,training
17717,561920,training
17718,561920,examples
17719,561920,validation
17720,561920,training
17721,561920,training
17722,561920,validation
17723,561920,training
17724,561920,training
17725,561920,test
17726,561920,examples
17727,561920,examples
17728,561920,examples
17729,561920,examples
17730,561920,test
17731,561920,validation
17732,561920,examples
17733,561920,examples
17734,561920,validation
17735,561920,training
17736,561920,examples
17737,561920,training
17738,561990,test
17739,561990,validation
17740,561990,validation
17741,561990,examples
17742,561990,training
17743,561990,training
17744,561990,training
17745,561990,training
17746,561990,test
17747,561990,training
17748,561990,validation
17749,561990,training
17750,561990,examples
17751,561990,examples
17752,561990,training
17753,561990,test
17754,561990,examples
17755,561990,test
17756,561990,examples
17757,561990,examples
17758,561990,validation
17759,561990,training
17760,561990,examples
17761,561990,examples
17762,561990,validation
17763,561990,training
17764,562111,training
17765,562111,test
17766,562111,training
17767,562111,training
17768,562111,validation
17769,562111,examples
17770,562111,examples
17771,562111,validation
17772,562111,training
17773,562111,test
17774,562111,examples
17775,562111,validation
17776,562111,examples
17777,562111,training
17778,562111,training
17779,562111,examples
17780,562112,training
17781,562112,training
17782,562112,examples
17783,562112,test
17784,562112,validation
17785,562119,test
17786,562119,validation
17787,562119,training
17788,562119,validation
17789,562119,examples
17790,562119,examples
17791,562119,training
17792,562119,training
17793,562119,examples
17794,562211,validation
17795,562211,examples
17796,562211,test
17797,562211,training
17798,562211,test
17799,562211,examples
17800,562211,test
17801,562211,training
17802,562211,examples
17803,562211,training
17804,562211,training
17805,562211,training
17806,562211,validation
17807,562211,validation
17808,562211,examples
17809,562211,examples
17810,562211,training
17811,562212,validation
17812,562212,validation
17813,562212,examples
17814,562212,training
17815,562212,test
17816,562212,training
17817,562212,examples
17818,562212,test
17819,562212,training
17820,562212,training
17821,562212,validation
17822,562212,examples
17823,562212,examples
17824,562213,validation
17825,562213,training
17826,562213,training
17827,562213,validation
17828,562213,examples
17829,562213,training
17830,562213,examples
17831,562213,test
17832,562213,examples
17833,562219,training
17834,562219,training
17835,562219,validation
17836,562219,examples
17837,562219,test
17838,562910,training
17839,562910,validation
17840,562910,examples
17841,562910,training
17842,562910,examples
17843,562910,test
17844,562910,training
17845,562910,validation
17846,562910,validation
17847,562910,examples
17848,562910,training
17849,562910,training
17850,562910,examples
17851,562910,training
17852,562910,test
17853,562910,test
17854,562910,examples
17855,562910,validation
17856,562920,examples
17857,562920,training
17858,562920,test
17859,562920,validation
17860,562920,training
17861,562991,examples
17862,562991,test
17863,562991,examples
17864,562991,validation
17865,562991,validation
17866,562991,training
17867,562991,examples
17868,562991,training
17869,562991,training
17870,562998,examples
17871,562998,test
17872,562998,validation
17873,562998,validation
17874,562998,training
17875,562998,examples
17876,562998,examples
17877,562998,training
17878,562998,training
17879,562998,training
17880,562998,test
17881,611110,training
17882,611110,test
17883,611110,examples
17884,611110,training
17885,611110,examples
17886,611110,validation
17887,611110,examples
17888,611110,test
17889,611110,test
17890,611110,validation
17891,611110,training
17892,611110,validation
17893,611110,validation
17894,611110,examples
17895,611110,examples
17896,611110,training
17897,611110,validation
17898,611110,training
17899,611110,examples
17900,611110,examples
17901,611110,training
17902,611110,training
17903,611110,training
17904,611110,test
17905,611110,examples
17906,611110,examples
17907,611110,training
17908,611110,validation
17909,611110,training
17910,611210,validation
17911,611210,training
17912,611210,training
17913,611210,training
17914,611210,test
17915,611210,examples
17916,611210,validation
17917,611210,examples
17918,611210,test
17919,611210,examples
17920,611310,validation
17921,611310,training
17922,611310,training
17923,611310,test
17924,611310,training
17925,611310,test
17926,611310,training
17927,611310,validation
17928,611310,test
17929,611310,training
17930,611310,examples
17931,611310,validation
17932,611310,training
17933,611310,training
17934,611310,training
17935,611310,validation
17936,611310,validation
17937,611310,examples
17938,611310,examples
17939,611310,examples
17940,611310,test
17941,611310,examples
17942,611310,examples
17943,611310,examples
17944,611310,examples
17945,611310,training
17946,611410,test
17947,611410,training
17948,611410,validation
17949,611410,examples
17950,611410,training
17951,611410,examples
17952,611420,validation
17953,611420,training
17954,611420,examples
17955,611420,test
17956,611420,examples
17957,611420,training
17958,611420,validation
17959,611420,training
17960,611430,examples
17961,611430,training
17962,611430,test
17963,611430,examples
17964,611430,validation
17965,611430,training
17966,611511,examples
17967,611511,training
17968,611511,examples
17969,611511,test
17970,611511,examples
17971,611511,validation
17972,611511,validation
17973,611511,training
17974,611511,training
17975,611512,training
17976,611512,validation
17977,611512,examples
17978,611512,examples
17979,611512,test
17980,611512,training
17981,611513,training
17982,611513,validation
17983,611513,examples
17984,611513,training
17985,611513,examples
17986,611513,validation
17987,611513,training
17988,611513,test
17989,611513,examples
17990,611513,test
17991,611519,test
17992,611519,examples
17993,611519,training
17994,611519,examples
17995,611519,validation
17996,611519,training
17997,611519,training
17998,611519,examples
17999,611519,training
18000,611519,training
18001,611519,validation
18002,611519,examples
18003,611519,training
18004,611519,examples
18005,611519,validation
18006,611519,training
18007,611519,training
18008,611519,training
18009,611519,test
18010,611519,training
18011,611519,training
18012,611519,validation
18013,611519,test
18014,611519,examples
18015,611519,test
18016,611519,validation
18017,611519,examples
18018,611519,validation
18019,611519,examples
18020,611519,validation
18021,611519,validation
18022,611519,test
18023,611519,examples
18024,611519,examples
18025,611519,training
18026,611519,examples
18027,611519,training
18028,611519,test
18029,611610,validation
18030,611610,examples
18031,611610,training
18032,611610,training
18033,611610,examples
18034,611610,test
18035,611610,test
18036,611610,test
18037,611610,examples
18038,611610,training
18039,611610,training
18040,611610,validation
18041,611610,examples
18042,611610,training
18043,611610,validation
18044,611610,examples
18045,611610,training
18046,611610,examples
18047,611610,training
18048,611610,examples
18049,611610,training
18050,611610,validation
18051,611620,test
18052,611620,examples
18053,611620,validation
18054,611620,test
18055,611620,training
18056,611620,training
18057,611620,validation
18058,611620,examples
18059,611620,training
18060,611620,training
18061,611620,validation
18062,611620,validation
18063,611620,examples
18064,611620,examples
18065,611620,examples
18066,611620,training
18067,611620,validation
18068,611620,training
18069,611620,test
18070,611620,training
18071,611620,validation
18072,611620,examples
18073,611620,examples
18074,611620,test
18075,611620,examples
18076,611620,training
18077,611620,training
18078,611620,examples
18079,611620,training
18080,611620,examples
18081,611620,test
18082,611620,training
18083,611620,validation
18084,611630,test
18085,611630,training
18086,611630,training
18087,611630,validation
18088,611630,examples
18089,611630,examples
18090,611691,examples
18091,611691,training
18092,611691,examples
18093,611691,validation
18094,611691,examples
18095,611691,training
18096,611691,training
18097,611691,validation
18098,611691,test
18099,611691,training
18100,611691,test
18101,611692,training
18102,611692,examples
18103,611692,test
18104,611692,validation
18105,611699,test
18106,611699,examples
18107,611699,test
18108,611699,examples
18109,611699,validation
18110,611699,examples
18111,611699,training
18112,611699,training
18113,611699,training
18114,611699,training
18115,611699,training
18116,611699,examples
18117,611699,training
18118,611699,examples
18119,611699,validation
18120,611699,validation
18121,611710,examples
18122,611710,validation
18123,611710,training
18124,611710,validation
18125,611710,validation
18126,611710,training
18127,611710,test
18128,611710,training
18129,611710,examples
18130,611710,examples
18131,611710,training
18132,611710,test
18133,611710,examples
18134,621111,training
18135,621111,training
18136,621111,examples
18137,621111,training
18138,621111,validation
18139,621111,test
18140,621111,examples
18141,621111,examples
18142,621111,training
18143,621111,training
18144,621111,validation
18145,621111,training
18146,621111,test
18147,621111,test
18148,621111,training
18149,621111,training
18150,621111,examples
18151,621111,examples
18152,621111,examples
18153,621111,validation
18154,621111,validation
18155,621111,training
18156,621111,examples
18157,621111,training
18158,621111,training
18159,621111,examples
18160,621111,training
18161,621111,test
18162,621111,training
18163,621111,training
18164,621111,training
18165,621111,examples
18166,621111,examples
18167,621111,validation
18168,621111,test
18169,621111,test
18170,621111,validation
18171,621111,validation
18172,621111,examples
18173,621111,validation
18174,621111,examples
18175,621112,examples
18176,621112,training
18177,621112,examples
18178,621112,training
18179,621112,training
18180,621112,test
18181,621112,examples
18182,621112,validation
18183,621112,test
18184,621112,validation
18185,621210,training
18186,621210,examples
18187,621210,training
18188,621210,training
18189,621210,examples
18190,621210,examples
18191,621210,validation
18192,621210,test
18193,621210,test
18194,621210,training
18195,621210,validation
18196,621210,training
18197,621210,examples
18198,621210,validation
18199,621210,examples
18200,621310,validation
18201,621310,training
18202,621310,examples
18203,621320,examples
18204,621320,training
18205,621320,validation
18206,621330,training
18207,621330,validation
18208,621330,examples
18209,621330,training
18210,621330,test
18211,621330,examples
18212,621340,test
18213,621340,examples
18214,621340,test
18215,621340,training
18216,621340,validation
18217,621340,training
18218,621340,training
18219,621340,training
18220,621340,test
18221,621340,examples
18222,621340,examples
18223,621340,validation
18224,621340,validation
18225,621340,training
18226,621340,examples
18227,621340,training
18228,621340,validation
18229,621340,training
18230,621340,examples
18231,621340,training
18232,621340,examples
18233,621391,examples
18234,621391,training
18235,621391,test
18236,621391,training
18237,621391,validation
18238,621399,examples
18239,621399,examples
18240,621399,test
18241,621399,training
18242,621399,examples
18243,621399,test
18244,621399,test
18245,621399,test
18246,621399,examples
18247,621399,training
18248,621399,examples
18249,621399,examples
18250,621399,validation
18251,621399,training
18252,621399,training
18253,621399,examples
18254,621399,training
18255,621399,training
18256,621399,validation
18257,621399,training
18258,621399,training
18259,621399,training
18260,621399,examples
18261,621399,training
18262,621399,validation
18263,621399,validation
18264,621399,validation
18265,621399,test
18266,621399,examples
18267,621399,training
18268,621399,validation
18269,621399,examples
18270,621399,validation
18271,621399,training
18272,621410,test
18273,621410,training
18274,621410,validation
18275,621410,examples
18276,621410,examples
18277,621410,training
18278,621410,training
18279,621410,examples
18280,621410,validation
18281,621420,test
18282,621420,test
18283,621420,examples
18284,621420,examples
18285,621420,training
18286,621420,training
18287,621420,training
18288,621420,validation
18289,621420,examples
18290,621420,validation
18291,621491,validation
18292,621491,examples
18293,621491,training
18294,621492,training
18295,621492,test
18296,621492,examples
18297,621492,validation
18298,621493,training
18299,621493,training
18300,621493,examples
18301,621493,examples
18302,621493,validation
18303,621493,training
18304,621493,test
18305,621498,training
18306,621498,test
18307,621498,examples
18308,621498,examples
18309,621498,training
18310,621498,validation
18311,621498,validation
18312,621498,training
18313,621511,validation
18314,621511,validation
18315,621511,validation
18316,621511,training
18317,621511,training
18318,621511,examples
18319,621511,examples
18320,621511,test
18321,621511,examples
18322,621511,validation
18323,621511,examples
18324,621511,training
18325,621511,examples
18326,621511,test
18327,621511,training
18328,621511,training
18329,621511,training
18330,621511,examples
18331,621511,test
18332,621512,test
18333,621512,training
18334,621512,training
18335,621512,examples
18336,621512,validation
18337,621512,examples
18338,621512,examples
18339,621512,validation
18340,621512,examples
18341,621512,training
18342,621512,examples
18343,621512,examples
18344,621512,training
18345,621512,test
18346,621512,test
18347,621512,training
18348,621512,validation
18349,621512,training
18350,621512,training
18351,621512,validation
18352,621512,training
18353,621512,examples
18354,621610,training
18355,621610,training
18356,621610,validation
18357,621610,test
18358,621610,examples
18359,621610,validation
18360,621610,examples
18361,621610,examples
18362,621610,training
18363,621910,training
18364,621910,test
18365,621910,examples
18366,621910,training
18367,621910,validation
18368,621991,examples
18369,621991,training
18370,621991,test
18371,621991,training
18372,621991,test
18373,621991,examples
18374,621991,training
18375,621991,training
18376,621991,validation
18377,621991,validation
18378,621991,examples
18379,621999,training
18380,621999,training
18381,621999,validation
18382,621999,test
18383,621999,examples
18384,621999,training
18385,621999,validation
18386,621999,test
18387,621999,training
18388,621999,examples
18389,621999,examples
18390,621999,examples
18391,622110,test
18392,622110,examples
18393,622110,examples
18394,622110,validation
18395,622110,training
18396,622110,training
18397,622210,test
18398,622210,training
18399,622210,validation
18400,622210,examples
18401,622210,validation
18402,622210,examples
18403,622210,examples
18404,622210,training
18405,622210,training
18406,622210,training
18407,622210,examples
18408,622210,validation
18409,622210,training
18410,622210,test
18411,622310,test
18412,622310,validation
18413,622310,validation
18414,622310,training
18415,622310,test
18416,622310,examples
18417,622310,validation
18418,622310,training
18419,622310,training
18420,622310,examples
18421,622310,training
18422,622310,training
18423,622310,examples
18424,622310,examples
18425,623110,training
18426,623110,validation
18427,623110,examples
18428,623110,training
18429,623110,test
18430,623110,training
18431,623110,examples
18432,623110,training
18433,623110,validation
18434,623110,examples
18435,623210,validation
18436,623210,test
18437,623210,examples
18438,623210,validation
18439,623210,training
18440,623210,examples
18441,623210,training
18442,623210,training
18443,623220,validation
18444,623220,validation
18445,623220,training
18446,623220,training
18447,623220,training
18448,623220,test
18449,623220,test
18450,623220,validation
18451,623220,examples
18452,623220,examples
18453,623220,training
18454,623220,examples
18455,623220,examples
18456,623220,training
18457,623311,training
18458,623311,examples
18459,623311,training
18460,623312,training
18461,623312,training
18462,623312,test
18463,623312,validation
18464,623312,training
18465,623312,examples
18466,623312,validation
18467,623312,examples
18468,623990,test
18469,623990,examples
18470,623990,training
18471,623990,training
18472,623990,validation
18473,623990,test
18474,623990,validation
18475,623990,examples
18476,623990,examples
18477,623990,validation
18478,623990,training
18479,623990,examples
18480,623990,training
18481,623990,training
18482,623990,examples
18483,624110,training
18484,624110,validation
18485,624110,test
18486,624110,training
18487,624110,examples
18488,624110,validation
18489,624110,test
18490,624110,examples
18491,624110,examples
18492,624110,validation
18493,624110,examples
18494,624110,training
18495,624110,training
18496,624120,validation
18497,624120,training
18498,624120,training
18499,624120,test
18500,624120,validation
18501,624120,examples
18502,624120,examples
18503,624120,test
18504,624120,examples
18505,624120,examples
18506,624120,validation
18507,624120,training
18508,624120,training
18509,624190,test
18510,624190,validation
18511,624190,test
18512,624190,examples
18513,624190,validation
18514,624190,examples
18515,624190,test
18516,624190,training
18517,624190,training
18518,624190,examples
18519,624190,examples
18520,624190,examples
18521,624190,training
18522,624190,validation
18523,624190,examples
18524,624190,test
18525,624190,training
18526,624190,training
18527,624190,training
18528,624190,validation
18529,624190,examples
18530,624190,examples
18531,624190,training
18532,624190,examples
18533,624190,training
18534,624190,training
18535,624190,examples
18536,624190,training
18537,624190,validation
18538,624190,validation
18539,624190,test
18540,624190,training
18541,624210,validation
18542,624210,training
18543,624210,test
18544,624210,examples
18545,624210,training
18546,624210,examples
18547,624221,training
18548,624221,training
18549,624221,training
18550,624221,training
18551,624221,training
18552,624221,training
18553,624221,examples
18554,624221,examples
18555,624221,examples
18556,624221,validation
18557,624221,training
18558,624221,examples
18559,624229,validation
18560,624229,training
18561,624229,examples
18562,624229,examples
18563,624229,test
18564,624229,training
18565,624229,training
18566,624230,training
18567,624230,training
18568,624230,examples
18569,624230,validation
18570,624230,examples
18571,624230,training
18572,624230,training
18573,624230,training
18574,624310,training
18575,624310,examples
18576,624310,validation
18577,624310,training
18578,624310,training
18579,624310,validation
18580,624310,examples
18581,624310,validation
18582,624310,training
18583,624310,examples
18584,624310,test
18585,624310,examples
18586,624310,test
18587,624410,examples
18588,624410,training
18589,624410,examples
18590,624410,training
18591,624410,training
18592,624410,training
18593,624410,validation
18594,624410,test
18595,624410,examples
18596,624410,training
18597,624410,validation
18598,624410,test
18599,624410,validation
18600,624410,examples
18601,624410,test
18602,624410,training
18603,624410,validation
18604,624410,examples
18605,711110,test
18606,711110,test
18607,711110,examples
18608,711110,examples
18609,711110,training
18610,711110,training
18611,711110,examples
18612,711110,validation
18613,711110,training
18614,711110,validation
18615,711110,test
18616,711110,training
18617,711110,examples
18618,711110,training
18619,711110,validation
18620,711110,examples
18621,711110,test
18622,711110,training
18623,711110,training
18624,711110,validation
18625,711110,training
18626,711110,examples
18627,711110,examples
18628,711110,validation
18629,711120,examples
18630,711120,training
18631,711120,training
18632,711120,examples
18633,711120,training
18634,711120,training
18635,711120,examples
18636,711120,validation
18637,711120,test
18638,711120,test
18639,711120,training
18640,711120,validation
18641,711120,validation
18642,711120,training
18643,711120,examples
18644,711120,examples
18645,711130,training
18646,711130,examples
18647,711130,validation
18648,711130,test
18649,711130,validation
18650,711130,training
18651,711130,test
18652,711130,training
18653,711130,training
18654,711130,training
18655,711130,examples
18656,711130,examples
18657,711130,training
18658,711130,examples
18659,711130,test
18660,711130,validation
18661,711130,training
18662,711130,validation
18663,711130,test
18664,711130,training
18665,711130,examples
18666,711130,examples
18667,711130,validation
18668,711130,validation
18669,711130,training
18670,711130,training
18671,711130,examples
18672,711130,training
18673,711130,examples
18674,711130,examples
18675,711190,training
18676,711190,training
18677,711190,examples
18678,711190,validation
18679,711190,test
18680,711190,training
18681,711190,validation
18682,711190,examples
18683,711211,training
18684,711211,training
18685,711211,test
18686,711211,examples
18687,711211,examples
18688,711211,validation
18689,711211,training
18690,711211,test
18691,711211,training
18692,711211,validation
18693,711211,training
18694,711211,validation
18695,711211,training
18696,711211,test
18697,711211,examples
18698,711211,validation
18699,711211,examples
18700,711211,test
18701,711211,examples
18702,711211,examples
18703,711211,training
18704,711211,training
18705,711211,validation
18706,711211,examples
18707,711211,training
18708,711212,examples
18709,711212,training
18710,711212,test
18711,711212,validation
18712,711212,training
18713,711212,examples
18714,711212,examples
18715,711212,test
18716,711212,training
18717,711212,training
18718,711212,validation
18719,711212,examples
18720,711219,training
18721,711219,examples
18722,711219,test
18723,711219,test
18724,711219,training
18725,711219,examples
18726,711219,validation
18727,711219,test
18728,711219,training
18729,711219,examples
18730,711219,examples
18731,711219,examples
18732,711219,training
18733,711219,examples
18734,711219,test
18735,711219,training
18736,711219,examples
18737,711219,validation
18738,711219,training
18739,711219,test
18740,711219,training
18741,711219,validation
18742,711219,examples
18743,711219,validation
18744,711219,training
18745,711219,validation
18746,711219,examples
18747,711219,validation
18748,711219,training
18749,711219,training
18750,711219,training
18751,711219,training
18752,711219,training
18753,711219,examples
18754,711219,validation
18755,711219,examples
18756,711310,validation
18757,711310,training
18758,711310,training
18759,711310,examples
18760,711310,examples
18761,711310,examples
18762,711310,examples
18763,711310,training
18764,711310,training
18765,711310,training
18766,711310,test
18767,711310,validation
18768,711310,examples
18769,711310,validation
18770,711310,training
18771,711310,training
18772,711310,examples
18773,711310,training
18774,711310,examples
18775,711310,training
18776,711310,validation
18777,711310,training
18778,711310,validation
18779,711310,test
18780,711310,training
18781,711310,examples
18782,711310,examples
18783,711310,training
18784,711310,training
18785,711310,examples
18786,711310,examples
18787,711310,examples
18788,711310,training
18789,711310,examples
18790,711310,training
18791,711310,validation
18792,711310,validation
18793,711310,test
18794,711310,training
18795,711310,training
18796,711310,test
18797,711310,validation
18798,711310,training
18799,711310,training
18800,711310,validation
18801,711310,examples
18802,711310,test
18803,711310,validation
18804,711310,test
18805,711310,test
18806,711310,training
18807,711310,validation
18808,711310,test
18809,711310,training
18810,711310,examples
18811,711310,training
18812,711310,training
18813,711310,examples
18814,711310,examples
18815,711310,test
18816,711310,examples
18817,711310,validation
18818,711310,validation
18819,711310,training
18820,711310,examples
18821,711310,training
18822,711310,training
18823,711310,validation
18824,711310,examples
18825,711310,test
18826,711310,examples
18827,711310,examples
18828,711310,validation
18829,711310,examples
18830,711310,training
18831,711310,test
18832,711310,examples
18833,711310,training
18834,711310,validation
18835,711310,test
18836,711310,training
18837,711320,training
18838,711320,training
18839,711320,training
18840,711320,validation
18841,711320,training
18842,711320,training
18843,711320,examples
18844,711320,validation
18845,711320,validation
18846,711320,training
18847,711320,examples
18848,711320,training
18849,711320,test
18850,711320,training
18851,711320,validation
18852,711320,examples
18853,711320,training
18854,711320,test
18855,711320,training
18856,711320,examples
18857,711320,validation
18858,711320,examples
18859,711320,examples
18860,711320,examples
18861,711320,examples
18862,711320,validation
18863,711320,test
18864,711320,test
18865,711320,examples
18866,711320,training
18867,711320,training
18868,711320,examples
18869,711320,training
18870,711320,examples
18871,711320,training
18872,711320,training
18873,711320,training
18874,711320,training
18875,711320,training
18876,711320,examples
18877,711320,training
18878,711320,validation
18879,711320,validation
18880,711320,validation
18881,711320,training
18882,711320,examples
18883,711320,training
18884,711320,validation
18885,711320,examples
18886,711320,validation
18887,711320,test
18888,711320,examples
18889,711320,test
18890,711320,examples
18891,711320,test
18892,711320,validation
18893,711320,training
18894,711320,training
18895,711320,training
18896,711320,examples
18897,711320,validation
18898,711320,examples
18899,711320,examples
18900,711320,training
18901,711320,test
18902,711320,test
18903,711320,test
18904,711320,validation
18905,711320,examples
18906,711320,training
18907,711320,training
18908,711320,examples
18909,711320,test
18910,711320,examples
18911,711320,validation
18912,711320,validation
18913,711320,test
18914,711320,examples
18915,711320,training
18916,711320,examples
18917,711410,training
18918,711410,training
18919,711410,training
18920,711410,training
18921,711410,examples
18922,711410,validation
18923,711410,test
18924,711410,training
18925,711410,examples
18926,711410,examples
18927,711410,examples
18928,711410,validation
18929,711410,validation
18930,711410,training
18931,711410,validation
18932,711410,test
18933,711410,examples
18934,711410,test
18935,711410,validation
18936,711410,examples
18937,711410,examples
18938,711410,training
18939,711410,examples
18940,711410,training
18941,711410,test
18942,711410,examples
18943,711410,validation
18944,711410,training
18945,711410,training
18946,711510,examples
18947,711510,training
18948,711510,examples
18949,711510,examples
18950,711510,validation
18951,711510,validation
18952,711510,examples
18953,711510,training
18954,711510,test
18955,711510,examples
18956,711510,training
18957,711510,test
18958,711510,training
18959,711510,validation
18960,711510,examples
18961,711510,test
18962,711510,examples
18963,711510,training
18964,711510,validation
18965,711510,training
18966,711510,validation
18967,711510,examples
18968,711510,examples
18969,711510,training
18970,711510,training
18971,711510,examples
18972,711510,test
18973,711510,training
18974,711510,test
18975,711510,test
18976,711510,examples
18977,711510,examples
18978,711510,training
18979,711510,examples
18980,711510,validation
18981,711510,training
18982,711510,test
18983,711510,training
18984,711510,training
18985,711510,examples
18986,711510,examples
18987,711510,validation
18988,711510,training
18989,711510,examples
18990,711510,validation
18991,711510,training
18992,711510,validation
18993,711510,training
18994,711510,validation
18995,711510,test
18996,711510,examples
18997,711510,test
18998,711510,training
18999,711510,examples
19000,711510,training
19001,711510,training
19002,711510,examples
19003,711510,validation
19004,711510,training
19005,711510,examples
19006,711510,validation
19007,711510,examples
19008,711510,training
19009,711510,test
19010,711510,test
19011,711510,training
19012,711510,test
19013,711510,training
19014,711510,training
19015,711510,training
19016,711510,validation
19017,711510,examples
19018,711510,validation
19019,711510,training
19020,711510,validation
19021,711510,training
19022,711510,validation
19023,711510,examples
19024,711510,examples
19025,711510,training
19026,712110,training
19027,712110,training
19028,712110,examples
19029,712110,validation
19030,712110,test
19031,712110,training
19032,712110,examples
19033,712110,training
19034,712110,test
19035,712110,training
19036,712110,training
19037,712110,examples
19038,712110,test
19039,712110,test
19040,712110,examples
19041,712110,examples
19042,712110,training
19043,712110,examples
19044,712110,examples
19045,712110,training
19046,712110,examples
19047,712110,validation
19048,712110,validation
19049,712110,training
19050,712110,validation
19051,712110,validation
19052,712120,validation
19053,712120,training
19054,712120,test
19055,712120,examples
19056,712120,examples
19057,712120,training
19058,712120,training
19059,712130,examples
19060,712130,validation
19061,712130,examples
19062,712130,validation
19063,712130,examples
19064,712130,training
19065,712130,training
19066,712130,training
19067,712130,examples
19068,712130,validation
19069,712130,training
19070,712130,training
19071,712130,test
19072,712130,examples
19073,712130,test
19074,712130,training
19075,712190,examples
19076,712190,examples
19077,712190,training
19078,712190,training
19079,712190,training
19080,712190,validation
19081,712190,test
19082,712190,examples
19083,712190,examples
19084,712190,training
19085,712190,training
19086,712190,examples
19087,712190,validation
19088,712190,test
19089,712190,validation
19090,713110,examples
19091,713110,training
19092,713110,validation
19093,713110,training
19094,713110,test
19095,713120,training
19096,713120,training
19097,713120,training
19098,713120,examples
19099,713120,examples
19100,713120,validation
19101,713120,examples
19102,713120,test
19103,713120,test
19104,713120,validation
19105,713210,examples
19106,713210,validation
19107,713210,examples
19108,713210,training
19109,713210,training
19110,713210,training
19111,713210,test
19112,713290,test
19113,713290,training
19114,713290,training
19115,713290,validation
19116,713290,examples
19117,713290,training
19118,713290,examples
19119,713290,test
19120,713290,test
19121,713290,training
19122,713290,validation
19123,713290,examples
19124,713290,validation
19125,713290,validation
19126,713290,examples
19127,713290,training
19128,713290,training
19129,713290,training
19130,713290,examples
19131,713290,examples
19132,713290,training
19133,713910,training
19134,713910,examples
19135,713910,validation
19136,713920,validation
19137,713920,examples
19138,713920,training
19139,713920,test
19140,713920,validation
19141,713920,examples
19142,713920,training
19143,713920,training
19144,713930,examples
19145,713930,training
19146,713930,test
19147,713930,training
19148,713930,examples
19149,713930,validation
19150,713940,examples
19151,713940,examples
19152,713940,training
19153,713940,training
19154,713940,training
19155,713940,training
19156,713940,training
19157,713940,examples
19158,713940,test
19159,713940,training
19160,713940,test
19161,713940,validation
19162,713940,examples
19163,713940,validation
19164,713940,examples
19165,713940,training
19166,713940,training
19167,713940,validation
19168,713940,test
19169,713940,examples
19170,713940,validation
19171,713940,validation
19172,713940,test
19173,713940,examples
19174,713940,test
19175,713940,examples
19176,713940,validation
19177,713940,training
19178,713940,examples
19179,713940,training
19180,713940,examples
19181,713940,validation
19182,713940,training
19183,713950,training
19184,713950,training
19185,713950,validation
19186,713950,training
19187,713950,examples
19188,713950,examples
19189,713950,test
19190,713950,validation
19191,713950,examples
19192,713990,validation
19193,713990,training
19194,713990,examples
19195,713990,validation
19196,713990,validation
19197,713990,examples
19198,713990,training
19199,713990,validation
19200,713990,training
19201,713990,training
19202,713990,examples
19203,713990,training
19204,713990,examples
19205,713990,test
19206,713990,validation
19207,713990,training
19208,713990,training
19209,713990,validation
19210,713990,validation
19211,713990,training
19212,713990,training
19213,713990,training
19214,713990,validation
19215,713990,training
19216,713990,test
19217,713990,examples
19218,713990,examples
19219,713990,validation
19220,713990,examples
19221,713990,validation
19222,713990,training
19223,713990,validation
19224,713990,validation
19225,713990,test
19226,713990,test
19227,713990,training
19228,713990,training
19229,713990,test
19230,713990,test
19231,713990,examples
19232,713990,examples
19233,713990,training
19234,713990,training
19235,713990,training
19236,713990,training
19237,713990,test
19238,713990,examples
19239,713990,validation
19240,713990,test
19241,713990,training
19242,713990,training
19243,713990,training
19244,713990,test
19245,713990,training
19246,713990,training
19247,713990,test
19248,713990,examples
19249,713990,training
19250,713990,test
19251,713990,test
19252,713990,training
19253,713990,examples
19254,713990,examples
19255,713990,examples
19256,713990,training
19257,713990,examples
19258,713990,examples
19259,713990,test
19260,713990,test
19261,713990,training
19262,713990,examples
19263,713990,examples
19264,713990,validation
19265,713990,training
19266,713990,test
19267,713990,test
19268,713990,examples
19269,713990,training
19270,713990,validation
19271,713990,validation
19272,713990,examples
19273,713990,training
19274,713990,examples
19275,713990,training
19276,713990,training
19277,713990,examples
19278,713990,examples
19279,713990,examples
19280,713990,examples
19281,713990,training
19282,713990,examples
19283,713990,validation
19284,713990,validation
19285,713990,examples
19286,713990,training
19287,713990,examples
19288,713990,training
19289,713990,examples
19290,713990,training
19291,713990,validation
19292,713990,training
19293,713990,validation
19294,713990,test
19295,713990,examples
19296,713990,examples
19297,713990,test
19298,713990,examples
19299,713990,training
19300,713990,training
19301,713990,validation
19302,713990,training
19303,713990,examples
19304,713990,training
19305,713990,validation
19306,713990,examples
19307,713990,examples
19308,713990,validation
19309,721110,validation
19310,721110,training
19311,721110,test
19312,721110,validation
19313,721110,test
19314,721110,examples
19315,721110,examples
19316,721110,examples
19317,721110,training
19318,721110,examples
19319,721110,examples
19320,721110,training
19321,721110,training
19322,721110,training
19323,721110,test
19324,721110,validation
19325,721110,examples
19326,721110,training
19327,721110,validation
19328,721110,training
19329,721110,training
19330,721120,training
19331,721120,training
19332,721120,examples
19333,721120,validation
19334,721120,training
19335,721191,examples
19336,721191,training
19337,721199,examples
19338,721199,training
19339,721199,training
19340,721199,examples
19341,721199,training
19342,721199,training
19343,721199,validation
19344,721199,examples
19345,721199,training
19346,721211,training
19347,721211,examples
19348,721211,training
19349,721211,training
19350,721211,training
19351,721214,examples
19352,721214,training
19353,721214,test
19354,721214,validation
19355,721214,training
19356,721214,examples
19357,721214,test
19358,721214,examples
19359,721214,validation
19360,721214,training
19361,721214,examples
19362,721214,training
19363,721214,validation
19364,721214,training
19365,721214,examples
19366,721310,training
19367,721310,training
19368,721310,test
19369,721310,training
19370,721310,training
19371,721310,test
19372,721310,examples
19373,721310,validation
19374,721310,training
19375,721310,examples
19376,721310,examples
19377,721310,examples
19378,721310,validation
19379,722310,examples
19380,722310,validation
19381,722310,training
19382,722310,examples
19383,722310,test
19384,722310,training
19385,722310,validation
19386,722310,training
19387,722310,examples
19388,722320,training
19389,722320,training
19390,722320,test
19391,722320,examples
19392,722320,validation
19393,722330,examples
19394,722330,validation
19395,722330,training
19396,722330,test
19397,722330,training
19398,722330,examples
19399,722330,examples
19400,722330,test
19401,722330,validation
19402,722330,training
19403,722330,examples
19404,722330,training
19405,722410,training
19406,722410,training
19407,722410,validation
19408,722410,examples
19409,722410,test
19410,722410,training
19411,722410,examples
19412,722410,validation
19413,722410,examples
19414,722410,test
19415,722511,training
19416,722511,training
19417,722511,examples
19418,722511,test
19419,722511,validation
19420,722511,examples
19421,722511,training
19422,722511,training
19423,722511,test
19424,722511,examples
19425,722511,validation
19426,722513,examples
19427,722513,training
19428,722513,training
19429,722513,test
19430,722513,training
19431,722513,validation
19432,722513,test
19433,722513,examples
19434,722513,validation
19435,722513,examples
19436,722513,examples
19437,722513,training
19438,722513,training
19439,722513,training
19440,722513,validation
19441,722513,test
19442,722513,examples
19443,722514,training
19444,722514,examples
19445,722515,training
19446,722515,examples
19447,722515,training
19448,722515,validation
19449,722515,validation
19450,722515,training
19451,722515,validation
19452,722515,training
19453,722515,examples
19454,722515,examples
19455,722515,training
19456,722515,test
19457,722515,test
19458,722515,test
19459,722515,examples
19460,722515,examples
19461,722515,training
19462,722515,validation
19463,811111,training
19464,811111,training
19465,811111,training
19466,811111,training
19467,811111,test
19468,811111,examples
19469,811111,test
19470,811111,examples
19471,811111,examples
19472,811111,validation
19473,811111,validation
19474,811114,training
19475,811114,training
19476,811114,training
19477,811114,examples
19478,811114,examples
19479,811114,training
19480,811114,examples
19481,811114,training
19482,811114,examples
19483,811114,validation
19484,811114,training
19485,811114,training
19486,811114,examples
19487,811114,test
19488,811114,validation
19489,811114,training
19490,811114,examples
19491,811114,training
19492,811114,training
19493,811114,test
19494,811121,validation
19495,811121,examples
19496,811121,training
19497,811121,training
19498,811121,test
19499,811121,training
19500,811121,examples
19501,811121,examples
19502,811121,training
19503,811121,validation
19504,811121,validation
19505,811121,examples
19506,811121,test
19507,811122,training
19508,811122,examples
19509,811122,training
19510,811122,validation
19511,811122,test
19512,811122,examples
19513,811122,training
19514,811191,examples
19515,811191,training
19516,811191,training
19517,811191,validation
19518,811192,test
19519,811192,examples
19520,811192,training
19521,811192,validation
19522,811192,training
19523,811192,training
19524,811192,examples
19525,811192,examples
19526,811192,validation
19527,811198,examples
19528,811198,training
19529,811198,training
19530,811198,test
19531,811198,training
19532,811198,validation
19533,811198,validation
19534,811198,examples
19535,811198,examples
19536,811198,training
19537,811198,examples
19538,811198,test
19539,811210,examples
19540,811210,training
19541,811210,test
19542,811210,training
19543,811210,validation
19544,811210,training
19545,811210,validation
19546,811210,examples
19547,811210,validation
19548,811210,training
19549,811210,training
19550,811210,examples
19551,811210,test
19552,811210,test
19553,811210,examples
19554,811210,training
19555,811210,test
19556,811210,examples
19557,811210,examples
19558,811210,examples
19559,811210,training
19560,811210,examples
19561,811210,test
19562,811210,training
19563,811210,validation
19564,811210,validation
19565,811210,examples
19566,811210,training
19567,811210,test
19568,811210,training
19569,811210,examples
19570,811210,validation
19571,811210,training
19572,811210,validation
19573,811210,examples
19574,811210,training
19575,811210,training
19576,811310,training
19577,811310,examples
19578,811310,test
19579,811310,examples
19580,811310,test
19581,811310,validation
19582,811310,test
19583,811310,validation
19584,811310,training
19585,811310,training
19586,811310,test
19587,811310,examples
19588,811310,training
19589,811310,examples
19590,811310,test
19591,811310,examples
19592,811310,validation
19593,811310,validation
19594,811310,validation
19595,811310,training
19596,811310,validation
19597,811310,training
19598,811310,examples
19599,811310,training
19600,811310,training
19601,811310,examples
19602,811310,examples
19603,811310,training
19604,811310,validation
19605,811310,examples
19606,811310,examples
19607,811310,training
19608,811310,training
19609,811310,test
19610,811310,training
19611,811310,training
19612,811310,examples
19613,811310,training
19614,811310,examples
19615,811310,validation
19616,811310,training
19617,811411,training
19618,811411,examples
19619,811411,test
19620,811411,examples
19621,811411,training
19622,811411,validation
19623,811411,examples
19624,811411,validation
19625,811411,training
19626,811411,training
19627,811412,examples
19628,811412,validation
19629,811412,training
19630,811412,training
19631,811412,training
19632,811412,training
19633,811412,examples
19634,811412,test
19635,811412,examples
19636,811412,test
19637,811412,validation
19638,811420,examples
19639,811420,training
19640,811420,test
19641,811420,training
19642,811420,examples
19643,811420,validation
19644,811420,validation
19645,811420,training
19646,811430,training
19647,811430,validation
19648,811430,test
19649,811430,training
19650,811430,examples
19651,811490,training
19652,811490,test
19653,811490,training
19654,811490,examples
19655,811490,test
19656,811490,examples
19657,811490,validation
19658,811490,training
19659,811490,validation
19660,811490,test
19661,811490,examples
19662,811490,test
19663,811490,training
19664,811490,training
19665,811490,validation
19666,811490,training
19667,811490,training
19668,811490,validation
19669,811490,examples
19670,811490,validation
19671,811490,training
19672,811490,examples
19673,811490,examples
19674,811490,examples
19675,812111,examples
19676,812111,training
19677,812111,validation
19678,812112,validation
19679,812112,validation
19680,812112,training
19681,812112,examples
19682,812112,examples
19683,812112,training
19684,812112,examples
19685,812112,validation
19686,812112,test
19687,812112,test
19688,812112,examples
19689,812112,training
19690,812112,training
19691,812112,training
19692,812113,examples
19693,812113,test
19694,812113,training
19695,812113,training
19696,812113,validation
19697,812191,test
19698,812191,validation
19699,812191,examples
19700,812191,training
19701,812199,examples
19702,812199,test
19703,812199,validation
19704,812199,examples
19705,812199,training
19706,812199,training
19707,812199,examples
19708,812199,validation
19709,812199,validation
19710,812199,training
19711,812199,validation
19712,812199,examples
19713,812199,training
19714,812199,training
19715,812199,training
19716,812199,test
19717,812199,examples
19718,812199,examples
19719,812199,training
19720,812199,training
19721,812199,examples
19722,812199,test
19723,812210,training
19724,812210,validation
19725,812210,examples
19726,812210,training
19727,812210,examples
19728,812210,training
19729,812210,examples
19730,812210,validation
19731,812210,training
19732,812210,test
19733,812220,validation
19734,812220,examples
19735,812220,training
19736,812220,examples
19737,812220,test
19738,812220,training
19739,812220,test
19740,812220,validation
19741,812220,training
19742,812220,training
19743,812220,examples
19744,812310,validation
19745,812310,training
19746,812310,training
19747,812310,validation
19748,812310,test
19749,812310,test
19750,812310,examples
19751,812310,examples
19752,812310,examples
19753,812310,training
19754,812310,training
19755,812320,examples
19756,812320,validation
19757,812320,training
19758,812320,examples
19759,812320,examples
19760,812320,test
19761,812320,training
19762,812320,test
19763,812320,examples
19764,812320,training
19765,812320,training
19766,812320,examples
19767,812320,validation
19768,812320,training
19769,812320,validation
19770,812320,training
19771,812320,examples
19772,812320,examples
19773,812320,training
19774,812320,examples
19775,812320,validation
19776,812320,validation
19777,812320,training
19778,812320,training
19779,812320,test
19780,812320,test
19781,812331,examples
19782,812331,training
19783,812331,test
19784,812331,validation
19785,812331,examples
19786,812331,training
19787,812331,examples
19788,812331,examples
19789,812331,training
19790,812331,test
19791,812331,validation
19792,812331,training
19793,812332,validation
19794,812332,training
19795,812332,test
19796,812332,examples
19797,812332,training
19798,812332,examples
19799,812332,training
19800,812332,examples
19801,812332,examples
19802,812332,validation
19803,812332,validation
19804,812332,test
19805,812332,training
19806,812332,training
19807,812910,examples
19808,812910,training
19809,812910,examples
19810,812910,examples
19811,812910,examples
19812,812910,examples
19813,812910,test
19814,812910,test
19815,812910,validation
19816,812910,test
19817,812910,training
19818,812910,training
19819,812910,training
19820,812910,training
19821,812910,validation
19822,812910,training
19823,812910,validation
19824,812921,validation
19825,812921,training
19826,812921,examples
19827,812922,test
19828,812922,training
19829,812922,validation
19830,812922,examples
19831,812930,validation
19832,812930,training
19833,812930,examples
19834,812930,test
19835,812930,training
19836,812930,examples
19837,812990,training
19838,812990,training
19839,812990,validation
19840,812990,examples
19841,812990,test
19842,812990,examples
19843,812990,training
19844,812990,validation
19845,812990,examples
19846,812990,training
19847,812990,examples
19848,812990,training
19849,812990,training
19850,812990,validation
19851,812990,examples
19852,812990,examples
19853,812990,training
19854,812990,examples
19855,812990,training
19856,812990,training
19857,812990,training
19858,812990,test
19859,812990,validation
19860,812990,test
19861,812990,examples
19862,812990,test
19863,812990,training
19864,812990,training
19865,812990,validation
19866,812990,examples
19867,812990,training
19868,812990,training
19869,812990,test
19870,812990,test
19871,812990,validation
19872,812990,validation
19873,812990,validation
19874,812990,training
19875,812990,examples
19876,812990,training
19877,812990,examples
19878,812990,examples
19879,812990,examples
19880,812990,test
19881,812990,validation
19882,813110,test
19883,813110,training
19884,813110,validation
19885,813110,test
19886,813110,training
19887,813110,validation
19888,813110,training
19889,813110,validation
19890,813110,examples
19891,813110,training
19892,813110,examples
19893,813110,examples
19894,813110,examples
19895,813211,examples
19896,813211,validation
19897,813211,examples
19898,813211,training
19899,813211,training
19900,813211,test
19901,813211,test
19902,813211,training
19903,813211,examples
19904,813211,validation
19905,813212,examples
19906,813212,training
19907,813212,validation
19908,813212,test
19909,813212,training
19910,813219,training
19911,813219,training
19912,813219,test
19913,813219,validation
19914,813219,examples
19915,813311,training
19916,813311,validation
19917,813311,test
19918,813311,examples
19919,813311,examples
19920,813311,training
19921,813311,training
19922,813312,validation
19923,813312,test
19924,813312,examples
19925,813312,training
19926,813312,training
19927,813312,training
19928,813312,examples
19929,813319,examples
19930,813319,training
19931,813319,training
19932,813319,examples
19933,813319,validation
19934,813319,validation
19935,813319,examples
19936,813319,examples
19937,813319,training
19938,813319,validation
19939,813319,examples
19940,813319,validation
19941,813319,training
19942,813319,examples
19943,813319,test
19944,813319,training
19945,813319,test
19946,813319,training
19947,813319,training
19948,813319,test
19949,813410,training
19950,813410,examples
19951,813410,training
19952,813410,test
19953,813410,examples
19954,813410,validation
19955,813410,training
19956,813410,training
19957,813410,validation
19958,813410,training
19959,813410,validation
19960,813410,examples
19961,813410,validation
19962,813410,test
19963,813410,validation
19964,813410,training
19965,813410,examples
19966,813410,training
19967,813410,test
19968,813410,training
19969,813410,test
19970,813410,test
19971,813410,test
19972,813410,examples
19973,813410,examples
19974,813410,training
19975,813410,examples
19976,813410,validation
19977,813410,examples
19978,813410,examples
19979,813410,training
19980,813410,validation
19981,813410,training
19982,813410,examples
19983,813410,examples
19984,813410,training
19985,813410,training
19986,813410,validation
19987,813410,validation
19988,813410,examples
19989,813410,examples
19990,813410,training
19991,813410,training
19992,813410,training
19993,813410,test
19994,813410,examples
19995,813910,test
19996,813910,test
19997,813910,examples
19998,813910,examples
19999,813910,validation
20000,813910,examples
20001,813910,training
20002,813910,test
20003,813910,examples
20004,813910,training
20005,813910,examples
20006,813910,training
20007,813910,training
20008,813910,training
20009,813910,examples
20010,813910,test
20011,813910,validation
20012,813910,examples
20013,813910,validation
20014,813910,training
20015,813910,training
20016,813910,validation
20017,813910,training
20018,813910,test
20019,813910,validation
20020,813910,training
20021,813910,examples
20022,813910,training
20023,813910,validation
20024,813910,examples
20025,813920,validation
20026,813920,examples
20027,813920,training
20028,813920,training
20029,813920,training
20030,813920,examples
20031,813920,examples
20032,813920,validation
20033,813920,test
20034,813920,validation
20035,813920,validation
20036,813920,training
20037,813920,test
20038,813920,examples
20039,813920,training
20040,813920,test
20041,813920,training
20042,813920,examples
20043,813920,training
20044,813920,training
20045,813920,training
20046,813920,examples
20047,813920,test
20048,813920,examples
20049,813920,validation
20050,813930,examples
20051,813930,test
20052,813930,training
20053,813930,validation
20054,813930,examples
20055,813930,examples
20056,813930,training
20057,813930,validation
20058,813930,test
20059,813930,training
20060,813940,training
20061,813940,validation
20062,813940,validation
20063,813940,training
20064,813940,examples
20065,813940,training
20066,813940,test
20067,813940,examples
20068,813990,validation
20069,813990,test
20070,813990,test
20071,813990,training
20072,813990,examples
20073,813990,examples
20074,813990,training
20075,813990,validation
20076,813990,examples
20077,813990,training
20078,813990,training
20079,814110,test
20080,814110,examples
20081,814110,training
20082,814110,validation
20083,921110,test
20084,921110,training
20085,921110,examples
20086,921110,examples
20087,921110,training
20088,921110,validation
20089,921110,training
20090,921120,validation
20091,921120,training
20092,921120,examples
20093,921120,examples
20094,921120,training
20095,921120,validation
20096,921120,examples
20097,921120,training
20098,921120,test
20099,921130,examples
20100,921130,training
20101,921130,validation
20102,921130,training
20103,921130,validation
20104,921130,examples
20105,921130,examples
20106,921130,test
20107,921130,validation
20108,921130,training
20109,921130,training
20110,921130,examples
20111,921130,test
20112,921140,training
20113,921140,examples
20114,921150,training
20115,921150,examples
20116,921150,training
20117,921150,training
20118,921150,validation
20119,921150,training
20120,921150,training
20121,921150,examples
20122,921190,test
20123,921190,validation
20124,921190,training
20125,921190,examples
20126,921190,test
20127,921190,validation
20128,921190,validation
20129,921190,training
20130,921190,training
20131,921190,training
20132,921190,examples
20133,921190,examples
20134,921190,examples
20135,922110,test
20136,922110,training
20137,922110,examples
20138,922110,examples
20139,922110,training
20140,922110,training
20141,922110,validation
20142,922110,validation
20143,922120,examples
20144,922120,examples
20145,922120,validation
20146,922120,training
20147,922120,examples
20148,922120,test
20149,922120,training
20150,922120,test
20151,922120,training
20152,922120,training
20153,922120,examples
20154,922120,training
20155,922120,training
20156,922120,examples
20157,922120,validation
20158,922120,validation
20159,922130,training
20160,922130,training
20161,922130,training
20162,922130,examples
20163,922130,validation
20164,922130,examples
20165,922130,test
20166,922140,test
20167,922140,examples
20168,922140,training
20169,922140,validation
20170,922140,examples
20171,922140,test
20172,922140,validation
20173,922140,examples
20174,922140,training
20175,922140,training
20176,922150,training
20177,922150,validation
20178,922150,examples
20179,922150,training
20180,922150,examples
20181,922150,test
20182,922160,training
20183,922160,examples
20184,922160,examples
20185,922160,training
20186,922160,training
20187,922160,test
20188,922160,validation
20189,922190,validation
20190,922190,training
20191,922190,training
20192,922190,examples
20193,922190,examples
20194,922190,test
20195,922190,training
20196,923110,training
20197,923110,validation
20198,923110,test
20199,923110,training
20200,923110,training
20201,923110,examples
20202,923110,examples
20203,923110,validation
20204,923120,test
20205,923120,test
20206,923120,training
20207,923120,examples
20208,923120,training
20209,923120,examples
20210,923120,examples
20211,923120,examples
20212,923120,validation
20213,923120,validation
20214,923120,training
20215,923120,training
20216,923120,validation
20217,923130,test
20218,923130,training
20219,923130,examples
20220,923130,test
20221,923130,training
20222,923130,training
20223,923130,training
20224,923130,examples
20225,923130,validation
20226,923130,training
20227,923130,examples
20228,923130,examples
20229,923130,validation
20230,923130,validation
20231,923140,examples
20232,923140,training
20233,924110,examples
20234,924110,test
20235,924110,training
20236,924110,validation
20237,924110,training
20238,924110,training
20239,924110,examples
20240,924120,validation
20241,924120,validation
20242,924120,examples
20243,924120,examples
20244,924120,test
20245,924120,training
20246,924120,training
20247,924120,examples
20248,924120,training
20249,924120,test
20250,924120,validation
20251,924120,training
20252,924120,examples
20253,924120,training
20254,925110,examples
20255,925110,validation
20256,925110,training
20257,925120,validation
20258,925120,training
20259,925120,examples
20260,925120,examples
20261,925120,test
20262,925120,training
20263,925120,training
20264,926110,test
20265,926110,test
20266,926110,training
20267,926110,training
20268,926110,training
20269,926110,validation
20270,926110,training
20271,926110,validation
20272,926110,examples
20273,926110,test
20274,926110,training
20275,926110,validation
20276,926110,examples
20277,926110,examples
20278,926110,examples
20279,926110,examples
20280,926110,training
20281,926120,examples
20282,926120,test
20283,926120,training
20284,926120,examples
20285,926120,training
20286,926120,training
20287,926120,training
20288,926120,training
20289,926120,validation
20290,926120,examples
20291,926120,validation
20292,926120,examples
20293,926120,test
20294,926120,validation
20295,926120,examples
20296,926130,training
20297,926130,examples
20298,926130,test
20299,926130,validation
20300,926130,examples
20301,926130,validation
20302,926130,validation
20303,926130,training
20304,926130,examples
20305,926130,training
20306,926130,test
20307,926130,training
20308,926130,training
20309,926130,examples
20310,926140,examples
20311,926140,training
20312,926140,training
20313,926140,test
20314,926140,examples
20315,926140,training
20316,926140,examples
20317,926140,validation
20318,926140,validation
20319,926150,examples
20320,926150,test
20321,926150,validation
20322,926150,examples
20323,926150,validation
20324,926150,validation
20325,926150,test
20326,926150,training
20327,926150,training
20328,926150,training
20329,926150,training
20330,926150,examples
20331,926150,training
20332,926150,examples
20333,926150,examples
20334,926150,training
20335,926150,test
20336,926150,validation
20337,926150,training
20338,926150,training
20339,926150,examples
20340,927110,examples
20341,927110,training
20342,927110,test
20343,927110,validation
20344,928110,examples
20345,928110,validation
20346,928110,training
20347,928110,examples
20348,928110,examples
20349,928110,test
20350,928110,training
20351,928110,training
20352,928110,validation
20353,928110,test
20354,928110,training
20355,928110,examples
20356,928110,validation
20357,928120,training
20358,928120,validation
20359,928120,validation
20360,928120,test
20361,928120,examples
20362,928120,training
20363,928120,training
20364,928120,examples
20365,928120,training
20366,928120,training
20367,928120,training
20368,928120,validation
20369,928120,test
20370,928120,examples
20371,928120,examples
20372,928120,examples
