code,channel,source_sha256,window,summary,source_tokens,summary_tokens,units_kept,units_total
11,description,42f51697d5edf80accd771564f159b70a3a1e480fe35083cbd669c348e2ecbfd,128,"The establishments in this sector are often described as farms, ranches, dairies, greenhouses, nurseries, orchards, or hatcheries. When a landowner has one or more tenants, renters, croppers, or managers, the land operated by each is considered a farm. Agricultural production includes establishments performing the complete farm or ranch operation, such as farm owner-operators and tenant farm operators. Agricultural support activities include establishments that perform one or more activities associated with farm operation, such as soil preparation, planting, harvesting, and management, on a contract or fee basis.",252,119,4,9
111,description,985a78d8dcd23c9212e842ed2b9ed54fe17d3acd360baae4a16aa708983659e9,128,"Industries in the Crop Production subsector grow crops mainly for food and fiber. Establishments are classified in the Crop Production subsector when crop production (i.e., value of crops for market) accounts for one-half or more of the establishment's total agricultural production. Within the subsector, establishments are classified in a specific industry when a product or industry family of products (i.e., oilseed and grain farming, vegetable and melon farming, fruit and tree nut farming) account for one-half or more of the establishment's agricultural production.",362,121,3,10
11119,description,ca451e98ccaa9a103f6ab0bf3d66d033553d0d98408d2c1e0a380eb892a98223,128,"This industry comprises establishments primarily engaged in (1) growing grain(s) and/or producing grain seeds (except wheat, corn, and rice) or (2) growing a combination of grain(s) and oilseed(s) with no one grain (or family of grains) or oilseed (or family of oilseeds) accounting for one-half of the establishment's agricultural production (i.e., value of crops for market).",138,98,1,2
11199,description,87e0827e2e313647617c9d20505405e221f7da70e5d3ed00c6a7f141eb5a3919,128,"This industry comprises establishments primarily engaged in (1) growing crops (except oilseeds and/or grains; vegetables and/or melons; greenhouse, nursery, and/or floriculture products; tobacco; cotton; sugarcane; or hay) or (2) growing a combination of crops (except a combination of oilseed(s) and grain(s); and a combination of fruit(s) and tree nut(s)) with no one crop or family of crops accounting for one-half of the establishment's agricultural production (i.e., value of crops for market).",135,128,8,9
111998,description,ab133f42137f31071a49ae5f433a00aaa852efb85d60a0fcc272449653d887ef,128,"(2) growing a combination of crops (except a combination of oilseed(s) and grain(s); and a combination of fruit(s) and tree nut(s)) with no one crop or family of crops accounting for one-half of the establishment's agricultural production (i.e., value of crops for market); or (3) gathering tea or maple sap.",160,86,2,3
112,description,730240223ff0f40cc4d39308d3cffe985f0f9780388071962898cf5e0494fba4,128,"The subsector includes establishments, such as ranches, farms, and feedlots, primarily engaged in keeping, grazing, breeding, or feeding animals. The industries in this subsector are grouped by important factors, such as suitable grazing or pasture land, specialized buildings, type of equipment, and the amount and types of labor required. Establishments are classified in the Animal Production and Aquaculture subsector when animal production (i.e., value of animals for market) accounts for one-half or more of the establishment's total agricultural production.",256,117,3,7
1129,description,405a33a7dbb3f7c5dc43c9a96620cb9f7a3fa5794da15f2e5648b005ec7c9283,128,"This industry group comprises establishments primarily engaged in raising animals and insects (except cattle, hogs and pigs, poultry, sheep and goats, and aquaculture) for sale or product production. Establishments primarily engaged in raising a combination of animals with no one animal or family of animals accounting for one-half of the establishment's agricultural production (i.e., value of animals for market) are included in this industry group.",134,89,2,3
113,description,3633428b4dd9743f90461a36818603c9c3134cad2f609f155bc1e34a6cb83455,128,"Industries in the Forestry and Logging subsector grow and harvest timber on a long production cycle (i.e., of 10 years or more). Consequently, Christmas tree production and other production involving production cycles of less than 10 years, are classified in the Crop Production subsector. Reforestation requires production of seedlings in specialized nurseries. Timber production requires natural forest or suitable areas of land that are available for a long duration. The harvesting of timber (except when done on an extremely small scale) requires specialized machinery unique to the industry.",240,114,5,9
21,description,a5e09399da978b982668cdfb190abf13692b94e61dda29d2efcb19dfe82b2b23,128,"The Mining, Quarrying, and Oil and Gas Extraction sector distinguishes two basic activities: mine operation and mining support activities. Establishments in the Mining, Quarrying, and Oil and Gas Extraction sector are grouped and classified according to the natural resource mined or to be mined. Industries include establishments that develop and/or operate the mine site, extract the natural resources, beneficiate (i.e., prepare) the mineral mined, or provide mining support activities. The operations that take place in beneficiation are primarily mechanical, such as grinding, washing, magnetic separation, and centrifugal separation.",589,127,4,18
211,description,2f5a6bf94ba416ea91d07ee07440c6bfdcc0c20244be561cffc53e2a624ed8aa,128,"Industries in the Oil and Gas Extraction subsector operate and/or develop oil and gas field properties. Operation and development activities include exploration for crude petroleum and natural gas; drilling, completing, and equipping wells; operating separators, emulsion breakers, desilting equipment, and field gathering lines for crude petroleum and natural gas; and all other activities in the preparation of oil and gas up to the point of shipment from the producing property. Establishments in this subsector include those that operate oil and gas wells on their own account or for others on a contract or fee basis.",229,123,3,5
212,description,e2c4bc38af4c26b381558dfc5ad1c29b08a00f9dc9170e7fc67b72c7eacd82b2,128,"Industries in the Mining (except Oil and Gas) subsector primarily engage in mining, mine site development, and beneficiating (i.e., preparing) metallic minerals and nonmetallic minerals, including coal. The operations that take place in beneficiation are primarily mechanical, such as grinding, washing, magnetic separation, centrifugal separation, and so on. The range of preparation activities varies by mineral and the purity of any given ore deposit.",409,101,3,10
212114,description,b958d6f1c2357ffba4b7f571d8e35f41ab080db0a91e77690ee231cdf3378903,128,"This U.S. industry comprises establishments primarily engaged in one or more of the following: (1) surface mining of bituminous coal, lignite, and anthracite coal; (2) developing bituminous coal, lignite, and anthracite coal surface mine sites; (3) surface mining and beneficiating (e.g., cleaning, washing, screening, and sizing) of bituminous coal, lignite, and anthracite coal;",151,107,3,4
2123,description,6b6198bfe8e941156297f9d4886ce457a57b687b29640827f2faaf3eecb8039f,128,"Also included are certain well and brine operations, and preparation plants primarily engaged in beneficiating (e.g., crushing, grinding, washing, and concentrating) nonmetallic minerals. However, some treatments, such as heat treatments, take place in both the beneficiation and the manufacturing (i.e., smelting/refining) stages. While some minerals, such as petroleum and natural gas, require little or no preparation, others are washed and screened, while yet others, such as gold and silver, can be transformed into bullion before leaving the mine site.",257,126,3,8
213,description,a2610caeb84016b66b9c91f925738e17b41118e3ce42f5d2e5100690d2718166,128,"These activities include taking core samples, making geological observations at prospective sites, excavating slush pits and cellars, and such oil and gas operations as spudding in, drilling in, redrilling, directional drilling, and well surveying; running, cutting, and pulling casings, tubes, and rods; cementing and shooting wells; perforating well casings; acidizing and chemically treating wells; cleaning out, bailing, and swabbing wells; and operating oil and gas field gathering lines.",306,110,1,7
23,description,d27305a49fda6b923f92c53305fcc034d61e337b3d4bd800416e05bac0096991,128,"Establishments of the ""general contractor type"" frequently arrange construction of separate parts of their projects through subcontracts with other construction establishments. Establishments primarily engaged in activities to produce a specific component (e.g., masonry, painting, and electrical work) of a construction project are commonly known as specialty trade contractors. For-sale builders produce buildings in a manner similar to general contractors, but their production processes also include site acquisition and securing of financial backing. This activity is not included in the construction sector unless the construction work performed is the primary activity of a separate establishment of the enterprise.",698,121,4,23
236,description,c2500727fbb2e0bdec4a7209990c900c0b42ef951f4868d823a010d7f1040231,128,"The Construction of Buildings subsector comprises establishments primarily responsible for the construction of buildings. The work performed may include new work, additions, alterations, or maintenance and repairs. The on-site assembly of precut, panelized, and prefabricated buildings and construction of temporary buildings are included in this subsector. Part or all of the production work for which the establishments in this subsector have responsibility may be subcontracted to other construction establishments--usually specialty trade contractors. This classification reflects variations in the requirements of the underlying production processes.",133,116,5,6
237,description,a6043ce620a571ae592fbaa2c0db29539c6f9a10880cfe07b4670aecaeb387f6,128,"The Heavy and Civil Engineering Construction subsector comprises establishments whose primary activity is the construction of entire engineering projects (e.g., highways and dams), and specialty trade contractors, whose primary activity is the production of a specific component for such projects. Specialty trade activities are classified in this subsector if the skills and equipment present are specific to heavy or civil engineering construction projects. Establishments whose primary activity is the subdivision of land into individual building lots usually perform various additional site-improvement activities (e.g., road building and utility line installation) and are included in this subsector.",321,124,3,11
2379,description,a09f0f64bbd08244ecc0f4314d82e8d9212dd389ff0b2243c72ad8c1e1f2006d,128,"This industry group comprises establishments primarily engaged in heavy and civil engineering construction projects (excluding highway, street, bridge, and distribution line construction). Specialty trade contractors are included in this industry if they are engaged in activities primarily related to heavy and civil engineering construction projects (excluding highway, street, bridge, distribution line, oil and gas structure, and utilities building and structure construction). Construction projects involving water resources (e.g., dredging and land drainage), development of marine facilities, and projects involving open space improvement (e.g., parks and trails) are included in this industry.",139,124,3,4
23799,description,91c21b7151c013926978100f4efb95daf24881bb0352655be9aa7935f672bbd7,128,"This NAICS industry comprises establishments primarily engaged in heavy and civil engineering construction projects (excluding highway, street, bridge, and distribution line construction). Specialty trade contractors are included in this industry if they are engaged in activities primarily related to heavy and civil engineering construction projects (excluding highway, street, bridge, distribution line, oil and gas structure, and utilities building and structure construction). Construction projects involving water resources (e.g., dredging and land drainage), development of marine facilities, and projects involving open space improvement (e.g., parks and trails) are included in this industry.",140,125,3,4
237990,description,196566b95a3ad863013587830a5f5bd17c9d87bd0004fb0df629c58289c99f3d,128,"This industry comprises establishments primarily engaged in heavy and civil engineering construction projects (excluding highway, street, bridge, and distribution line construction). Specialty trade contractors are included in this industry if they are engaged in activities primarily related to heavy and civil engineering construction projects (excluding highway, street, bridge, distribution line, oil and gas structure, and utilities building and structure construction). Construction projects involving water resources (e.g., dredging and land drainage), development of marine facilities, and projects involving open space improvement (e.g., parks and trails) are included in this industry.",138,123,3,4
238,description,8f76af2f4474c7e6b420066651dbdaecc7998cd06ad770b2e15c8cbb682b206b,128,"The Specialty Trade Contractors subsector comprises establishments whose primary activity is performing specific activities (e.g., pouring concrete, site preparation, plumbing, painting, and electrical work) involved in building construction or other activities that are similar for all types of construction, but that are not responsible for the entire project. The production work performed by establishments in this subsector is usually subcontracted from establishments of the general contractor type or for-sale builders, but especially in remodeling and repair construction, work also may be done directly for the owner of the property.",377,119,2,12
31,description,6580e70472ceb890a4bde3c9ed5700335229cd420d890edad701025bdd0c0d76,128,"The Manufacturing sector comprises establishments engaged in the mechanical, physical, or chemical transformation of materials, substances, or components into new products. The assembling of component parts of manufactured products is considered manufacturing, except in cases where the activity is appropriately classified in Sector 23, Construction. Beyond these dedicated contract manufacturing industries, establishments that process materials for other establishments are generally classified in the Manufacturing industry of the processed materials. However, the definition of what constitutes a new product can be somewhat subjective. They include: 1. Logging, classified in Sector 11, Agriculture, Forestry, Fishing and Hunting, is considered a harvesting operation;",1133,126,5,52
31142,description,aa57191d49faf70471e0030407ff37aaa2527b4a4efbc3d03d15f7a43b285645,128,"Establishments in this industry may package the dried or dehydrated ingredients they make with other purchased ingredients. Examples of products made by these establishments are canned juices; canned baby foods; canned soups (except seafood); canned dry beans; canned tomato-based sauces, such as catsup, salsa, chili sauce, spaghetti sauce, barbeque sauce, and tomato paste; pickles and relishes; jams and jellies; dried soup mixes and bouillon; and sauerkraut.",133,110,2,3
31194,description,d0e176049d5c139dd0dbefe237cd3ea829b0436f0f095976303cbfa997be677d,128,"This industry comprises establishments primarily engaged in one or more of the following: (1) manufacturing dressings and sauces, such as mayonnaise, salad dressing, vinegar, mustard, horseradish, soy sauce, tartar sauce, Worcestershire sauce, and other prepared sauces (except tomato-based and gravies); and (3) manufacturing dry mix food preparations, such as salad dressing mixes, gravy and sauce mixes, frosting mixes, and other dry mix preparations.",133,104,2,3
311999,description,23f83552d8e5119334ed97d7df29c8d67abc4c9e892f516fe8c68f04f30e66e9,128,"This U.S. industry comprises establishments primarily engaged in manufacturing food (except animal food; grain and oilseed milling; sugar and confectionery products; preserved fruits, vegetables, and specialties; dairy products; meat products; seafood products; bakeries and tortillas; snack foods; coffee and tea; flavoring syrups and concentrates; seasonings and dressings; and perishable prepared food).",131,90,1,2
312,description,46685d628b29236b04b314d84c66c0155d071fd89754810099ee8fd796917642,128,"Industries in the Beverage and Tobacco Product Manufacturing subsector manufacture beverages and tobacco products. The Beverage Manufacturing industry group includes three types of establishments: (1) those that manufacture nonalcoholic beverages; (2) those that manufacture alcoholic beverages through the fermentation process; and (3) those that produce distilled alcoholic beverages. Brandy, a distilled beverage, is not placed under distillery product manufacturing, but rather under winery product manufacturing since the production process used in the manufacturing of alcoholic grape-based beverages produces both wines (fermented beverage) and brandies (distilled beverage).",217,128,3,6
313,description,56742e5eecbf3af3d6ad2b643e0b1feb968e43422e41568833c41a685c41d024,128,"Industries in the Textile Mills subsector group establishments that transform a basic fiber (natural or synthetic) into a product, such as yarn or fabric that is further manufactured into usable items, such as apparel, sheets, towels, and textile bags for individual or industrial consumption. The further manufacturing may be performed in the same establishment and classified in this subsector, or it may be performed at a separate establishment and be classified elsewhere in the Manufacturing sector. The main processes in this subsector include preparation and spinning of fiber, knitting or weaving of fabric, and the finishing of the textile.",266,122,3,8
3132,description,d661113b295c436033d543038ee783a35a0ebb76a17d8cf92d16ca4505bb0b93,128,"This industry group comprises establishments primarily engaged in one of the following: (1) weaving broadwoven fabrics and felts (except tire fabrics and rugs); (3) making fabric-covered elastic yarn and thread; (4) manufacturing Schiffli machine embroideries; (5) manufacturing nonwoven fabrics and felts; (6) knitting weft (i.e., circular) and warp (i.e., flat) fabric; (7) knitting and finishing weft and warp fabric; or (9) manufacturing, dyeing, and finishing lace and lace goods.",144,128,7,9
31331,description,29235e9f56eb90ffac44c4749e17856ead9b3298d2d3e8881f29bad431b58a1c,128,"Finishing operations include: bleaching, dyeing, printing (e.g., roller, screen, flock, plisse), stonewashing, and other mechanical finishing, such as preshrinking, shrinking, sponging, calendering, mercerizing, and napping; as well as cleaning, scouring, and the preparation of natural fibers and raw stock.",129,83,1,2
315,description,911c57943eedab0876b17f9cb5ec776246fcf94327ea312665911ce676060c2c,128,"Industries in the Apparel Manufacturing subsector group establishments with two distinct manufacturing processes: (1) cut and sew (i.e., purchasing fabric and cutting and sewing to make a garment) and (2) the manufacture of garments in establishments that first knit fabric and then cut and sew the fabric into a garment. Knitting fabric, when done alone, is classified in the Textile Mills subsector, but when knitting is combined with the production of complete garments, the activity is classified in the Apparel Manufacturing subsector.",174,111,2,3
316,description,7fa0c04c956f9af47c2cdc01624cdaffbcb04526b24011620d712e002f3c56ef,128,"This subsector also includes the manufacture of similar products from other materials, including products (except apparel) made from ""leather substitutes,"" such as rubber, plastics, or textiles. The inclusion of leather and hide tanning and finishing in this subsector is partly because it is a relatively small industry that has few close neighbors as a production process, partly because leather is an input to some of the other products classified in this subsector, and partly for historical reasons.",211,100,2,6
321,description,ed29a1850d4259e4cfc78f093c2a5db101cc34c9db5bd6d9ec46bfe722c9f366,128,"Establishments in the Wood Product Manufacturing subsector manufacture wood products, such as lumber, plywood, veneers, wood containers, wood flooring, wood trusses, manufactured homes (i.e., mobile homes), and prefabricated wood buildings. The lumber or other transformed wood shapes may also be subsequently planed or smoothed, and assembled into finished products, such as wood containers. The Wood Product Manufacturing subsector includes establishments that make wood products from logs and bolts that are sawed and shaped, and establishments that purchase sawed lumber and make wood products.",204,122,3,5
3211,description,ec774e03a779d1c527d415e1371af2417004e28a6daf3049eb3a37668d8475dd,128,"This industry group comprises establishments primarily engaged in one or more of the following: (1) sawing dimension lumber, boards, beams, timber, poles, ties, shingles, shakes, siding, and wood chips from logs or bolts; (2) sawing round wood poles, pilings, and posts and treating them with preservatives; and (3) treating wood sawed, planed, or shaped in other establishments with creosote or other preservatives to prevent decay and to protect against fire and insects.",139,114,1,2
32111,description,2c349467bb66a1031bbf7c084cd98403925368833635a2e15615028672f840c5,128,"This industry comprises establishments primarily engaged in one or more of the following: (1) sawing dimension lumber, boards, beams, timber, poles, ties, shingles, shakes, siding, and wood chips from logs or bolts; (2) sawing round wood poles, pilings, and posts and treating them with preservatives; and (3) treating wood sawed, planed, or shaped in other establishments with creosote or other preservatives to prevent decay and to protect against fire and insects.",138,113,1,2
322,description,b8b90bacd264bbbdd141103f4c029dae138a5cc7cae9ad0458b806160d5635be,128,"Industries in the Paper Manufacturing subsector make pulp, paper, or converted paper products. Paper making is treated as the core activity of the subsector. Establishments that make products from purchased paper and other materials make up the second industry group, Converted Paper Product Manufacturing. Paperboard container manufacturing uses corrugating, cutting, and shaping machinery to form paperboard into containers. An important process used in the Paper Bag and Coated and Treated Paper Manufacturing industry is lamination, often combined with coating. The laminated materials may be paper, metal foil, or plastics film.",503,119,6,25
323,description,9e30d28b5255b7e63a468d972270286eb9a14742004814e2ab7c9bca2557b087,128,"Industries in the Printing and Related Support Activities subsector print products, such as newspapers, books, labels, business cards, stationery, business forms, and other materials, and perform support activities, such as data imaging, platemaking services, and bookbinding. The printing processes employed include, but are not limited to, lithographic, gravure, screen, flexographic, digital, and letterpress. In contrast to many other classification systems that locate publishing of printed materials in manufacturing, NAICS classifies the publishing of printed products in Subsector 513, Publishing Industries.",370,124,3,11
323111,description,55de0f6d98603dd3b8bf63c3094b7e7482a7f7b9e30ef768b23638dd9866b278,128,"This U.S. industry comprises establishments primarily engaged in commercial printing (except screen printing, books printing) without publishing (except fabric grey goods printing). The printing processes used in this industry include, but are not limited to, lithographic, gravure, flexographic, letterpress, engraving, and various digital printing technologies. Establishments primarily engaged in traditional printing activities combined with document photocopying services (i.e., quick printers) or primarily engaged in printing graphical materials using digital printing equipment are included in this industry.",146,113,3,4
325,description,fe7ae691c6e26f1360f3a267340806a68162759d960d50c8a4f0aea0868eadf9,128,"This subsector distinguishes the production of basic chemicals that comprise the first industry group from the production of intermediate and end products produced by further processing of basic chemicals that make up the remaining industry groups. It is common for some chemical processing to occur during mining operations. These beneficiating operations, such as copper concentrating, are classified in Sector 21, Mining, Quarrying, and Oil and Gas Extraction. In addition, the manufacturing of aluminum oxide is included in Subsector 331, Primary Metal Manufacturing; and beverage distilleries are classified in Subsector 312, Beverage and Tobacco Product Manufacturing.",226,125,4,8
325194,description,925b3398aaeab86e7b698d193ce6b324eeac71998e90d8e163a0a70a0121d14e,128,"This U.S. industry comprises establishments primarily engaged in one or more of the following: (1) distilling wood or gum into products, such as tall oil and wood distillates; (2) distilling coal tars; (3) manufacturing wood or gum chemicals, such as naval stores, natural tanning materials, charcoal briquettes, and charcoal (except activated); and (4) manufacturing cyclic crudes or cyclic intermediates (i.e., hydrocarbons, except aromatic petrochemicals) from refined petroleum or natural gas. Establishments primarily engaged in--",132,128,2,3
3252,description,96e3286155b723cef18a730f2793de09be7e1f93b4bf05cbaaa75a196136e2c8,128,"This industry group comprises establishments primarily engaged in one of the following: (1) manufacturing synthetic resins, plastics materials, and nonvulcanizable elastomers and mixing and blending resins on a custom basis; (2) manufacturing noncustomized synthetic resins; (4) manufacturing cellulosic (e.g., rayon, acetate) and noncellulosic (e.g., nylon, polyolefin, polyester) fibers and filaments in the form of monofilament, filament yarn, staple, or tow;",156,125,3,5
326,description,1e755114fe715b0e9f18129a140e79ae34dc4536b5a6d3681df82eec683e3434,128,"In NAICS, such activities (footwear and furniture manufacturing) are not classified in the Plastics and Rubber Products Manufacturing subsector because the core technologies for these activities are diverse and involve multiple materials. Within the Plastics and Rubber Products Manufacturing subsector, a distinction is made between plastics and rubber products at the industry group level, although it is not a rigid distinction, as can be seen from the definition of Industry 32622, Rubber and Plastics Hoses and Belting Manufacturing. Lamination and bag production involving plastics and materials other than plastics are classified in Subsector 322, Paper Manufacturing.",341,123,3,11
327,description,d9a3b1eafaca074562ae9ee75253d19c67d9e9b0a64c6e4cbfd88823253ee54a,128,"The Nonmetallic Mineral Product Manufacturing subsector is based on the transformation of mined or quarried nonmetallic minerals, such as sand, gravel, stone, clay, and refractory materials, into products for intermediate or final consumption. Refractory materials are heated and then formed into bricks or other shapes for use in industrial applications. The products are used in a wide range of activities from construction and heavy and light manufacturing to articles for personal use. A mine that manufactures a small amount of finished products is classified in Sector 21, Mining, Quarrying, and Oil and Gas Extraction.",397,126,4,13
331,description,f4396ac896b04744ef67ab0f0cd32e07142c5d2f0ccebcc3b3e17b1f623c480c,128,"Industries in the Primary Metal Manufacturing subsector smelt and/or refine ferrous and nonferrous metals from ore, pig, or scrap, using electrometallurgical and other process metallurgical techniques. The output of the secondary smelting and/or secondary refining industries is limited to shapes such as ingot or billet that will be further processed. Recovery of metals from scrap often occurs in establishments that are primarily engaged in activities, such as rolling, drawing, extruding, or similar processes.",276,112,3,8
3311,description,1a18546ee7e866ee3a14a97b908eedbbca632ebae1851c72bc063d9676770788,128,"This industry group comprises establishments primarily engaged in one or more of the following: (1) direct reduction of iron ore; (2) manufacturing pig iron in molten or solid form; (3) converting pig iron into steel; (4) making steel; (5) making steel and manufacturing shapes (e.g., bar, plate, rod, sheet, strip, wire); (6) making steel and forming pipe and tube; and (7) manufacturing electrometallurgical ferroalloys.",185,108,1,3
33111,description,ef16979b84d895a64fa1ceccacb1db673cb7270a5283c3dea0713dc7aacc5fc4,128,"This NAICS industry comprises establishments primarily engaged in one or more of the following: (1) direct reduction of iron ore; (2) manufacturing pig iron in molten or solid form; (3) converting pig iron into steel; (4) making steel; (5) making steel and manufacturing shapes (e.g., bar, plate, rod, sheet, strip, wire); (6) making steel and forming pipe and tube; and (7) manufacturing electrometallurgical ferroalloys.",186,109,1,3
331110,description,763ef22fcbfdb8fb56190ece78c79391004dcb9846bb9526e2d5fd72a1bc1d30,128,"This industry comprises establishments primarily engaged in one or more of the following: (1) direct reduction of iron ore; (2) manufacturing pig iron in molten or solid form; (3) converting pig iron into steel; (4) making steel; (5) making steel and manufacturing shapes (e.g., bar, plate, rod, sheet, strip, wire); (6) making steel and forming pipe and tube; and (7) manufacturing electrometallurgical ferroalloys.",184,107,1,3
3315,description,d2f13f69e4bdbad0eca90d28d3943fbeb330bf29b86a4239b57a3643cc82d63d,128,"This industry group comprises establishments primarily engaged in pouring molten metal into molds or dies to form castings. Foundries may perform operations, such as cleaning and deburring, on the castings they manufacture. More involved processes, such as tapping, threading, milling, or machining to tight tolerances, that transform castings into more finished products are classified elsewhere in the Manufacturing sector based on the product made. When the production of primary metals is combined with making castings, the establishment is classified in Subsector 331, Primary Metal Manufacturing, with the primary metal made.",174,121,4,6
332,description,5f59d1cc248589213f8817738e4d2290d7f865a449e82242d3fc13284197f6ef,128,"Industries in the Fabricated Metal Product Manufacturing subsector transform metal into intermediate or end products, other than machinery, computers and electronics, and metal furniture, or treat metals and metal formed products fabricated elsewhere. Establishments in this subsector may use one of these processes or a combination of these processes. The NAICS structure for this subsector distinguishes the forging and stamping processes in a single industry. The manufacturing performed in the Fabricated Metal Product Manufacturing subsector begins with manufactured metal shapes. For instance, one establishment may manufacture steel, draw it into wire, and make wire products in the same establishment.",283,126,5,12
3321,description,8a5dbba5e9c5cf60b6faab3a5270e8705e198c564ae6573ae2577856904e7900,128,"This industry group comprises establishments primarily engaged in one or more of the following: (1) manufacturing forgings from purchased metals; (2) manufacturing metal custom roll forming products; (3) manufacturing metal stamped and spun products (except automotive, cans, coins); and (4) manufacturing powder metallurgy products. Establishments making metal forgings, metal stampings, and metal spun products and further manufacturing (e.g., machining, assembling) a specific manufactured product are classified in the industry of the finished product.",147,114,2,3
33211,description,d112fd99bd7a17becb28797bc5b51cffa9ed3672089f3e7490adf1ac9495fe1d,128,"This industry comprises establishments primarily engaged in one or more of the following: (1) manufacturing forgings from purchased metals; (2) manufacturing metal custom roll forming products; (3) manufacturing metal stamped and spun products (except automotive, cans, coins); and (4) manufacturing powder metallurgy products. Establishments making metal forgings, metal stampings, and metal spun products and further manufacturing (e.g., machining, assembling) a specific manufactured product are classified in the industry of the finished product.",146,113,2,3
332119,description,c2cf3bcfa1fcdf049e312e01691974bc9d70bd9f2464d888e0f11563b23a631e,128,"This U.S. industry comprises establishments primarily engaged in (1) stamping metal crowns and closures, such as bottle caps and home canning lids and rings, and/or (2) manufacturing other unfinished metal stampings and spinning unfinished metal products (except automotive, cans, and coins). Establishments making metal stampings and metal spun products and further manufacturing (e.g., machining, assembling) a specific product are classified in the industry of the finished product.",130,102,2,3
3328,description,4fa430f917b65dbc67cea47f0921a2d3607c6bd6e89cfb45ba32ac1beb50897f,128,"(4) engraving, chasing, or etching metals and metal products (except jewelry; personal goods carried on or about the person, such as compacts and cigarette cases; precious metal products (except precious plated flatware and other plated ware); and printing plates); (6) electroplating, plating, anodizing, coloring, and finishing metals and metal products; Establishments in this industry coat, engrave, and heat treat metals and metal formed products fabricated elsewhere. Included in this industry are establishments that perform these processes on other materials, such as plastics, in addition to metals.",208,127,4,9
33281,description,a46477dc3b4e43d2b5f9ce7af6ec51d8f178e73d05fbf37164d59910eae15628,128,"This industry comprises establishments primarily engaged in one or more of the following: (1) heat treating metals and metal products; (4) engraving, chasing, or etching metals and metal products (except jewelry; personal goods carried on or about the person, such as compacts and cigarette cases; precious metal products (except precious plated flatware and other plated ware); and printing plates); (6) electroplating, plating, anodizing, coloring, and finishing metals and metal products; Establishments in this industry coat, engrave, and heat treat metals and metal formed products fabricated elsewhere.",207,128,4,9
332812,description,e52abfb9db4bc9464b9792beb15a6932087be340475788c1bb524ebbf1ea7c3c,128,"This U.S. industry comprises establishments primarily engaged in one or more of the following: (1) enameling, lacquering, and varnishing metals and metal products; (3) engraving, chasing, or etching metals and metal products (except jewelry; personal goods carried on or about the person, such as compacts and cigarette cases; precious metal products (except precious plated flatware and other plated ware); and printing plates); Included in this industry are establishments that perform these processes on other materials, such as plastics, in addition to metals.",158,121,3,6
333,description,9feb3c37699fd32268ea4a3a3668562db83ec52b2d6301e75b23903bf872c456,128,"Industries in the Machinery Manufacturing subsector create end products that apply mechanical force, for example, the application of gears and levers, to perform work. Although these processes are similar to those used in metal fabricating establishments, machinery manufacturing is different because it typically employs multiple metal forming processes in manufacturing the various parts of the machine. The other industry groups make general purpose machinery: Ventilation, Heating, Air-Conditioning, and Commercial Refrigeration Equipment Manufacturing; Metalworking Machinery Manufacturing; Engine, Turbine, and Power Transmission Equipment Manufacturing; and Other General Purpose Machinery Manufacturing.",323,118,3,12
334,description,b4f161f8ee0fe3c51e7fdf0ee1820656c2381a31515dfe32bbb31d70a9106f53,128,"Industries in the Computer and Electronic Product Manufacturing subsector group establishments that manufacture computers, computer peripherals, communications equipment, and similar electronic products, and establishments that manufacture components for such products. The Computer and Electronic Product Manufacturing industries are combined in the hierarchy of NAICS because of their economic significance to the economies of all three North American countries. The design and use of integrated circuits and the application of highly specialized miniaturization technologies are common elements in the production technologies of the Computer and Electronic Product Manufacturing subsector.",132,108,3,4
3341,description,ad90ea6a2ed0fdc65aa5918bd17ac721d3619bed4d16a09e832ac30a5b974a48,128,"Computers can be analog, digital, or hybrid. Digital computers, the most common type, are devices that do all of the following: (1) store the processing program or programs and the data immediately necessary for the execution of the program; (2) can be freely programmed in accordance with the requirements of the user; (3) perform arithmetical computations specified by the user; and (4) execute, without human intervention, a processing program that requires the computer to modify its execution by logical decision during the processing run.",191,110,2,4
33411,description,16ec536572c8f10eb733e771618da85842fb5bd0e75fc9ffdd71aed6714b48b4,128,"Computers can be analog, digital, or hybrid. Digital computers, the most common type, are devices that do all of the following: (1) store the processing program or programs and the data immediately necessary for the execution of the program; (2) can be freely programmed in accordance with the requirements of the user; (3) perform arithmetical computations specified by the user; and (4) execute, without human intervention, a processing program that requires the computer to modify its execution by logical decision during the processing run.",190,110,2,4
334111,description,41a644c1067909f1b7fe7474da7e820892d1e95bc16c0ebf2c4a9cc3c2d7c223,128,"Digital computers, the most common type, are devices that do all of the following: (1) store the processing program or programs and the data immediately necessary for the execution of the program; (2) can be freely programmed in accordance with the requirements of the user; (3) perform arithmetical computations specified by the user; and (4) execute, without human intervention, a processing program that requires the computer to modify its execution by logical decision during the processing run. Analog computers are capable of simulating mathematical models and contain at least analog, control, and programming elements.",208,121,2,5
335,description,032de81982e11394907139fddb74f6db75b456ac09e689c11b892675131cbf36,128,"Electric Lighting Equipment Manufacturing establishments produce lighting fixtures, electric light bulbs, and parts (except glass parts and light emitting diodes (LEDs)), and other lighting equipment. Electrical Equipment Manufacturing establishments make goods, such as electric motors, generators, transformers, and switchgear apparatus. Other Electrical Equipment and Component Manufacturing establishments make devices for storing electrical power (e.g., batteries), for transmitting electricity (e.g., insulated wire), and wiring devices (e.g., electrical outlets, fuse boxes, and light switches).",162,118,3,5
336,description,a52ed540e9ede608e624ad1f06a0e8e9e5f3f0acbe3403d91108275a9a98d096,128,"Industries in the Transportation Equipment Manufacturing subsector produce equipment for transporting people and goods. Transportation equipment is a type of machinery. However, the assembly of components and subassemblies and their further assembly into finished vehicles tends to be a more common production process in this subsector than in the Machinery Manufacturing subsector. Land use motor vehicle equipment not designed for highway operation (e.g., agricultural equipment, construction equipment, and material handling equipment) is classified in the appropriate NAICS subsector based on the type and use of the equipment.",230,116,4,8
337,description,0d5f5ab19d22ea59e2fb76b750a8a401c51df7675fab2fced9827d23605e0a9d,128,"However, the production process for furniture is not solely bending metal, cutting and shaping wood, or extruding and molding plastics. Furniture manufacturing establishments may specialize in making articles primarily from one material. However, furniture is usually made from several materials. A wooden table might have metal brackets, and a wooden chair a fabric or plastics seat. Kitchen or dining room chairs with upholstered seats are classified according to the frame material. The manufacture of furniture parts and frames is included in this subsector. Some of the processes used in furniture manufacturing are similar to processes that are used in other segments of manufacturing.",657,127,7,26
339,description,274cbf8d377dfdd67a832270bb510cb3ee5e80c45f9368846c3c25bf86425954,128,"Industries in the Miscellaneous Manufacturing subsector make a wide range of products that cannot readily be classified in specific NAICS subsectors in manufacturing. Processes used by these establishments vary significantly, both among and within industries. For example, a variety of manufacturing processes are used in manufacturing sporting and athletic goods that include products such as tennis rackets and golf balls. In most cases, no one process or material predominates for an industry. Establishments in this subsector manufacture products as diverse as medical equipment and supplies, jewelry, sporting goods, toys, and office supplies.",215,118,5,8
33991,description,8765f798310efdaabb0f0b0631e97b61bbb03712c56f0265dfb8906e086a8d2d,128,"This NAICS industry comprises establishments primarily engaged in one or more of the following: (1) manufacturing, engraving, chasing, or etching fine and costume jewelry; (3) manufacturing, engraving, chasing, or etching precious metal solid, precious metal clad, or pewter flatware and other hollowware; (4) stamping coins; (5) manufacturing unassembled jewelry parts and stock shop products, such as sheet, wire, and tubing; (6) cutting, slabbing, tumbling, carving, engraving, polishing, or faceting precious or semiprecious stones and gems;",222,127,5,9
339910,description,e4fd33682de7430a89ff4125b384c7ed9bd3f160aa2da8f7db01faf178147f79,128,"This industry comprises establishments primarily engaged in one or more of the following: (1) manufacturing, engraving, chasing, or etching fine and costume jewelry; (3) manufacturing, engraving, chasing, or etching precious metal solid, precious metal clad, or pewter flatware and other hollowware; (4) stamping coins; (5) manufacturing unassembled jewelry parts and stock shop products, such as sheet, wire, and tubing; (6) cutting, slabbing, tumbling, carving, engraving, polishing, or faceting precious or semiprecious stones and gems;",220,125,5,9
42,description,7b364576062d7bb55613e62abd86acd188c1470972ec120128eba34831116ae0,128,"The Wholesale Trade sector comprises establishments engaged in wholesaling merchandise, generally without transformation, and rendering services incidental to the sale of merchandise. (1) Establishments that sell goods on their own account are known as wholesale merchants, distributors, jobbers, drop shippers, and import/export merchants. Some wholesale establishments may be connected with a single manufacturer and promote and sell the particular manufacturer's products to a wide range of other wholesalers or retailers. Still other wholesalers may not take title to the goods, but act as agents and brokers for a commission.",706,118,4,24
423,description,6b2fa9eb0060c1f708ac8d40fb3f7aa545df6e6c5e31af8e33924abd5bc22d5e,128,"Merchant wholesalers generally take title to the goods that they sell; in other words, they buy and sell goods on their own account. Durable goods merchant wholesale trade establishments are engaged in wholesaling products, such as motor vehicles, furniture, construction materials, machinery and equipment (including household-type appliances), metals and minerals (except petroleum), sporting goods, toys and hobby goods, recyclable materials, and parts. Agents and brokers primarily engaged in wholesaling durable goods, generally on a commission or fee basis, are classified in Subsector 425, Wholesale Trade Agents and Brokers.",168,127,3,5
424,description,7c90995f61d438fa50d9820b036b32c7da01918c001ae16e45798462adad71a2,128,"Nondurable goods merchant wholesale trade establishments are engaged in wholesaling products, such as paper and paper products, chemicals and chemical products, drugs, textiles and textile products, apparel, footwear, groceries, farm products, petroleum and petroleum products, alcoholic beverages, books, magazines, newspapers, flowers and nursery stock, and tobacco products. Agents and brokers primarily engaged in wholesaling nondurable goods, generally on a commission or fee basis, are classified in Subsector 425, Wholesale Trade Agents and Brokers.",172,110,2,5
42499,description,1cf3e74804a68d204826963dd79729d68504e41197a1ecdb29344cba142c8caf,128,"This NAICS industry comprises establishments primarily engaged in the merchant wholesale distribution of nondurable goods (except printing and writing paper; stationery and office supplies; industrial and personal service paper; drugs and druggists' sundries; apparel, piece goods, and notions; grocery and related products; chemical and allied products; petroleum and petroleum products; beer, wine, and distilled alcoholic beverages; farm supplies; books, periodicals, and newspapers; flowers, nursery stock, and florists' supplies; tobacco and tobacco products; and paint, varnishes, wallpaper, and supplies).",131,126,14,15
424990,description,7be8ea219d0f041d4a0daa55cd392e3830b7ffaeacb2004a272b2df27e737f50,128,"This industry comprises establishments primarily engaged in the merchant wholesale distribution of nondurable goods (except printing and writing paper; stationery and office supplies; industrial and personal service paper; drugs and druggists' sundries; apparel, piece goods, and notions; grocery and related products; farm product raw materials; chemical and allied products; petroleum and petroleum products; beer, wine, and distilled alcoholic beverages; books, periodicals, and newspapers; flowers, nursery stock, and florists' supplies; tobacco and tobacco products; and paint, varnishes, wallpaper, and supplies).",129,126,14,15
44,description,b40b429bcee4424f41786b01a2aac67f9b141bc37534cc489550def032f6812f,128,"The retailing process is the final step in the distribution of merchandise; retailers are, therefore, organized to sell merchandise in small quantities to the general public. Retail establishments typically sell merchandise to the general public for personal or household consumption, but some also serve business and institutional clients. These include office supply retailers, computer and software retailers, building materials dealers, plumbing supply retailers, and electrical supply retailers. As a general rule, establishments engaged in retailing merchandise and providing after-sales services are classified in this sector. (b) The usual trade designation of the establishments.",730,117,5,24
441,description,c1a99b30176fbacf53c7b787550b05e84f2430c366e9714bcf5650021dea1202,128,"Establishments in this subsector often operate from a showroom and/or an open lot where the vehicles are on display. The personnel generally include both the sales and sales support staff familiar with the requirements for registering and financing a vehicle as well as a staff of parts experts and mechanics trained to provide repair and maintenance services for the vehicles. Specific industries included in this subsector identify the type of vehicle being retailed. Sales of capital or durable nonconsumer goods, such as medium- and heavy-duty trucks, are always included in wholesale trade.",149,116,4,6
4492,description,bbbf9904d7d1759bb469b4132db9a787224dcddfa5072ffef19a43922339b618,128,"This industry group comprises establishments primarily engaged in one of the following: (1) retailing an array of new household-type appliances and consumer-type electronic products, such as televisions, computers, electronic tablets, and cameras; (3) retailing these new products in combination with repair and support services; (4) retailing new prepackaged or downloadable computer software (without publishing); and/or (5) retailing prerecorded audio and video media, such as downloadable digital music and video files (without production or publishing), CDs, and DVDs.",139,121,4,5
44921,description,1354f10a0c7b0edd94906f9fec5728dd1f54cde23a735c3a9e3bd58d404f7717,128,"This NAICS industry comprises establishments primarily engaged in one of the following: (1) retailing an array of new household-type appliances and consumer-type electronic products, such as televisions, computers, electronic tablets, and cameras; (3) retailing these new products in combination with repair and support services; (4) retailing new prepackaged or downloadable computer software (without publishing); and/or (5) retailing prerecorded audio and video media, such as downloadable digital music and video files (without production or publishing), CDs, and DVDs.",140,122,4,5
449210,description,9883bec22329149e060cebe9202d32a334683633a9d4ec8b6bd7b65bae5b6d58,128,"This industry comprises establishments primarily engaged in one of the following: (1) retailing an array of new household-type appliances and consumer-type electronic products, such as televisions, computers, electronic tablets, and cameras; (3) retailing these new products in combination with repair and support services; (4) retailing new prepackaged or downloadable computer software (without publishing); and/or (5) retailing prerecorded audio and video media, such as downloadable digital music and video files (without production or publishing), CDs, and DVDs.",138,120,4,5
4552,description,f26f9127eac5f6b2166ba0b810ad9fd9c528ff21b07341c8d7a9e1d07e99467f,128,"These establishments retail a general line of new merchandise, such as apparel, automotive parts, dry goods, hardware, groceries, housewares, and home furnishings, with no one merchandise line predominating. Establishments generally known as warehouse clubs, superstores, or supercenters, and retailing a general line of merchandise in combination with a significant amount and variety of perishable groceries, are included in this industry. This industry also includes establishments primarily engaged in retailing a general line of new and used merchandise on an auction basis.",131,112,3,4
45521,description,b6197a579b3f7a9bc6fc8d4336d7232be6456020f969aab2b209a9f89d3ab154,128,"These establishments retail a general line of new merchandise, such as apparel, automotive parts, dry goods, hardware, groceries, housewares, and home furnishings, with no one merchandise line predominating. Establishments generally known as warehouse clubs, superstores, or supercenters, and retailing a general line of merchandise in combination with a significant amount and variety of perishable groceries, are included in this industry. This industry also includes establishments primarily engaged in retailing a general line of new and used merchandise on an auction basis.",130,112,3,4
45999,description,10bf11d017c9c7967cfcfbfab29d432c5833d6c0596c4e2ad3c45b94f2cab25a,128,"This industry comprises establishments primarily engaged in retailing miscellaneous specialized lines of merchandise (except motor vehicle and parts dealers; building material and garden equipment and supplies dealers; food and beverage retailers; furniture, home furnishings, electronics, and appliance retailers; health and personal care retailers; gasoline stations and fuel dealers; clothing, clothing accessories, shoe, and jewelry retailers; sporting goods, hobby, and musical instrument retailers; book retailers and news dealers; florists; office supplies, stationery, and gift retailers; used merchandise retailers; pet and pet supplies retailers; art dealers; and manufactured (mobile) home dealers).",132,128,15,16
459999,description,82390b65dd9eadf0872b09e5224c1fdabc6c0ca695fed8d88d7a1f84d7f251aa,128,"This U.S. industry comprises establishments primarily engaged in retailing miscellaneous specialized lines of merchandise (except motor vehicle and parts dealers; building material and garden equipment and supplies dealers; furniture, home furnishings, electronics, and appliance retailers; health and personal care retailers; gasoline stations and fuel dealers; clothing, clothing accessories, shoe, and jewelry retailers; sporting goods, hobby, and musical instrument retailers; book retailers and news dealers; office supplies, stationery, and gift retailers; pet and pet supplies retailers; manufactured (mobile) home dealers; and tobacco, electronic cigarette, and other smoking supplies retailers).",147,127,13,18
48,description,78b3316cca4c24f1378795495685bf4ebf754c650173289ab14730ae128d50e9,128,"Establishments in these industries use transportation equipment or transportation-related facilities as a productive asset. The Transportation and Warehousing sector distinguishes three basic types of activities: subsectors for each mode of transportation, a subsector for warehousing and storage, and a subsector for establishments providing support activities for transportation. One of the support activities identified in the Support Activities for Transportation subsector is the routine repair and maintenance of transportation equipment (e.g., aircraft at an airport, railroad rolling stock at a railroad terminal, or ships at a harbor or port facility).",413,121,3,13
481,description,523e8e75762d339b64f06ed92c4a523ab05258839238cd89982dee4ccc57dd03,128,"The subsector distinguishes scheduled from nonscheduled air transportation. Nonscheduled carriers provide chartered air transportation of passengers, cargo, or specialty flying services. Although these activities may use aircraft, they are different from the activities included in air transportation. Air sightseeing does not usually involve place-to-place transportation; the passenger's flight (e.g., balloon ride, aerial sightseeing) typically starts and ends at the same location. Courier services (individual package or cargo delivery) include more than air transportation; road transportation is usually required to deliver the cargo to the intended recipient.",284,127,5,11
482,description,7c1b2a158baf9830cc1c266dd8f33362b5fd7449745d882498880d56ee1919a4,128,"The railroads in this subsector primarily either operate on networks, with physical facilities, labor force, and equipment spread over an extensive geographic area, or operate over a short distance on a local rail line. Scenic and sightseeing rail transportation and street railroads, commuter rail, and rapid transit are not included in this subsector but are included in Subsector 487, Scenic and Sightseeing Transportation, and Subsector 485, Transit and Ground Passenger Transportation, respectively. Although these activities use railroad rolling stock, they are different from the activities included in rail transportation.",196,121,3,6
483,description,30a807b3c8d1c45c4dddfe2ae33fb1f66d3489b0c0ac2ac8c421e3e65edc2913,128,"Industries in the Water Transportation subsector provide water transportation of passengers and cargo using watercraft, such as ships, barges, and boats. The subsector is composed of two industry groups: (1) one for deep sea, coastal, and Great Lakes water transportation; and (2) one for inland water transportation. Scenic and sightseeing water transportation services are not included in this subsector but are included in Subsector 487, Scenic and Sightseeing Transportation. Although these activities use watercraft, they are different from the activities included in water transportation.",158,120,4,6
484,description,d7f19399b64e0509bcb2a4c6f4793cfff3160423604ca5caf60a2ad9fa76c489,128,"Industries in the Truck Transportation subsector provide over-the-road transportation of cargo using motor vehicles, such as trucks and tractor trailers. General freight transportation establishments handle a wide variety of general commodities, generally palletized, and transported in a container or van trailer. Long-distance trucking establishments carry goods between metropolitan areas. The Specialized Freight Trucking industry group includes a separate industry for Used Household and Office Goods Moving. In this area, the same establishment provides both local and long-distance services, while other specialized freight establishments generally limit their services to either local or long-distance hauling.",257,123,5,11
485,description,5dc552b2cd62ea2d840c359ee6b083862a74aba87b5c112e7b335a872611ba26,128,"Industries in the Transit and Ground Passenger Transportation subsector include a variety of passenger transportation activities, such as urban transit systems; chartered bus, school bus, and interurban bus transportation; and taxis. In this subsector, the principal splits identify scheduled transportation as separate from nonscheduled transportation. The Other Transit and Ground Passenger Transportation industry group includes both scheduled and nonscheduled transportation. Sightseeing does not usually involve place-to-place transportation; the passenger's trip starts and ends at the same location.",208,112,4,8
4859,description,82188e82cbdad01a760d6aeec8a6350f6b8e2734540e23c55d81748ce9d4abc4,128,"This industry group comprises establishments primarily engaged in providing other transit and ground passenger transportation (except urban transit systems, interurban and rural bus transportation, taxi and ridesharing services, school and employee bus transportation, charter bus services, and limousine services (except shuttle services)). Shuttle services establishments generally travel within a metropolitan area and its adjacent nonurban areas on regular routes, on regular schedules and provide services between hotels, airports, or other destination points. Establishments in the Special Needs Transportation industry provide passenger transportation for the disabled or elderly. These establishments may use specially equipped vehicles to provide passenger transportation.",144,124,4,5
48599,description,6d419f3a98bb955a621e44cd6fbe9ccb58d0b677afc73691a537897f580e9560,128,"This industry comprises establishments primarily engaged in providing other transit and ground passenger transportation (except urban transit systems, interurban and rural bus transportation, taxi and ridesharing services, school and employee bus transportation, charter bus services, and limousine services (except shuttle services)). Shuttle services establishments generally travel within a metropolitan area and its adjacent nonurban areas on regular routes, on regular schedules and provide services between hotels, airports, or other destination points. Establishments in the Special Needs Transportation industry provide passenger transportation for the disabled or elderly. These establishments may use specially equipped vehicles to provide passenger transportation.",143,123,4,5
487,description,af329f4040f627ef5ac89641283ec7542852c582d018452a8bf4b55d39036a3d,128,"Industries in the Scenic and Sightseeing Transportation subsector utilize transportation equipment to provide recreation and entertainment. These activities have a production process distinct from passenger transportation carried out for the purpose of other types of for-hire transportation. The Scenic and Sightseeing Transportation subsector is separated into three industries based on the mode: land, water, and other. Activities that are recreational in nature and involve participation by the customer, such as white water rafting, are generally excluded from this subsector, unless they impose an impact on part of the transportation system.",189,117,4,7
488,description,4add7424eaf47b4f280d06e0f5ea9cc01ccbcf9c2c0acb33be8e4cfa2af11b07,128,"Industries in the Support Activities for Transportation subsector provide services which support transportation. This subsector includes a wide array of establishments, including air traffic control services, marine cargo handling, and motor vehicle towing. The Support Activities for Transportation subsector includes services to transportation, separated by type of mode serviced. The Support Activities for Rail Transportation industry includes services to the rail industry (e.g., railroad switching and terminal establishments). Ship repair and maintenance services not done in a shipyard are included in the Other Support Activities for Water Transportation industry. An example would be floating drydock services in a harbor.",141,126,6,7
491,description,5d368f9e5014f04ad2f5ae2bf0c747edfb4a687b50738968f84fc248212ad073,128,"The Postal Service subsector includes the activities of the National Post Office and its subcontractors operating under a universal service obligation to provide mail services, and using the infrastructure required to fulfill that obligation. These services include delivering letters and small parcels. This allows the collection, pick-up, and delivery operations to be done with limited labor costs and minimal equipment. These establishments may also provide express delivery services using the infrastructure established for provision of basic mail services. Bulk transportation of mail on contract to the Postal Service is not included here, because it is usually done by transportation establishments that carry other customers' cargo as well.",234,128,5,11
492,description,b6cfe8eb3b42771d0a02a20f398415ba2a32b518a6fad14c35123759ed35ca78,128,"Industries in the Couriers and Messengers subsector provide intercity, local, and/or international delivery of parcels and documents (including express delivery services) without operating under a universal service obligation. This allows the collection, pick-up, and delivery operations to be done with limited labor costs and minimal equipment. This includes the establishments that perform intercity transportation as well as establishments that, under contract to them, perform local pick-up and delivery. Messengers, which usually deliver within a metropolitan or single urban area, may use bicycle, foot, car, small truck, or van.",205,119,4,8
493,description,baff5e2490110bd15811fcf29e51724bf7a6a75e57490585efa8c9d090640923,128,"Industries in the Warehousing and Storage subsector are primarily engaged in operating warehousing and storage facilities for general merchandise, refrigerated goods, and other warehouse products. Logistics services can include labeling, breaking bulk, inventory control and management, light assembly, order entry and fulfillment, packaging, pick and pack, price marking and ticketing, and transportation arrangement. However, establishments in this industry group always provide warehousing or storage services in addition to any logistic services. Bonded warehousing and storage services and warehouses located in free trade zones are included in the industries of this subsector.",207,127,4,9
51,description,e1340a218d0bd044ac59efba38c552e99281a63e47cbacdf5ed4de9569ba5c3f,128,"The unique characteristics of information and cultural products, and of the processes involved in their production and distribution, distinguish the Information sector from the goods-producing and service-producing sectors. 3. The value of these products to the consumer lies in their informational, educational, cultural, or entertainment content, not in the format in which they are distributed. Acquiring and using these rights often involves significant costs. This capacity means that unlike traditional goods distributors, they derive revenue not from sale of the distributed product to the final consumer, but from those who pay for the privilege of adding information to the original product.",596,123,4,20
512,description,741c0d3cff432a3021f2058fed24af0f93a4a7b6f280b7fd35c2446e2f3f2dbb,128,"While producers and distributors of motion pictures and sound recordings issue works for sale as traditional publishers do, the processes are sufficiently different to warrant placing establishments engaged in these activities in a separate subsector. Film distribution is often to exhibitors, such as theaters and broadcasters, rather than through the wholesale and retail distribution chain. Reproduction of video and sound recordings that is carried out separately from establishments engaged in production and distribution is treated in NAICS as a manufacturing activity. Establishments using facilities and infrastructure that they operate to distribute cable and satellite television subscription programming are included in Subsector 517, Telecommunications.",311,122,4,9
513,description,a33f69f576ed741f60c94673ea8b7d796713bb99bda7c905d012f0a80bd76313,128,"Publishers may publish only and license rights to others to distribute their content, or they may publish and distribute content they create or own. In NAICS, publishing--the reporting, writing, editing, and other processes that are required to create an edition of a newspaper, for example--is treated as a major economic activity in its own right, rather than as a subsidiary activity to a manufacturing activity, printing. Music publishers and establishments primarily engaged in the production, or production and distribution, of motion pictures and sound recordings are included in Subsector 512, Motion Picture and Sound Recording Industries.",407,123,3,14
5131,description,a8e6d626027a1aa3b4b2c67e5875dc6a2d0d6e9b42078c750b393757bc1b4f91,128,"This industry group comprises establishments primarily engaged in publishing newspapers, magazines, other periodicals, books, directories and mailing lists, and other works, such as calendars, greeting cards, and maps. These works are characterized by the intellectual creativity required in their development and are usually protected by copyright. Publishing establishments may create the works in-house, or contract for, purchase, or compile works that were originally created by others. Establishments in this industry may print, reproduce, or offer direct access to the works themselves or may arrange with others to carry out such functions.",192,118,4,8
516,description,9b5c3009141f4132c012e0330cffdad46a2f40de368b5835388e10fb60ea9930,128,"Industries in the Broadcasting and Content Providers subsector include establishments that create content or acquire the right to distribute content and subsequently broadcast or distribute that content. The industry groups (Radio and Television Broadcasting Stations and Media Streaming Distribution Services, Social Networks, and Other Media Networks and Content Providers) are based on differences in the methods of communication and the nature of services provided. Programming may originate in their own studio, from an affiliated network, or from external sources. Establishments operating telecommunications facilities and infrastructure and distributing audio and video programming, including cable and satellite television subscription programming, are included in Subsector 517, Telecommunications.",329,126,4,9
517111,description,e25c65d781c0eb80c7d51879b40d590e53a6f152a1f490c59a7650f5bdb48ccd,128,"This U.S. industry comprises establishments primarily engaged in operating, maintaining, and/or providing access to transmission facilities and infrastructure that they own and/or lease for the transmission of voice, data, text, sound, and video using wired telecommunications networks. Establishments in this industry use the wired telecommunications network facilities that they operate to provide a variety of services, such as wired telephony services, including VoIP services; wired (cable) audio and video programming distribution; and wired broadband Internet services. By exception, establishments providing satellite television distribution services using facilities and infrastructure that they operate are included in this industry.",141,126,3,4
51921,description,c49ca724794afff69c03db810d3d650a004d3eb4535450bc1df77013a6f5428c,128,"This NAICS industry comprises establishments primarily engaged in providing library or archive services. These establishments are engaged in maintaining collections of documents (e.g., books, journals, newspapers, and music) and facilitating the use of such documents (recorded information regardless of its physical form and characteristics) as required to meet the informational, research, educational, or recreational needs of their user. These establishments may also acquire, research, store, preserve, and generally make accessible to the public historical documents, photographs, maps, audio material, audiovisual material, and other archival material of historical interest.",133,122,3,4
519210,description,830336515a9872fcaf8af887c80762a1c9b9eb9b24e001ebdbb19bc8a973238e,128,"This industry comprises establishments primarily engaged in providing library or archive services. These establishments are engaged in maintaining collections of documents (e.g., books, journals, newspapers, and music) and facilitating the use of such documents (recorded information regardless of its physical form and characteristics) as required to meet the informational, research, educational, or recreational needs of their user. These establishments may also acquire, research, store, preserve, and generally make accessible to the public historical documents, photographs, maps, audio material, audiovisual material, and other archival material of historical interest.",131,120,3,4
52,description,37a05c329b438e42a11a938dc13b92ed44a42c760dcbf6db01cc769917e0baa0,128,"In addition, the way in which these establishments acquire and allocate financial capital, their source of funds, and the use of those funds provides a third basis for distinguishing characteristics of the production process. Most of the Finance and Insurance subsectors contain one or more industry groups of (1) intermediaries with similar patterns of raising and using funds and (2) establishments engaged in activities that facilitate, or are otherwise related to, that type of financial or insurance intermediation. To deal with the varied activities taking place within existing financial institutions, the approach is to split these institutions into components performing specialized services.",947,127,3,31
522299,description,13603c52d8af6e6a4f0a2d9d75879aa190661745d2f39d0085c36121283e5d5b,128,"This U.S. industry comprises (1) establishments primarily engaged in providing working capital funds to U.S. exporters, lending funds to foreign buyers of U.S. goods, and/or lending funds to domestic buyers of imported goods; (2) establishments primarily engaged in buying, pooling, and repackaging loans for sale to others on the secondary market; and (3) establishments primarily providing other nondepository credit (except credit card issuing, sales financing, consumer lending, and real estate credit).",147,112,1,2
5241,description,976e6e0e9f544e4bcc2bb6f3e41348a6c29524c8e5be4191aa01667cb2b418ec,128,"This industry group comprises establishments primarily engaged in underwriting (assuming the risk, assigning premiums, and so forth) annuities and insurance policies and investing premiums to build up a portfolio of financial assets to be used against future claims. Reinsurance carriers are establishments that are primarily engaged in assuming all or part of the risk associated with an existing insurance policy (or set of policies) originally underwritten by another insurance carrier. Contributions and premiums are set on the basis of actuarial calculations of probable payouts based on risk factors from experience tables and expected investment returns on reserves.",181,122,3,5
525,description,0738922850358bb4425c7c9b15d4b1ea424434f1bac7744592547a29c2c088d4,128,"Industries in the Funds, Trusts, and Other Financial Vehicles subsector group legal entities (i.e., funds, plans, and/or programs) organized to pool securities or other assets on behalf of shareholders or beneficiaries of employee benefit or other trust funds. Establishments primarily engaged in holding the securities of (or other equity interests in) other firms are classified in Sector 55, Management of Companies and Enterprises. Equity real estate investment trusts (REITs) that are primarily engaged in leasing buildings, dwellings, or other real estate property to others are classified in Subsector 531, Real Estate.",205,127,3,6
53,description,5d24d164e04db0d55bf04fb4f6a91d7bc0a30f30de70cb480e2f72fc824f5d1b,128,"The Real Estate and Rental and Leasing sector comprises establishments primarily engaged in renting, leasing, or otherwise allowing the use of tangible or intangible assets, and establishments providing related services. These activities are closely related to this sector's main activity, and from a production basis they are included here. The main components of this sector are the real estate lessors industries (including equity real estate investment trusts (REITs)); equipment lessors industries (including motor vehicles, computers, and consumer goods); and lessors of nonfinancial intangible assets (except copyrighted works).",233,125,3,7
531,description,975c1bd39e88d2932b120acad93cae5ebc03eeaf0fccfc013e5f11d0be2535da,128,"Industries in the Real Estate subsector group establishments primarily engaged in renting or leasing real estate to others; managing real estate for others; selling, buying, or renting real estate for others; and providing other real estate related services, such as appraisal services. This subsector includes equity real estate investment trusts (REITs) primarily engaged in leasing buildings, dwellings, or other real estate property to others. Establishments primarily engaged in subdividing and developing unimproved real estate and constructing buildings for sale are classified in Subsector 236, Construction of Buildings.",173,122,3,5
532,description,926922fc1906b050f6c3e8d31a9720e2bbb41e040bb7c4a24baa3574b275da38,128,"Industries in the Rental and Leasing Services subsector include establishments that provide a wide array of tangible goods, such as automobiles, computers, consumer goods, and industrial machinery and equipment, to customers in return for a periodic rental or lease payment. The latter type typically does not operate from retail-like locations or maintain inventories, and usually offers longer-term leases. These establishments work directly with clients to enable them to acquire the use of equipment on a lease basis, or they work with equipment vendors or dealers to support the marketing of equipment to their customers under lease arrangements.",245,118,3,7
533,description,9653a418c155f26136c7a2868964d155ec0b3a21dbbc69c717a85c5ff7813fd1,128,"Industries in the Lessors of Nonfinancial Intangible Assets (except Copyrighted Works) subsector include establishments primarily engaged in assigning rights to assets, such as patents, trademarks, brand names, and/or franchise agreements, for which a royalty payment or licensing fee is paid to the asset holder. Establishments that allow franchisees the use of the franchise name, contingent on the franchisee buying products or services from the franchisor, are classified elsewhere.",139,100,2,3
54,description,cff6a4c601eef7714f7d9c458eb2bfc7184ba3e571be3510efeff12726d367b2,128,"The Professional, Scientific, and Technical Services sector comprises establishments that specialize in performing professional, scientific, and technical activities for others. The establishments in this sector specialize according to expertise and provide these services to clients in a variety of industries and, in some cases, to households. Activities performed include: legal advice and representation; accounting, bookkeeping, and payroll services; architectural, engineering, and specialized design services; computer services; consulting services; research services; advertising services; photographic services; translation and interpretation services; veterinary services; and other professional, scientific, and technical services.",131,120,3,4
541,description,253d43e58b1d7ad3aaf2e8739b5937faf172fd27ac42f1af437a2105f1f47f5c,128,"Industries in the Professional, Scientific, and Technical Services subsector group establishments engaged in processes where human capital is the major input. These establishments make available the knowledge and skills of their employees, often on an assignment basis, where an individual or team is responsible for the delivery of services to the client. The individual industries of this subsector are defined on the basis of the particular expertise and training of the services provider. The distinguishing feature of the Professional, Scientific, and Technical Services subsector is the fact that most of the industries grouped in it have production processes that are almost wholly dependent on worker skills.",152,126,4,6
54162,description,4863cd75e2cb063ab3f078a5d11971f1f6ff794dbc9009245702651be9e974f8,128,"This NAICS industry comprises establishments primarily engaged in providing advice and assistance to businesses and other organizations on environmental issues, such as the control of environmental contamination from pollutants, toxic substances, and hazardous materials. These establishments identify problems (e.g., inspect buildings for hazardous materials), measure and evaluate risks, and recommend solutions. They employ a multidisciplined staff of scientists, engineers, and other technicians with expertise in areas, such as air and water quality, asbestos contamination, remediation, ecological restoration, and environmental law.",130,114,3,4
55,description,79b018dcec6cc13cd3c78a4896b207f26cda41e604a770917e92286163d24ee7,128,"The Management of Companies and Enterprises sector comprises (1) establishments that hold the securities of (or other equity interests in) companies and enterprises for the purpose of owning a controlling interest or influencing management decisions or (2) establishments (except government establishments) that administer, oversee, and manage establishments of the company or enterprise and that normally undertake the strategic or organizational planning and decision-making role of the company or enterprise. Establishments that administer, oversee, and manage may hold the securities of the company or enterprise. Establishments in this sector perform essential activities that are often undertaken in-house by establishments in many sectors of the economy.",230,127,3,6
551,description,bc1ef523c8e4448faf5032e74bfb12bf44b1657010285a5deafa7bd872e5d66a,128,"Industries in the Management of Companies and Enterprises subsector include three main types of establishments: (1) those that hold the securities of (or other equity interests in) companies and enterprises; (2) those (except government establishments) that administer, oversee, and manage other establishments of the company or enterprise but do not hold the securities of these establishments; and (3) those that both administer, oversee, and manage other establishments of the company or enterprise and hold the securities of (or other equity interests in) these establishments.",137,110,1,2
56,description,ee87f7a57f1669bb5a141c23776d3696514a4a1579400e046bb773d6f0fe1d25,128,"The Administrative and Support and Waste Management and Remediation Services sector comprises establishments performing routine support activities for the day-to-day operations of other organizations. These essential activities are often undertaken in-house by establishments in many sectors of the economy. The administrative and management activities performed by establishments in this sector are typically on a contract or fee basis. These activities may also be performed by establishments that are part of the company or enterprise. However, establishments involved in administering, overseeing, and managing other establishments of the company or enterprise are classified in Sector 55, Management of Companies and Enterprises.",243,120,5,9
561,description,22058336bbc0843aa29f66562cff7d05fd1516b0d9b5b4a4a0b77e2aed7c6598,128,"Industries in the Administrative and Support Services subsector group establishments engaged in activities that support the day-to-day operations of other organizations. The establishments classified in this subsector have specialization in one or more of these activities and can, therefore, provide services to clients in a variety of industries and, in some cases, to households. The administrative and management activities performed by establishments in this sector are typically on a contract or fee basis. Establishments in Sector 55, Management of Companies and Enterprises, normally undertake the strategic and organizational planning and decision-making role of the company or enterprise.",412,121,4,14
5612,description,3745858ec60a1b0684a0bd7e30d5cc814427ba3d1c3c941472f79265ee2d6fed,128,"Establishments in this industry typically provide a combination of services, such as janitorial, maintenance, trash disposal, guard and security, mail routing, reception, laundry, and related services to support operations within facilities. These establishments provide operating staff to carry out these support activities, but are not involved with or responsible for the core business or activities of the client. Establishments providing facilities (except computer and/or data processing) operation support services and establishments providing private jail services or operating correctional facilities (i.e., jails) on a contract or fee basis are included in this industry.",146,121,3,4
56121,description,25fd194b543bcd7b849ca5a1d1901412810004b74334df3f2799e8091eb8e87b,128,"Establishments in this industry typically provide a combination of services, such as janitorial, maintenance, trash disposal, guard and security, mail routing, reception, laundry, and related services to support operations within facilities. These establishments provide operating staff to carry out these support activities, but are not involved with or responsible for the core business or activities of the client. Establishments providing facilities (except computer and/or data processing) operation support services and establishments providing private jail services or operating correctional facilities (i.e., jails) on a contract or fee basis are included in this industry.",147,121,3,4
561210,description,94c33d058e3bb5c1f342ac9fa7f98b362858f4823eaf23b075b54a6bd9c399d2,128,"Establishments in this industry typically provide a combination of services, such as janitorial, maintenance, trash disposal, guard and security, mail routing, reception, laundry, and related services to support operations within facilities. These establishments provide operating staff to carry out these support activities, but are not involved with or responsible for the core business or activities of the client. Establishments providing facilities (except computer and/or data processing) operation support services and establishments providing private jail services or operating correctional facilities (i.e., jails) on a contract or fee basis are included in this industry.",145,121,3,4
56133,description,7c744c5f1d62dd3cda9fd08a2554c17f27a9b06853ecb043c5744c7f03fbd136,128,"Establishments in this industry operate in a co-employment relationship with client businesses or organizations and are specialized in performing a wide range of human resource and personnel management duties, such as payroll, payroll tax, benefits administration, workers' compensation, unemployment, and human resource administration. Professional employer organizations (PEOs) are responsible for payroll, including withholding and remitting employment-related taxes, for some or all of the employees of their clients, and also serve as the employer of those employees for benefits and related purposes.",130,107,2,3
56143,description,13a7671be2072d57a7451bca86b76db81546f4e8dccd3f05736aa1c6f26ceaa0,128,"(2) establishments, generally known as copy centers or shops, primarily engaged in providing photocopying, duplicating, blueprinting, and other document copying services without also providing printing services (i.e., offset printing, quick printing, digital printing, prepress services); and (3) establishments that provide a range of office support services (except printing services), such as mailing services, document copying services, facsimile services, word processing services, on-site PC rental services, and office product sales.",144,116,2,3
562,description,6d47742bfe692a770574dc65c546a8f412f4faf403a3ecbce14cb46056a68797,128,"This includes establishments engaged in local hauling of waste materials; operating materials recovery facilities (i.e., those that sort recyclable materials from the trash stream); providing remediation services (i.e., those that provide for the cleanup of contaminated buildings, mine sites, soil, or ground water); and providing septic pumping and other miscellaneous waste management services. There are three industry groups within the subsector that separate these activities into waste collection, waste treatment and disposal, and remediation and other waste management.",142,114,2,3
61,description,e854e3371b4808a84e0ff5f15d92b77e143415722a4fad385f2ec99db108a74f,128,"They may also offer food and/or accommodation services to their students. Educational services are usually delivered by teachers or instructors that explain, tell, demonstrate, supervise, and direct learning. Instruction is imparted in diverse settings, such as educational institutions, the workplace, or the home, and through diverse means, such as correspondence, television, the Internet, or other electronic and distance-learning methods. All industries in the sector share this commonality of process, namely, labor inputs of instructors with the requisite subject matter expertise and teaching ability.",222,113,4,9
611,description,9cfeacdff8c67e9c829fc9bf5c69d44f6008ace30e16df78bc68d4c5d0b914ac,128,"Industries in the Educational Services subsector provide instruction and training in a wide variety of subjects. The subsector is structured according to level and type of educational services. Elementary and secondary schools, junior colleges, and colleges, universities, and professional schools correspond to a recognized series of formal levels of education designated by diplomas, associate degrees (including equivalent certificates), and degrees. Within the subsector, the level and types of training that are required of the instructors and teachers vary depending on the industry. Such establishments are classified in the Educational Services subsector based on the type of facility managed and operated.",234,127,5,9
6112,description,e00d7a66ecffc8bf2962cd0ac01df1da226f22322aacc28d5efca48326805d1b,128,"This industry group comprises establishments primarily engaged in furnishing academic, or academic and technical, courses and granting associate degrees, certificates, or diplomas below the baccalaureate level. The requirement for admission to an associate or equivalent degree program is at least a high school diploma or equivalent general academic training. Instruction may be provided in diverse settings, such as the establishment's or client's training facilities, educational institutions, the workplace, or the home, and through diverse means, such as correspondence, television, the Internet, or other electronic and distance-learning methods.",133,116,3,4
61121,description,b1f13217ad0c37af09e7213e7de9b822ba101f897010ffb562d9c2bb5b6462a0,128,"This NAICS industry comprises establishments primarily engaged in furnishing academic, or academic and technical, courses and granting associate degrees, certificates, or diplomas below the baccalaureate level. The requirement for admission to an associate or equivalent degree program is at least a high school diploma or equivalent general academic training. Instruction may be provided in diverse settings, such as the establishment's or client's training facilities, educational institutions, the workplace, or the home, and through diverse means, such as correspondence, television, the Internet, or other electronic and distance-learning methods.",134,117,3,4
611210,description,6036b47d49826691c9a81b5832d42588da5b57ff53e18fb8a50a15cd8ea04f6f,128,"This industry comprises establishments primarily engaged in furnishing academic, or academic and technical, courses and granting associate degrees, certificates, or diplomas below the baccalaureate level. The requirement for admission to an associate or equivalent degree program is at least a high school diploma or equivalent general academic training. Instruction may be provided in diverse settings, such as the establishment's or client's training facilities, educational institutions, the workplace, or the home, and through diverse means, such as correspondence, television, the Internet, or other electronic and distance-learning methods.",132,115,3,4
6114,description,cfe326439c7bee73d090d627e7e160ce27500d0b7b235e2d51be23033ea86dc1,128,"This industry group comprises establishments primarily engaged in one of the following: (1) offering courses in office procedures and secretarial and stenographic skills and may offer courses in basic office skills, such as word processing; (2) conducting computer training (except computer repair); or (3) offering an array of short duration courses and seminars for management and professional development. The training provided by these establishments may include the use of simulators and simulation methods.",150,96,2,3
61141,description,1e83c4ec98b93945299ffcb49662942027a24ed4cd41b64fb817b4ffdd746619,128,"This NAICS industry comprises establishments primarily engaged in offering courses in office procedures and secretarial and stenographic skills and may offer courses in basic office skills, such as word processing. In addition, these establishments may offer such classes as office machine operation, reception, communications, and other skills designed for individuals pursuing a clerical or secretarial career. Instruction may be provided in diverse settings, such as the establishment's or client's training facilities, educational institutions, the workplace, or the home, and through diverse means, such as correspondence, television, the Internet, or other electronic and distance-learning methods.",145,128,3,4
611410,description,9e03f63e6d1081e490fdc4b96a00ee63d4b023cf492dc3301e5afb4bd647d26c,128,"This industry comprises establishments primarily engaged in offering courses in office procedures and secretarial and stenographic skills and may offer courses in basic office skills, such as word processing. In addition, these establishments may offer such classes as office machine operation, reception, communications, and other skills designed for individuals pursuing a clerical or secretarial career. Instruction may be provided in diverse settings, such as the establishment's or client's training facilities, educational institutions, the workplace, or the home, and through diverse means, such as correspondence, television, the Internet, or other electronic and distance-learning methods.",143,126,3,4
61143,description,d45dd12f92599118080cc13a4371b3ecf9944084bf5819bc25e35298d8973586,128,"This NAICS industry comprises establishments primarily engaged in offering an array of short duration courses and seminars for management and professional development. Training for career development may be provided directly to individuals or through employers' training programs, and courses may be customized or modified to meet the special needs of customers. Instruction may be provided in diverse settings, such as the establishment's or client's training facilities, educational institutions, the workplace, or the home, and through diverse means, such as correspondence, television, the Internet, or other electronic and distance-learning methods.",131,114,3,4
611430,description,38ac1f81fdfc3a1b2af125540dcbab91989c8634f465d6d1c6706035364e2f24,128,"This industry comprises establishments primarily engaged in offering an array of short duration courses and seminars for management and professional development. Training for career development may be provided directly to individuals or through employers' training programs, and courses may be customized or modified to meet the special needs of customers. Instruction may be provided in diverse settings, such as the establishment's or client's training facilities, educational institutions, the workplace, or the home, and through diverse means, such as correspondence, television, the Internet, or other electronic and distance-learning methods.",129,112,3,4
62,description,ce12701b596f73570e2b37b0232c1694e03a9766637c93e5beddc33a71482aae,128,"The sector includes both health care and social assistance because it is sometimes difficult to distinguish between the boundaries of these two activities. The industries in this sector are arranged on a continuum starting with establishments providing medical care exclusively, continuing with those providing health care and social assistance, and finally finishing with those providing only social assistance. Establishments in this sector deliver services by trained professionals. All industries in the sector share this commonality of process, namely, labor inputs of health practitioners or social workers with the requisite expertise. Many of the industries in the sector are defined based on the educational degree held by the practitioners included in the industry.",145,127,5,6
6212,description,3d4765c3a6f6f3753001337296a558ae5807fea04b14504a8bb1c4782df87fe0,128,"This industry group comprises establishments of health practitioners having the degree of D. D. (Doctor of Dental Medicine), D. D. S. (Doctor of Dental Surgery), or D. D. (Doctor of Dental Science) primarily engaged in the independent practice of general or specialized dentistry or dental surgery. These practitioners operate private or group practices in their own offices (e.g., centers, clinics) or in the facilities of others, such as hospitals or HMO medical centers. They can provide either comprehensive preventive, cosmetic, or emergency care, or specialize in a single field of dentistry.",131,127,10,12
62121,description,2a3564da5b68dd24e527fa422ba8e0dd238b2ab97c12ad6b2a5fceae27daf238,128,"This NAICS industry comprises establishments of health practitioners having the degree of D. D. (Doctor of Dental Medicine), D. D. S. (Doctor of Dental Surgery), or D. D. (Doctor of Dental Science) primarily engaged in the independent practice of general or specialized dentistry or dental surgery. These practitioners operate private or group practices in their own offices (e.g., centers, clinics) or in the facilities of others, such as hospitals or HMO medical centers. They can provide either comprehensive preventive, cosmetic, or emergency care, or specialize in a single field of dentistry.",132,128,10,12
621210,description,c936be07ac5b97c290b7f28339cceb0e71f42dfb59fd66a977db3e12bf478c34,128,"This industry comprises establishments of health practitioners having the degree of D. M. D. (Doctor of Dental Medicine), D. D. S. (Doctor of Dental Surgery), or D. D. (Doctor of Dental Science) primarily engaged in the independent practice of general or specialized dentistry or dental surgery. These practitioners operate private or group practices in their own offices (e.g., centers, clinics) or in the facilities of others, such as hospitals or HMO medical centers. They can provide either comprehensive preventive, cosmetic, or emergency care, or specialize in a single field of dentistry.",130,128,11,12
62132,description,ee06696de8d770596eb32acbde32d84ce1eca22fd1ef750b1eb93d1c9f46ba8a,128,"These practitioners examine, diagnose, treat, and manage diseases and disorders of the visual system, the eye, and associated structures as well as diagnose related systemic conditions. Offices of optometrists prescribe and/or provide eyeglasses, contact lenses, low vision aids, and vision therapy. They operate private or group practices in their own offices (e.g., centers, clinics) or in the facilities of others, such as hospitals or HMO medical centers, and may also provide the same services as opticians, such as selling and fitting prescription eyeglasses and contact lenses.",162,127,3,6
621320,description,bb785d22d1635c857a1fda906b43ede9b0774dc86beb942adaab87cac3c537b9,128,"These practitioners examine, diagnose, treat, and manage diseases and disorders of the visual system, the eye, and associated structures as well as diagnose related systemic conditions. Offices of optometrists prescribe and/or provide eyeglasses, contact lenses, low vision aids, and vision therapy. They operate private or group practices in their own offices (e.g., centers, clinics) or in the facilities of others, such as hospitals or HMO medical centers, and may also provide the same services as opticians, such as selling and fitting prescription eyeglasses and contact lenses.",160,127,3,6
62134,description,efed448cf08e16c6fc3cd47689f105d8e39af2b1e14ff7dfd1ba61c4db4b960f,128,"This NAICS industry comprises establishments of independent health practitioners primarily engaged in one of the following: (1) providing physical therapy services to patients who have impairments, functional limitations, disabilities, or changes in physical functions and health status resulting from injury, disease or other causes, or who require prevention, wellness or fitness services; (2) planning and administering educational, recreational, and social activities designed to help patients or individuals with disabilities regain physical or mental functioning or adapt to their disabilities; and (3) diagnosing and treating speech, language, or hearing problems.",154,117,1,2
621340,description,8b97400160cdf42316058cb902037b54b9320ed07ea1e607be8a83094ee17d49,128,"This industry comprises establishments of independent health practitioners primarily engaged in one of the following: (1) providing physical therapy services to patients who have impairments, functional limitations, disabilities, or changes in physical functions and health status resulting from injury, disease or other causes, or who require prevention, wellness or fitness services; (2) planning and administering educational, recreational, and social activities designed to help patients or individuals with disabilities regain physical or mental functioning or adapt to their disabilities; and (3) diagnosing and treating speech, language, or hearing problems.",152,115,1,2
621493,description,997b8debdfbd4607be12c5690e896f102d104640cdcd03de7471b114d6c1bc7a,128,"This U.S. industry comprises establishments with physicians and other medical staff primarily engaged in (1) providing surgical services (e.g., orthoscopic and cataract surgery) on an outpatient basis or (2) providing emergency care services (e.g., setting broken bones, treating lacerations, or tending to patients suffering injuries as a result of accidents, trauma, or medical conditions necessitating immediate medical care) on an outpatient basis.",130,100,1,2
6222,description,e0ee5e8b3177964b530561c6f7f1048dc5b1b650d473222ac3932521559bfee2,128,"This industry group comprises establishments known and licensed as psychiatric and substance abuse hospitals primarily engaged in providing diagnostic, medical treatment, and monitoring services for inpatients who suffer from mental illness or substance abuse disorders. These establishments maintain inpatient beds and provide patients with food services that meet their nutritional requirements. They have an organized staff of physicians and other medical staff to provide patient care services. Psychiatric, psychological, and social work services are available at the facility. These hospitals usually provide other services, such as outpatient services, clinical laboratory services, diagnostic X-ray services, and electroencephalograph services.",135,124,5,6
62221,description,9e31da514526b4c8b50e27696a2ec13811c4e44989420a373337a70fee310154,128,"This NAICS industry comprises establishments known and licensed as psychiatric and substance abuse hospitals primarily engaged in providing diagnostic, medical treatment, and monitoring services for inpatients who suffer from mental illness or substance abuse disorders. These establishments maintain inpatient beds and provide patients with food services that meet their nutritional requirements. They have an organized staff of physicians and other medical staff to provide patient care services. Psychiatric, psychological, and social work services are available at the facility. These hospitals usually provide other services, such as outpatient services, clinical laboratory services, diagnostic X-ray services, and electroencephalograph services.",136,125,5,6
622210,description,95092b4d15a5a08cb89eaf6a3a42a8cff3a9e93f1ca8d4c6c24327dcf83f4402,128,"This industry comprises establishments known and licensed as psychiatric and substance abuse hospitals primarily engaged in providing diagnostic, medical treatment, and monitoring services for inpatients who suffer from mental illness or substance abuse disorders. These establishments maintain inpatient beds and provide patients with food services that meet their nutritional requirements. They have an organized staff of physicians and other medical staff to provide patient care services. Psychiatric, psychological, and social work services are available at the facility. These hospitals usually provide other services, such as outpatient services, clinical laboratory services, diagnostic X-ray services, and electroencephalograph services.",134,123,5,6
6223,description,cefe746169d4b2e6d55c261ea036360cb5bd7bb83244c1865943a7e901295624,128,"This industry group comprises establishments known and licensed as specialty hospitals primarily engaged in providing diagnostic and medical treatment to inpatients with a specific type of disease or medical condition (except psychiatric or substance abuse). Hospitals providing long-term care for the chronically ill and hospitals providing rehabilitation, restorative, and adjustive services to physically challenged or disabled people are included in this industry. These hospitals may provide other services, such as outpatient services, diagnostic X-ray services, clinical laboratory services, operating room services, physical therapy services, educational and vocational services, and psychological and social work services.",158,123,3,5
62231,description,ce3efc870aaee9c46e17e9238230ad1dd0c943e46db157c5e9d5ed4a07c946d8,128,"This NAICS industry comprises establishments known and licensed as specialty hospitals primarily engaged in providing diagnostic and medical treatment to inpatients with a specific type of disease or medical condition (except psychiatric or substance abuse). Hospitals providing long-term care for the chronically ill and hospitals providing rehabilitation, restorative, and adjustive services to physically challenged or disabled people are included in this industry. These hospitals may provide other services, such as outpatient services, diagnostic X-ray services, clinical laboratory services, operating room services, physical therapy services, educational and vocational services, and psychological and social work services.",159,124,3,5
622310,description,65a7b2ff7b4c3194a2c9cb597054a51e22766b549b432652fc9b6912a92292a4,128,"This industry comprises establishments known and licensed as specialty hospitals primarily engaged in providing diagnostic and medical treatment to inpatients with a specific type of disease or medical condition (except psychiatric or substance abuse). Hospitals providing long-term care for the chronically ill and hospitals providing rehabilitation, restorative, and adjustive services to physically challenged or disabled people are included in this industry. These hospitals may provide other services, such as outpatient services, diagnostic X-ray services, clinical laboratory services, operating room services, physical therapy services, educational and vocational services, and psychological and social work services.",157,122,3,5
62422,description,64cb83bc161f130f141c26782eab8ec950395db6287d1fcc41596c1bfa0853ed,128,"This industry comprises establishments primarily engaged in providing one or more of the following community housing services: (1) short-term emergency shelter for victims of domestic violence, sexual assault, or child abuse; (2) temporary residential shelter for the homeless, runaway youths, and patients and families caught in medical crises; (3) transitional housing for low-income individuals and families; (4) volunteer construction or repair of low-cost housing, in partnership with the homeowner who may assist in construction or repair work; and (5) repair of homes for elderly or disabled homeowners.",165,122,1,2
624229,description,bbb496003fd46433d884ef8e2295e0ad62643a9b8f34500becdb79412991b694,128,"This U.S. industry comprises establishments primarily engaged in providing one or more of the following community housing services: (1) transitional housing to low-income individuals and families; (2) volunteer construction or repair of low-cost housing, in partnership with the homeowner who may assist in the construction or repair work; and (3) the repair of homes for elderly or disabled homeowners. These establishments may subsidize housing using existing homes, apartments, hotels, or motels or may require a low-cost mortgage or sweat equity.",131,116,2,3
711,description,e3efdbb4179329c148c474d1e8a73ad41354b553e575891efce8da790d6b8bd1,128,"Industries in the Performing Arts, Spectator Sports, and Related Industries subsector group establishments that produce or organize and promote live presentations involving the performances of actors and actresses, singers, dancers, musical groups and artists, athletes, and other entertainers, including independent (i.e., freelance) entertainers and the establishments that manage their careers. The industry structure for this subsector makes a clear distinction between performing arts companies and performing artists (i.e., independent or freelance). These establishments tend to be more loosely organized and it can be difficult to distinguish companies from freelancers.",432,123,3,14
7112,description,253caba5354736df4397dc4c1b13535968a2ea494476d2b04c57efdc0b6470de,128,"This industry group comprises (1) sports teams or clubs primarily participating in live sporting events before a paying audience; (2) establishments primarily engaged in operating racetracks without casinos; (3) independent athletes engaged in participating in live sporting or racing events before a paying audience; (4) owners of racing participants, such as cars, dogs, and horses, primarily engaged in entering them in racing events or other spectator sports events; and (5) establishments, such as sports trainers, primarily engaged in providing specialized services to support participants in sports events or competitions.",148,115,1,2
71121,description,8480fea42a0d72189bf3b474ce94f019a0837baa280d2a876776baa4d04a634b,128,"This industry comprises (1) sports teams or clubs primarily participating in live sporting events before a paying audience; (2) establishments primarily engaged in operating racetracks without casinos; (3) independent athletes engaged in participating in live sporting or racing events before a paying audience; (4) owners of racing participants, such as cars, dogs, and horses, primarily engaged in entering them in racing events or other spectator sports events; and (5) establishments, such as sports trainers, primarily engaged in providing specialized services to support participants in sports events or competitions.",147,114,1,2
713,description,123aa34525843e57153df9cf759f8cf092ffeb7fe4a652628a1e04944f77c5dc,128,"Industries in the Amusement, Gambling, and Recreation Industries subsector (1) operate facilities where patrons can primarily engage in sports, recreation, amusement, or gambling activities and/or (2) provide other amusement and recreation services, such as supplying and servicing amusement devices in places of business operated by others; operating sports teams, clubs, or leagues engaged in playing games for recreational purposes; and guiding tours without using transportation equipment. For example, casino hotels are classified in Subsector 721, Accommodation; and horse and dog racing tracks without casinos are classified in Industry Group 7112, Spectator Sports.",323,124,2,11
721,description,086471e3676cff928e8bf46833db7bc219fd4446ed58d26eb139f004041443bb,128,"Industries in the Accommodation subsector provide lodging or short-term accommodations for travelers, vacationers, and others. Some provide lodging only, while others provide meals, laundry services, and recreational facilities, as well as lodging. In addition to lodging, these establishments may provide a range of other services to their guests. Included are travel trailer campsites, recreational vehicle parks, and outdoor adventure retreats. Establishments that manage short-stay accommodation establishments (e.g., hotels and motels) on a contractual basis are classified in this subsector if they both manage the operation and provide the operating staff.",343,126,5,15
722,description,da6d892ae621d8dca4edcb4887fc6566846c6d603f37705381a0ada1cacf6cf7,128,"Industries in the Food Services and Drinking Places subsector prepare meals, snacks, and beverages to customer order for immediate on-premises and off-premises consumption. The industry groups are Special Food Services, such as food service contractors, caterers, and mobile food services; Drinking Places (Alcoholic Beverages); and Restaurants and Other Eating Places. Food and beverage services at hotels and motels, amusement parks, theaters, casinos, country clubs, similar recreational facilities, and civic and social organizations are included in this subsector only if these services are provided by a separate establishment primarily engaged in providing food and beverage services.",188,127,3,6
7225,description,53e223bb01a0a1ba51d2828400940e4288c2714fd6cb17679f6b65409f36a83f,128,"(2) providing food services to patrons who generally order or select items (e.g., at a counter, in a buffet line) and pay before eating; or (3) preparing and/or serving a specialty snack (e.g., ice cream, frozen yogurt, cookies) and/or nonalcoholic beverages (e.g., coffee, juices, sodas) for consumption on or near the premises.",141,97,2,3
72251,description,86a1ddca7bd2b89252243e2b4f957c3c4948b1be738c1d59692e29158c420dce,128,"(2) providing food services to patrons who generally order or select items (e.g., at a counter, in a buffet line) and pay before eating; or (3) preparing and/or serving a specialty snack (e.g., ice cream, frozen yogurt, cookies) and/or nonalcoholic beverages (e.g., coffee, juices, sodas) for consumption on or near the premises.",140,97,2,3
811,description,9e5c3c4ae41cb9eb4a1360c40e4bbd3757b3829f7afc2e949f72c6e864ff4a32,128,"These establishments also typically provide general or routine maintenance (i.e., servicing) on such products to ensure they work efficiently and to prevent breakdown and unnecessary repairs. The NAICS structure for this subsector brings together most types of repair and maintenance establishments and categorizes them based on production processes (i.e., on the type of repair and maintenance activity performed, and the necessary skills, expertise, and processes that are found in different repair and maintenance establishments). For example, a substantial amount of repair is done by establishments that also manufacture machinery, equipment, and other goods.",349,124,3,13
812,description,6db675d378cb998f06952a02b858ad7aad8b7cae763f017fdfe5db49bb799242,128,"The Personal and Laundry Services subsector is by no means all-inclusive of the services that could be termed personal services (i.e., those provided to individuals rather than businesses). those providing job placement, travel arrangement, home security, interior and exterior house cleaning, exterminating, lawn and garden care, and similar support services are classified in Sector 56, Administrative and Support and Waste Management and Remediation Services; and those providing spiritual, civic, and advocacy services are classified in Subsector 813, Religious, Grantmaking, Civic, Professional, and Similar Organizations.",319,123,3,11
81232,description,24bd976e0bcb1e37cdde7f209d5411b886aecfa864ae92d61d03a858f1369da2,128,"This NAICS industry comprises establishments primarily engaged in one or more of the following: (1) providing drycleaning services (except coin- or card-operated); (2) providing laundering services (except linen and uniform supply or coin- or card-operated); (3) providing drop-off and pick-up sites for laundries and/or drycleaners; and (4) providing specialty cleaning services for specific types of garments and other textile items (except carpets and upholstery), such as fur, leather, or suede garments; draperies; and pillows.",154,128,6,9
812320,description,1741c5b1cc2ed712d6f7a8f8f5d2eebb34b985d8d4d36f70c456f89cd69179bc,128,"This industry comprises establishments primarily engaged in one or more of the following: (1) providing drycleaning services (except coin- or card-operated); (2) providing laundering services (except linen and uniform supply or coin- or card-operated); (3) providing drop-off and pick-up sites for laundries and/or drycleaners; and (4) providing specialty cleaning services for specific types of garments and other textile items (except carpets and upholstery), such as fur, leather, or suede garments; wedding gowns; and pillows.",152,127,6,9
813,description,dc0da076a8b3fe3bd775ea1761b83194aa2fb8fbf0ed72e3a7d52581b1d10ae7,128,"Industries in the Religious, Grantmaking, Civic, Professional, and Similar Organizations subsector group establishments that organize and promote religious activities; support various causes through grantmaking; advocate various social and political causes; and promote and defend the interests of their members. The industry groups within the subsector are defined in terms of their activities, such as establishments that provide funding for specific causes or for a variety of charitable causes; establishments that advocate and actively promote causes and beliefs for the public good; and establishments that have an active membership structure to promote causes and represent the interests of their members.",142,121,2,3
92,description,0173a94ef0da86a945018ac207f77d0f2fbdd422c3dab7ba371eebd876bfca83,128,"In general, government establishments in the Public Administration sector oversee governmental programs and activities that are not performed by private establishments. Examples of government-provided goods and services that are classified in sectors other than Public Administration include: schools, classified in Sector 61, Educational Services; health care facilities, classified in Sector 62, Health Care and Social Assistance; establishments operating transportation facilities, classified in Sector 48, Transportation and Warehousing; the operation of utilities, classified in Sector 22, Utilities; and the Government Printing Office, classified in Subsector 323, Printing and Related Support Activities.",448,118,2,12
111219,examples,202d69777e5d57a63f5bc0eb0545604f75fa75bb2cb5fa44943d45c3d55a669d,128,"Asparagus farming, field, bedding plant and seed production; Celery farming, field, bedding plant and seed production; Collard farming, field, bedding plant and seed production; Endive farming (except under cover), field, bedding plant and seed production; Gingerroot farming (except under cover), field, bedding plant and seed production; Green bean farming, field and seed production; Parsley farming, field, bedding plant and seed production; Pea (except dry) farming, field and seed production; Spinach farming, field, bedding plant and seed production",293,128,9,20
212290,examples,85a74d3e76cea5b1ebed26a704510c18da57112c44c2c373052887f4a04b231d,128,Columbite mining and/or beneficiating; Hafnium mining and/or beneficiating; Molybdenum ores mining and/or beneficiating; Tantalite mining and/or beneficiating; Tin metal ores mining and/or beneficiating; Tungsten concentrates beneficiating; Uraninite (pitchblende) mining and/or beneficiating; Uranium-radium-vanadium ores mining and/or beneficiating; Wolframite mining and/or beneficiating,317,126,9,22
212323,examples,03f81f0f5888da95676af7083970ef1d66cb13201cfd2f9f2309e04d042765d4,128,"Ball clay mining and/or beneficiating; Bentonite mining and/or beneficiating; Bleaching clay mining and/or beneficiating; Burley mining and/or beneficiating; Clay, ball, mining and/or beneficiating; Clay, fire, mining and/or beneficiating; Earth, fuller's (e.g., all natural bleaching clays), mining and/or beneficiating; Shale (except oil shale) mining and/or beneficiating",181,119,8,13
212390,examples,19ec262b557e7883cc6f8254b59bbae2a31d3fed2825468351587782171cf86a,128,"Calcined phosphate rock mining and/or beneficiating; Diatomaceous earth mining and/or beneficiating; Fertilizer minerals, natural, mining and/or beneficiating; Guano mining and/or beneficiating; Hones mining and/or beneficiating; Kernite mining and/or beneficiating; Marcasite mining and/or beneficiating; Pebbles grinding; Pumicite mining and/or beneficiating; Sulfur mining and/or beneficiating; Turquoise mining and/or beneficiating",531,126,11,45
213112,examples,ccd1bb50e5b3b5762c7228514bb74725a27c9aa4bd1e843c6aca44b56fd72029,128,"Contract services (except geophysical surveying and mapping, site preparation, construction, and transportation activities) for oil and gas fields; Core cutting in oil and gas wells, on a contract basis; Dismantling of oil well rigs on a contract basis; Geological exploration (except surveying) for oil and gas on a contract basis; Rathole and mousehole drilling at oil and gas fields on a contract basis; Swabbing oil or gas wells on a contract basis; Well plugging, oil and gas field, on a contract basis; Well surveying, oil and gas field, on a contract basis",306,124,8,21
213113,examples,a8590b6f9aa683318d6a04597752a79dbe386a379381a34d610bdbf71031fcb9,128,"Auger coal mining services on a contract basis (except geophysical surveying and mapping, site preparation, construction, and transportation activities); Bituminous coal mining services on a contract basis (except geophysical surveying and mapping, site preparation, construction, and transportation activities); Draining or pumping coal mines on a contract basis; Exploration services for coal (except geophysical surveying and mapping) on a contract basis; Prospect and test drilling services for coal mining on contract basis; Stripping overburden services for coal mining on a contract basis; Tunneling services for coal mining on a contract basis",131,121,7,8
236117,examples,b4154e2e67db4de79226a1e26eef86370726232f3e8cf56d507cc02679b39cc9,128,"Cabin for-sale builders; Cooperative apartment for-sale builders; Log home for-sale builders; Low-rise apartment for-sale builders; Merchant builders (i.e., building on own land, for sale), residential; Panelized multifamily housing assembled on site by for-sale builders; Precut housing, residential, assembled on site by for-sale builders; Speculative builders (i.e., building on own land, for sale), residential; Speculative builders (i.e., building on own land, for sale), single-family housing",140,123,9,11
236118,examples,f37071ce0b3892be5d08af7b9f9d6e9db96385494dda8bc42c407bdca4077c44,128,"Addition, alteration and renovation, single-family housing, general contractors; Construction management, residential remodeling; Home improvement (e.g., adding on, remodeling, renovating), multifamily building, for-sale builders; Home renovation",139,60,4,8
236220,examples,c9009d66ea7a128b8281d86d1def926ba268522235658619969309208b2d11e6,128,"Addition, alteration and renovation, hotel and motel; Barrack construction; Beauty salon construction; Construction management, commercial and institutional building; Dormitory construction; Drycleaning plant construction; Fire station construction; Handyman construction service, commercial and institutional building; Health and athletic club construction; Jail construction; Mausoleum (i.e., building) construction; Motel construction; Religious building (e.g., church, synagogue, mosque, temple) construction; Service station construction; Storage elevator construction; Warehouse construction (e.g., commercial, industrial, manufacturing, private); Warehouse, commercial and institutional, construction",203,127,17,30
237990,examples,50d76027cc07505f387ab71d32e116401c2a00a23b1d198ce3ccde6930bf3d2f,128,"Avalanche, rockslide, mudslide, or roadside protection construction; Bridle path construction; Construction management, tunnel; Cribbing (i.e., shore protection), construction; Dredging (e.g., canal, channel, ditch, waterway); Earth-filled dam construction; Electricity generating plant, hydroelectric, construction; Horizontal drilling (e.g., underground cable, pipeline, sewer installation); Nuclear waste disposal site construction; Recreation area, open space, construction; Retaining walls, anchored (e.g., with piles, soil nails, tieback anchors), construction",176,128,11,23
238220,examples,69c5a6164f9cceffa7ab8401105efcf5dd3b5671de64bf9f4a863a24709d1bbc,128,"Bathroom plumbing fixture and sanitary ware installation; Central heating equipment and piping installation; Commercial freezer installation; Fire extinguisher installation; Fire extinguisher installation and repair; Furnace humidifier installation; Furnace, forced air, installation; Gas line installation, individual hookup, contractors; Household oil storage tank installation; Hydronic heating system installation; Refrigeration system (e.g., commercial, industrial, scientific) installation; Sanitary ware installation; Scrubber, air purification, installation; Sewer hookup and connection, building; Water meter installation; Waterless fire suppression system installation and repair",166,126,16,23
238910,examples,b33a41e50c71762ba9cabab15014f45af9e684af228900f9e747f5e2907d7785,128,"Backhoe rental with operator; Blasting, building demolition; Blasting, construction site; Cesspool construction; Concrete breaking and cutting for demolition; Drilled pier (i.e., for building foundations) contractors; Equipment rental (except crane), construction, with operator; Excavating, earthmoving or land clearing, mining (except overburden removal at open pit mine sites or quarries); Grave excavation contractors; Interior demolition contractors; Line slashing or cutting (except maintenance); Test boring for construction; Underground tank (except hazardous material) removal; Weeping tile installation; Whole building deconstruction",155,127,15,19
238990,examples,f5fd50cb23bbb8c104fb96a4c242161810d661019ea070793848e6c2d2bfd498,128,"Cable splicing (except electrical or fiber optic); Concrete patio construction; Curb and gutter construction, residential and commercial driveway and parking area, concrete; House moving (i.e., raising from one site, moving, and placing on a new foundation); Mail box units, outdoor, multiple box-type, erection; Paver, brick (e.g., driveway, patio, sidewalk), installation; Paving, residential and commercial driveway and parking lot; Pole (e.g., telephone) removal; Scaffold erecting and dismantling; Shoring, construction",141,126,10,14
311119,examples,72e94f018390038ca0cf73ae8c0bd995525b4d20fc3ead51843c97054e3e1f83,128,"Alfalfa meal, dehydrated, manufacturing; Animal feeds, prepared (except dog and cat), manufacturing; Dairy cattle feeds, supplements, concentrates, and premixes, manufacturing; Feed supplements, animal (except cat, dog), manufacturing; Kelp meal and pellets, animal feed manufacturing; Meal, alfalfa, manufacturing; Mineral feed supplements (except cat, dog) manufacturing; Poultry feeds, supplements, and concentrates manufacturing; Swine feed, complete, manufacturing; Swine feed, supplements, concentrates, and premixes, manufacturing",149,122,10,13
311612,examples,f2ea7faee90e4b8001abfc0a58802fe3e1ac688515785e8f023bbdc076363ee3,128,"Boxed beef made from purchased carcasses; Collagen sausage casings made from purchased hides; Cured meats (e.g., brined, dried, and salted) made from purchased carcasses; Dried meats made from purchased carcasses; Hams, preserved (except poultry), made from purchased carcasses; Luncheon meat (except poultry) made from purchased carcasses; Pork, primal and sub-primal cuts, made from purchased carcasses; Potted meats made from purchased carcasses; Sandwich spreads, meat, made from purchased carcasses",140,127,9,10
313110,examples,f9736a9607d76d81b96559b1b1635c474a2bee7b714bd2bdd30583fa42319fa4,128,"Carded yarn manufacturing; Cotton spun yarns made from purchased fiber; Cotton thread manufacturing; Crochet spun yarns (e.g., cotton, manmade fiber, silk, wool) made from purchased fiber; Embroidery spun yarns (e.g., cotton, manmade fiber, silk, wool) made from purchased fiber; Hard fiber thread manufacturing; Manmade staple spun yarns made from purchased fiber; Polypropylene filament yarn throwing, twisting, texturizing, or winding of purchased yarn; Silk throwing, spooling, twisting, or winding of purchased yarn",242,126,9,19
314999,examples,0b186c955bd757c9e10031dc7c16237ffd7614ab0f39b656450d50d0cb412154,128,"Art needlework contractors on apparel; Automotive pad and upholstery filling (except foam rubber and plastics) manufacturing; Bags, sleeping, manufacturing; Bindings, bias, made from purchased fabrics; Carpet cutting and binding; Crochet ware made from purchased materials; Hammocks, fabric, manufacturing; Laundry nets made from purchased materials; Luggage linings manufacturing; Mill menders, contract, woven fabrics; Padding and wadding (except nonwoven fabric) manufacturing; Ribbons made from purchased fabrics; Stitching, decorative and novelty, on textile articles and apparel; Textile fire hose made from purchased material",149,127,14,18
315120,examples,dfc13007a5e4a56afb1aa4c36aca49b43c511d4cd8cca9fde830d81002d0cbe3,128,"Athletic clothing made in apparel knitting mills; Body stockings made in apparel knitting mills; Chemises made in apparel knitting mills; Crew socks knitting or knitting and finishing; Pants, athletic, made in apparel knitting mills; Slacks, jean-cut casual, made in apparel knitting mills; Sweater vests made in apparel knitting mills; Tank tops, underwear, made in apparel knitting mills; Tennis skirts made in apparel knitting mills; Trousers made in apparel knitting mills; T-shirts, underwear, made in apparel knitting mills; Underwear made in apparel knitting mills; Uniforms, nontailored, made in apparel knitting mills",319,125,13,31
315210,examples,50ca64168d10deb4e13928fe5c17610ef4852a03d833e5d2ba99a84d86c041fb,128,"Apparel cut and sew contractors; Clothing, fur, cut and sew apparel contractors; Contractors, cut and sew apparel; Dress and semidress gloves cut and sew apparel contractors; Headbands cut and sew apparel contractors; Housecoats cut and sew apparel contractors; Scarves cut and sew apparel contractors; Slacks, jean-cut casual, cut and sew apparel contractors; T-shirts, underwear, cut and sew apparel contractors; Uniforms, team athletic, cut and sew apparel contractors; Waterproof outerwear cut and sew apparel contractors",921,121,11,75
315250,examples,7dbcbe615d4e0009ca59a07585169a90a08420c21c8b277dd639aec42e0d41da,128,"Athletic clothing, women's and girls', cut and sewn from purchased fabric (except apparel contractors); Coats, tailored, men's and boys', cut and sewn from purchased fabric (except apparel contractors); Jackets, fur (except apparel contractors), manufacturing; Pantsuits, women's, girls', and infants', cut and sewn from purchased fabric (except apparel contractors); Tank tops, underwear, men's and boys', cut and sewn from purchased fabric (except apparel contractors)",2254,114,5,96
315990,examples,57c7583f53ecbcb92f9c9cb1a4007f85497ae0dc32cc0b271e4134a70eb6ae56,128,"Apparel findings and trimmings cut and sewn from purchased fabric (except apparel contractors); Dress and semidress gloves cut and sewn from purchased fabric (except apparel contractors); Gloves, leather (except athletic, cut and sewn apparel contractors), manufacturing; Hat bodies (e.g., fur-felt, straw, wool-felt) cut and sewn from purchased fabric (except apparel contractors); Hats (except fur, knitting mill products, leather) cut and sewn from purchased fabric (except apparel contractors); Panama hats cut and sewn from purchased fabric (except apparel contractors)",357,128,6,17
316210,examples,f7ccb0cef6014a316e7193b8ca33d8bb30895086bd46c1e71d656b889c4548d1,128,"Boots, plastics or plastics soled fabric upper, manufacturing; Canvas shoes, plastics soled fabric upper, manufacturing; Children's shoes (except orthopedic extension) manufacturing; Dress shoes, women's, manufacturing; Footwear, children's, leather or vinyl upper with rubber or plastics soles, manufacturing; Footwear, men's (except orthopedic extension), manufacturing; Galoshes, rubber, or rubber soled fabric upper, manufacturing; Moccasins manufacturing; Shoes, rubber or rubber soled fabric upper, manufacturing; Slippers, ballet, manufacturing",313,126,10,27
316990,examples,0b584403717c792687bcc1be9f04ec8c71b91ee470ebf0b0b7900859e2e8e0ad,128,"Aprons for textile machinery, leather, manufacturing; Boxes, leather, manufacturing; Cigar cases (except metal) manufacturing; Cigarette cases (except metal) manufacturing; Desk sets, leather, manufacturing; Harnesses and harness parts, leather, manufacturing; Heel caps, leather or metal, manufacturing; Lifts, heel, leather, manufacturing; Riding crops manufacturing; Shanks, shoe, leather, manufacturing; Straps, leather, manufacturing; Straps, watch (except metal), manufacturing; Taps, shoe, leather, manufacturing; Toilet kits and cases (except metal) manufacturing; Wardrobe bags (i.e., luggage) manufacturing",319,128,15,35
321920,examples,63f5b2660ce9da0411450b4c932a1676676ccc607858ff6f682c29d9b4233d7a,128,"Ammunition boxes, wood, manufacturing; Berry crates, wood, wirebound, manufacturing; Boxes, wood, manufacturing; Chests for tools, wood, manufacturing; Chicken coops (i.e., crates), wood, wirebound for shipping poultry, manufacturing; Cooperage stock mills; Drums, shipping, wood, wirebound, manufacturing; Egg cases, wood, manufacturing; Flats, wood, greenhouse, manufacturing; Pails, plywood, manufacturing; Pallet parts, wood, manufacturing; Shipping crates, wood, manufacturing; Shook, box, manufacturing; Vegetable baskets, veneer and splint, manufacturing",173,128,14,19
321999,examples,e6e9a81764b46d837d7b36e2bb0349b6032196e9cc62f6db07552a77f5be4588,128,"Blocks, tackle, wood, manufacturing; Fencing, wood (except rough pickets, poles, and rails), manufacturing; Hangers, wooden, garment, manufacturing; Ladders, extension, wood, manufacturing; Last sole patterns, all materials, manufacturing; Oars, wood, manufacturing; Paddles, wood, manufacturing; Plugs, wood, manufacturing; Pulleys, wood, manufacturing; Shoe display forms, all materials, manufacturing; Stretchers, curtain, wood, manufacturing; Television cabinets (i.e., housings), wood, manufacturing; Yardsticks, wood, manufacturing",372,126,13,38
322120,examples,9496b6eed624249732d6cb3f45b78c4ade6312f9195678d526caec574482dcc6,128,"Absorbent paper stock manufacturing; Glassine wrapping paper made in paper mills; Groundwood paper, coated, laminated, or treated in paper mills; Groundwood paper, newsprint, made in paper mills; Kraft paper stock manufacturing; Newsprint paper, manufacturing; Paper mills, uncoated groundwood; Paper stock for conversion into paper products (e.g., bag and sack stock, envelope stock, tissue stock, wallpaper stock) manufacturing; Pulp mills producing newsprint paper; Pulp mills producing paper; Towels, paper, made in paper mills; Uncoated groundwood paper mills",151,124,12,15
322219,examples,b37ca0410e216459b2700e7efb3e9abaf7581417eb399814c3af77bc66cfcf2f,128,"Boxes, sanitary food (except folding), made from purchased paper or paperboard; Cartons, milk, made from purchased paper or paperboard; Fiber cans and drums (i.e., all-fiber, nonfiber ends of any material) made from purchased paperboard; Mailing cases and tubes, paper fiber (i.e., all-fiber, nonfiber ends of any material), made from purchased paperboard; Sanitary food containers (except folding) made from purchased paper or paperboard; Shoe boxes, setup, made from purchased paperboard",132,120,6,7
322220,examples,c080265d2f3f915228525d9390233715680e1822f0d949abc79978d4f54313f6,128,"Adhesive tape (except medical) made from purchased materials; Bags, multiwall, made from purchased uncoated paper; Bags, uncoated paper, made from purchased paper; Cardboard, laminated or surface coated, made from purchased paperboard; Foil bags made from purchased foil; Groundwood paper, coated, made from purchased paper; Laminating purchased foil sheets for nonpackaging applications; Laminating purchased paperboard; Laminating purchased papers for nonpackaging applications; Masking tape made from purchased paper; Pressure sensitive paper and tape (except medical) made from purchased materials; Surface coating purchased paperboard",140,127,12,13
323111,examples,24b437de1632a05e116926620d0a799d8f6e6d31248f600abdfc9ca56904e35c,128,"Advertising materials (e.g., coupons, flyers) commercial printing (except screen) without publishing; Atlases commercial printing (except screen) without publishing; Commercial gravure printing (except books); Diaries manufacturing; Flexographic printing (except books, grey goods); Job printing (except screen, books); Print shops, digital (except printing books); Printing manifold business forms; Printing, letterpress (except books, grey goods); Printing, photo-offset (except books, grey goods); Religious magazines and periodicals commercial printing (except screen) without publishing",416,122,11,32
323113,examples,5a5a798f931b06523c58917c08349da0c60ab1d907527780583ae0c67e6db8c0,128,"Business directories screen printing without publishing; Discount coupon books screen printing without publishing; Greeting cards (e.g., birthday, holiday, sympathy) screen printing without publishing; Music, sheet, screen printing without publishing; Printing, screen (except books, manifold business forms, grey goods); Professional magazines and periodicals screen printing without publishing; Religious magazines and periodicals screen printing without publishing; Scholarly journals screen printing without publishing; Scholastic magazines and periodicals screen printing without publishing; Technical magazines and periodicals screen printing without publishing; Telephone directories screen printing without publishing; Trade magazines and periodicals screen printing without publishing",153,123,12,16
323120,examples,01082a71f33ccfa0446091ab1021b13e8a722e59ef4df4ff2571abdb87f50a6c,128,"Dictionary binding without printing; Embossing plate preparation services; Flexographic plate preparation services; Letterpress plate preparation services; Photocomposition services, for the printing trade; Printing postpress services (e.g., beveling, bronzing, folding, gluing, edging, foil stamping) to printed products (e.g., books, cards, paper); Printing prepress services (e.g., color separation, imagesetting, photocomposition, typesetting); Technical manual paper (books) binding without printing",164,120,8,12
324110,examples,7d968649d4979610d30311b36dda51079761b397d33d0c59e3853f7806878ff2,128,"Coke, petroleum, made in petroleum refineries; Diesel fuels made in petroleum refineries; Gasoline made in petroleum refineries; Heating oils made in petroleum refineries; Hydraulic fluids made in petroleum refineries; Oils, fuel, manufacturing; Paraffin waxes made in petroleum refineries; Petrochemical feedstocks made in petroleum refineries; Petroleum coke made in petroleum refineries; Petroleum refineries; Propane gases made in petroleum refineries; Refineries, petroleum; Road oils made in petroleum refineries; Solvents made in petroleum refineries",139,127,14,15
325130,examples,21d47a90bb9c49af94b11d27c39e462241a8d2beb20720a6c86132c3fe4a45e9,128,"Arsenic based pigments manufacturing; Azo dyes manufacturing; Barytes based pigments manufacturing; Color pigments, inorganic (except bone black, carbon black, lamp black), manufacturing; Color pigments, organic (except animal black, bone black), manufacturing; Dyes, synthetic organic, manufacturing; Ferric oxide pigments manufacturing; Food coloring, synthetic, manufacturing; Inorganic pigments (except bone black, carbon black, lamp black) manufacturing; Mordant dyes manufacturing; Pigment, scarlet lake, manufacturing; Whiting manufacturing",179,115,12,19
325180,examples,0f329e5a64fe10e00c65dfbcd2174701c761100ac1a028fb6c4140d8c3b2b5b2,128,"Beryllium oxide manufacturing; Caustic potash manufacturing; Chlorine manufacturing; Dichromates manufacturing; Glauber's salt manufacturing; Hydrogen peroxide manufacturing; Manganese dioxide manufacturing; Oleum (i.e., fuming sulfuric acid) manufacturing; Phosphorus compounds, not specified elsewhere by process, manufacturing; Potassium carbonate manufacturing; Potassium inorganic compounds, not specified elsewhere by process, manufacturing; Sodium hydroxide (i.e., caustic soda) manufacturing; Sodium hypochlorite manufacturing; Sodium tetraborate manufacturing; Sodium thiosulfate manufacturing",463,126,15,59
32519,examples,079c6c07e30ca8c2fa8aab3b081c880f73d1bcfaec7cc20e4aa26058e5c56975,128,"Biodiesel fuels not made in petroleum refineries and not blended with petroleum; Carbon organic compounds, not specified elsewhere by process, manufacturing; Cyclic intermediates made from refined petroleum or natural gas (except aromatic petrochemicals); Enzyme proteins (i.e., basic synthetic chemicals) (except pharmaceutical use) manufacturing; Gum and wood chemicals manufacturing; Fatty acids (e.g., margaric, oleic, stearic) manufacturing; Plasticizers (i.e., basic synthetic chemical) manufacturing; Synthetic sweeteners (i.e., sweetening agents) manufacturing",144,128,8,10
325194,examples,e6d86d4c4b7f0f2b5c4cf59304dc5c8ea8afe1b77525edbcaa4ade3389e89048,128,"Acetone, natural, manufacturing; Azobenzene manufacturing; Cresylic acids made from refined petroleum or natural gas; Cyclic crudes made by distillation of coal tar; Gum and wood chemicals manufacturing; Isocyanates manufacturing; Mangrove extract manufacturing; Naphthol sulfonic acids manufacturing; Nitrophenol manufacturing; Oils, wood, made by distillation of wood; Pitch made by distillation of coal tar; Toluidines manufacturing; Turpentine made by distillation of pine gum or pine wood; Wood alcohol, natural, manufacturing; Wood oils manufacturing",268,128,15,30
325199,examples,9c32b5c22419075fc78535872f71b65bc383150be3ccb90f7e40931b63770680,128,"Esters, not specified elsewhere by process, manufacturing; Ethyl acetate, synthetic, manufacturing; Formaldehyde manufacturing; Geraniol manufacturing; Hexamethylenediamine manufacturing; Metallic soap manufacturing; Peroxides, organic, manufacturing; Phthalate acid manufacturing; Potassium bitartrate manufacturing; Propylene glycol manufacturing; Sebacic acid esters manufacturing; Sodium alginate manufacturing; Stearic acid manufacturing; Tridecyl alcohol manufacturing",445,101,14,47
325211,examples,f62f1c1527ef9c39e215d3773b5ce273cc69ab4c00396c790013c32604b4b658,128,"Allyl resins manufacturing; Cellulose propionate resins manufacturing; Cellulose resins manufacturing; Diisocyanate resins manufacturing; Epoxy resins manufacturing; Ester gum manufacturing; Methyl acrylate resins manufacturing; Nylon resins manufacturing; Petroleum polymer resins manufacturing; Phenoxy resins manufacturing; Polyester resins manufacturing; Polyhexamethylenediamine adipamide resins manufacturing; Polyvinyl halide resins manufacturing; Protein plastics manufacturing; Rosins (i.e., modified resins) manufacturing; Tar acid resins manufacturing",223,128,16,25
325220,examples,e925c03cbb26723c8e3625072e4724380b9a2fd7b47b0b4ea837097a00b5acf1,128,"Acetate fibers and filaments manufacturing; Casein fibers and filaments manufacturing; Cellulosic fibers and filaments manufacturing; Fibers and filaments, cellulosic, manufacturing and texturizing; Fibers and filaments, noncellulosic, manufacturing and texturizing; Noncellulosic fibers and filaments manufacturing; Polyolefin fibers and filaments manufacturing; Polyvinylidene chloride (i.e., saran) fibers and filaments manufacturing; Yarn, noncellulosic fiber and filament, manufacturing",186,124,9,15
325411,examples,f8781043618809f342e343edd6bfd0c0283d32a7e3b7e36513d36ad8005c1a5b,128,"Anticholinergics, uncompounded, manufacturing; Cortisone, uncompounded, manufacturing; Enzyme proteins (i.e., basic synthetic chemicals), pharmaceutical use, manufacturing; Magnesia, medicinal, uncompounded, manufacturing; Medicinal chemicals, uncompounded, manufacturing; Medicinal gelatins manufacturing; Morphine and derivatives (i.e., basic chemicals) manufacturing; Quinine and derivatives (i.e., basic chemicals) manufacturing; Strychnine and derivatives (i.e., basic chemicals) manufacturing",261,125,9,18
325412,examples,1df3992ff9d92e87bc4e44592dc7696b8f037deac601c8c2f69d454102be5d35,128,"Analgesic preparations manufacturing; Antiseptic preparations manufacturing; Antispasmodic preparations manufacturing; Cold remedies manufacturing; Diagnostic biological preparations (except in-vitro) manufacturing; Dietary supplements, compounded, manufacturing; Insulin preparations manufacturing; Intravenous (IV) solution preparations manufacturing; In-vivo diagnostic substances manufacturing; Nonprescription drug preparations manufacturing; Nuclear medicine (e.g., radioactive isotopes) preparations manufacturing; Sedative preparations manufacturing; Technetium medicinal preparations manufacturing; Tranquilizer preparations manufacturing; Vermifuge preparations manufacturing; Veterinary medicinal preparations manufacturing; Vitamin preparations manufacturing",163,127,17,22
325998,examples,b4445f29a73e01b3899b1e85d7473e3ce9e3c3ed943c87fec922898f10667df9,128,"Additive preparations for gasoline (e.g., antiknock preparations, detergents, gum inhibitors) manufacturing; Aerosol can filling on a job-order or contract basis; Concrete additive preparations (e.g., curing, hardening) manufacturing; Desalination kits manufacturing; Inhibitors (e.g., corrosion, oxidation, polymerization) manufacturing; Inks, writing, manufacturing; Sugar substitutes (i.e., synthetic sweeteners blended with other ingredients) made from purchased synthetic sweeteners; Transmission fluids, synthetic, manufacturing; Water, distilled, manufacturing",227,126,9,27
32619,examples,e5786dff7da4536b6881ae8ec44340a0f820e4934dd2a5cbc10369719c8c6f09,128,"Inflatable plastics swimming pool rafts and similar flotation devices manufacturing; Plastics air mattresses manufacturing; Plastics bottle caps and lids manufacturing; Plastics bowls and bowl covers manufacturing; Plastics clothes hangers manufacturing; Plastics cups (except foam) manufacturing; Plastics dinnerware (except foam) manufacturing; Plastics hardware manufacturing; Plastics ice chests or coolers (except plastics foam) manufacturing; Plastics or fiberglass plumbing fixtures (e.g., toilets, shower stalls, urinals) manufacturing; Plastics prefabricated buildings manufacturing; Resilient floor coverings (e.g., sheet, tiles) manufacturing",141,128,12,15
326199,examples,f5e64b68f3c2da5f33aeeb7d5b3dd68991a963637e562337e1fa6f8da1dba718,128,"Clothespins, plastics, manufacturing; Cultured marble products (except plumbing fixtures) manufacturing; Doors and door frames, plastics, manufacturing; Floor coverings, linoleum, manufacturing; Floor coverings, resilient, manufacturing; Floor coverings, rubber, manufacturing; Fruits and vegetables, artificial, plastics, manufacturing; Hardware, plastics, manufacturing; Ice chests or coolers, plastics (except plastics foam), manufacturing; Kitchen utensils, plastics, manufacturing; Reels, plastics, manufacturing; Tanks, storage, plastics or fiberglass, manufacturing; Windshields, plastics, manufacturing",239,123,13,25
327110,examples,412073a715871ca0426766556b5df89f4205442e5ac0605638b332ee9a9bd8dc,128,"China tableware, vitreous, manufacturing; Cooking ware, china, manufacturing; Electrical supplies, ceramic, manufacturing; Firing china for the trade; Garden pottery manufacturing; Handles, faucet, vitreous china and earthenware, manufacturing; Kitchen articles, coarse earthenware, manufacturing; Plumbing fixtures, vitreous china, manufacturing; Stoneware (i.e., pottery products) manufacturing; Textile guides, porcelain, manufacturing; Titania porcelain insulators manufacturing; Vases, pottery (e.g., china, earthenware, stoneware), manufacturing",246,124,12,22
327120,examples,c5059a332eef7c6886147ad795c0155141838e7d643144684701d025f496254d,128,"Castable refractories, clay, manufacturing; Coping, wall, clay, manufacturing; Mortars, clay refractory, manufacturing; Paving brick, clay, manufacturing; Refractories (e.g., block, brick, mortar, tile), clay, manufacturing; Stove lining, clay, manufacturing; Tile, ceramic wall and floor, manufacturing",196,78,7,15
327212,examples,46cba46a6a27c3b975cb0fb266db88d6c33d6ca78ecfd6c2b8a3da6568d80c07,128,"Ashtrays, glass, made in glass making plants; Blanks, ophthalmic lens and optical glass, made in glass making plants; Glass blanks for electric light bulbs made in glass making plants; Glass products (except packaging containers) made in a glass making plants; Glassware for industrial, scientific, and technical use made in glass making plants; Ornaments, Christmas tree, glass, made in glass making plants; Ovenware, glass, made in glass making plants; Stemware, glass, made in glass making plants; Teakettles, glass and glass ceramic, made in glass making plants",165,127,9,12
327215,examples,97a7eb2d45e750753378ae4bd461ea5ea7829f09c20906f0371fad0e0fef0d0a,128,"Christmas tree ornaments made from purchased glass; Electron tube parts, glass blanks, made from purchased glass; Glass products (except packaging containers) made from purchased glass; Industrial glassware made from purchased glass; Laboratory glassware (e.g., beakers, test tubes, vials) made from purchased glass; Lens blanks, optical and ophthalmic, made from purchased glass; Mirrors, framed (except automotive) or unframed, made from purchased glass; Safety glass (including motor vehicle) made from purchased glass; Stained glass products made from purchased glass; Technical glassware made from purchased glass",151,128,10,13
331110,examples,ebe7ef08a69c9db9598a54fabf1da4c0b0a3c9bb78f9afe666ef9f6e57108132,128,"Bars, iron, made in iron and steel mills; Ferrochromium manufacturing; Ferrotitanium manufacturing; Manganese metal ferroalloys manufacturing; Sheet pilings, plain, iron or steel, made in iron and steel mills; Spike rods made in iron and steel mills; Steel balls made in iron and steel mills; Tool steel made in iron and steel mills; Tube, iron or steel, made in iron and steel mills; Well casings, iron or steel, made in iron and steel mills; Wheels, car and locomotive, iron or steel, made in iron and steel mills",316,126,11,27
331318,examples,9b06ff9fa7a7075dda5d0ce6b239067441d0b556b0413217da3109a337e2c050,128,"Aluminum bar made by extruding purchased aluminum; Aluminum pipe made in integrated secondary smelting and extruding mills; Aluminum tube made by drawing or extruding purchased aluminum; Ingot made by rolling purchased aluminum; Tube, aluminum, made in integrated secondary smelting and drawing plants; Wire, armored, made in aluminum wire drawing plants",209,74,6,17
331420,examples,9a1f9d2de482a2d5ad1c534a625a353acf4bd935b3b70c4032b1664a3d4ec42d,128,"Paste made from purchased copper; Rod, copper and copper alloy, made from purchased copper or in integrated secondary smelting and rolling, drawing or extruding plants; Signal and control cable made from purchased copper in wire drawing plants; Strip, copper and copper alloy, made from purchased copper or in integrated secondary smelting and rolling, drawing or extruding plants; Wire cloth made from purchased copper in wire drawing plants; Wire, mechanical, copper and copper alloy, made from purchased copper or in integrated secondary smelting and rolling, drawing or extruding plants",295,119,6,15
331491,examples,2ee08396ee91618b58fa40d6796a13468a10d3ce628cad227d4e4af5f2413617,128,"Cord sets, flexible, nonferrous metals (except aluminum, copper), made from purchased nonferrous metals (except aluminum, copper) in wire drawing plants; Magnesium rolling, drawing, or extruding purchased metals or scrap; Nonferrous metal shapes (except aluminum, copper) made in integrated secondary smelting and rolling mills; Tubing, nonferrous metals (except aluminum, copper), made from purchased metals or scrap; Wire screening, nonferrous metals (except aluminum, copper), made from purchased nonferrous metals (except aluminum, copper) in wire drawing plants",412,126,5,18
331492,examples,5c29efbc5717be4958a179a9e094b611eecc4abebdedd227fbdbc7f136cea625,128,"Detinning scrap (e.g., cans); Ingot, nonferrous metals (except aluminum, copper), secondary smelting and refining; Magnesium recovering from scrap and/or alloying purchased metals; Metal powder and flake nonferrous (except aluminum, copper) made from purchased metal; Nonferrous metals (except aluminum, copper) secondary smelting and refining; Paste, nonferrous metals (except aluminum, copper), made from purchased metal; Recovering silver from used photographic film or X-ray plates; Silver recovering from scrap and/or alloying purchased metals",157,127,8,10
332216,examples,6d310e53c066eac834120a9fb2145f5e252a9b4e8ef603802bd9f52a5b6b3301,128,"Agricultural handtools (e.g., hay forks, hoes, rakes, spades), nonpowered, manufacturing; Blades, saw, all types, manufacturing; Clippers for animal use, nonelectric, manufacturing; Cutters, glass, manufacturing; Edge tools, woodworking (e.g., augers, bits, countersinks), manufacturing; Handtools, machinists' precision, manufacturing; Jacks (except hydraulic, pneumatic) manufacturing; Screwjacks manufacturing; Soldering guns and irons, handheld (including electric), manufacturing",395,126,9,33
332313,examples,37ac5b4a856f13bb42856c645312c28da3084cf2e5062c77d7e0fcbbafe70a05,128,"Buoys, fabricated plate work metal, manufacturing; Culverts, fabricated metal plate work, manufacturing; Cupolas, fabricated metal plate work, manufacturing; Floating covers, fabricated metal plate work, manufacturing; Hoods, industrial, fabricated metal plate work, manufacturing; Penstocks, fabricated metal plate, manufacturing; Plate work (e.g., bending, cutting, punching, shaping, welding), fabricated metal, manufacturing; Smokestacks, fabricated metal boiler plate, manufacturing; Space simulation chambers, fabricated metal plate work, manufacturing; Troughs, industrial, fabricated metal plate work, manufacturing",147,125,10,12
332322,examples,00930d8b39f2501f8f09c6d5a61df387eb1a4ff4916fa4b1ddbb83ef6c792896,128,"Air cowls, sheet metal (except stampings), manufacturing; Cowls, sheet metal (except stampings), manufacturing; Door hoods, sheet metal (except stampings), manufacturing; Elbows for conductor pipe, hot air ducts, and stovepipe, sheet metal (except stampings), manufacturing; Flumes, sheet metal (except stampings), manufacturing; Gutters, sheet metal (except custom roll formed), manufacturing; Highway guardrails, sheet metal (except stampings), manufacturing; Troughs, elevator, sheet metal (except stampings), manufacturing",193,125,8,13
332618,examples,932d232068d256bf8a402695231732a97c5cc370911ee8617ca15622816aec57,128,"Barbed wire made from purchased wire; Can keys made from purchased wire; Concrete reinforcing mesh made from purchased wire; Mesh made from purchased wire; Nails, brads, and staples made from purchased wire; Racks, household-type, made from purchased wire; Rope, wire, made from purchased wire; Sieves, made from purchased wire, manufacturing; Slings, lifting, made from purchased wire; Staples made from purchased wire; Tacks, metal, made from purchased wire; Trays, wire, made from purchased wire; Window screening, woven, made from purchased wire",146,121,13,16
332992,examples,ea71072d792e6dddda0c29395a1ff0ee92a53ce227fa87cfe42e3850a37a51e4,128,"Bullet jackets and cores (i.e., 30 mm. or less, 1.18 inch or less) manufacturing; Cartridges (i.e., 30 mm. or less, 1.18 inch or less) manufacturing; Cores, bullet (i.e., 30 mm. or less, 1.18 inch or less), manufacturing; Paper shells (i.e., 30 mm. or less, 1.18 inch or less) manufacturing; Small arms ammunition (i.e., 30 mm. or less, 1.18 inch or less) manufacturing",129,122,5,6
332999,examples,96bac42f2a88ce946cb552bd005fab4421de9fe0d22b3d79fbca72e626fb26d9,128,"Badges, metal, manufacturing; Drain plugs, magnetic, metal, manufacturing; Ecclesiastical ware, precious plated metal, manufacturing; Foundry pattern making; Fountains, drinking (except mechanically refrigerated), metal, manufacturing; Frames, metal, umbrella and parasol, manufacturing; Ironing boards, metal, manufacturing; Ladders, portable metal, manufacturing; Safes, metal, manufacturing; Scouring pads, soap impregnated, manufacturing; Shower rods, metal, manufacturing; Sinks, metal, manufacturing; Steel wool manufacturing; Stepladders, metal, manufacturing; Water closets, metal, manufacturing",306,128,15,35
333111,examples,597b67ffb9fc9a03676e774ee0864a40cbe0eaea64f226636abcef26990c84a6,128,"Combines (i.e., harvester-threshers) manufacturing; Cotton ginning machinery manufacturing; Feed processing equipment, farm-type, manufacturing; Fertilizing machinery, farm-type, manufacturing; Grass mowing equipment (except lawn and garden) manufacturing; Hay balers and presses manufacturing; Peanut combines (i.e., diggers, packers, threshers) manufacturing; Poultry brooders, feeders, and waterers manufacturing; Rotary tillers, farm-type, manufacturing; Seeders, farm-type, manufacturing; Tractors and attachments, farm-type, manufacturing",183,127,11,20
333120,examples,9d0b15cfd7d1b33cc7fe5b8c5b8c707273ce378e2634020a9f19cb26855a9171,128,"Aggregate spreaders manufacturing; Buckets, excavating (e.g., clamshell, concrete, drag scraper, dragline, shovel), manufacturing; Construction machinery manufacturing; Construction-type tractors and attachments manufacturing; Ditchers and trenchers, self-propelled, manufacturing; Draglines, crawler, manufacturing; Dredging machinery manufacturing; Graders, road, manufacturing; Mortar mixers, portable, manufacturing; Post hole diggers, powered, manufacturing; Rock crushing machinery, portable, manufacturing; Scrapers, construction-type, manufacturing; Tractors and attachments, construction-type, manufacturing",170,127,13,18
333241,examples,0b937ada3b57c328a91a5a4067e0c05c3031ce5c434f306e306ed2880541016e,128,"Bakery machinery and equipment manufacturing; Condensed and evaporated milk machinery manufacturing; Dairy product plant machinery and equipment; Food choppers, grinders, mixers, and slicers (i.e., food manufacturing-type) manufacturing; Food dehydrating equipment (except household-type) manufacturing; Ice cream making machinery manufacturing; Meat and poultry processing and preparation machinery; Meat grinders, food-type, manufacturing; Pasta making machinery (i.e., food manufacturing-type) manufacturing; Slicing machinery (i.e., food manufacturing-type) manufacturing; Stuffer, sausage machinery, manufacturing",140,128,11,13
333248,examples,36090b1b58490248d61e0caf6e4d1d44b1242d022737e44fe25e53423a4f50c7,128,"Anodizing equipment manufacturing; Bindery machinery manufacturing; Bleaching machinery for textiles manufacturing; Cigarette making machinery manufacturing; Circular knitting machinery manufacturing; Clayworking and tempering machinery manufacturing; Collating machinery for printing and bookbinding manufacturing; Compression molding machinery for plastics manufacturing; Concrete products forming machinery manufacturing; Linotype machines manufacturing; Loopers for textiles manufacturing; Metal casting machinery and equipment manufacturing; Net and lace making machinery manufacturing; Presses, printing, manufacturing; Printing plate engraving machinery manufacturing; Roving machinery for textiles manufacturing; Tannery machinery manufacturing; Thread making machinery manufacturing; Wood drying kilns manufacturing",306,126,19,39
333310,examples,b58eb6f7b6bdbec850d5a86e77c484ecb4cef19ff95bb56da11cdfa2a3ead1ce,128,"Binoculars manufacturing; Carpet sweepers, mechanical, manufacturing; Developing equipment, film, manufacturing; Envelope stuffing, sealing, and addressing machinery manufacturing; Glasses, field or opera, manufacturing; Gun sighting and fire control equipment and instruments, optical, manufacturing; Gun sights, optical, manufacturing; Mechanisms for coin- or card-operated machines manufacturing; Mirrors, optical, manufacturing; Periscopes manufacturing; Postage meters manufacturing; Ranges, commercial-type, manufacturing; Steam tables manufacturing; Telescopes manufacturing; Tripods, camera and projector, manufacturing; Vending machines manufacturing; Water softening equipment manufacturing; Water treatment equipment manufacturing",399,127,18,45
333515,examples,3d8c5ea4b36aceba41bca1815068e3f771042cc62119b5d5ea868f26be601a19,128,"Bits and knives for metalworking lathes, planers, and shapers manufacturing; Chucks (i.e., a machine tool accessory) manufacturing; Counterbores (i.e., a machine tool accessory), metalworking, manufacturing; Dies and taps (i.e., a machine tool accessory) manufacturing; Measuring attachments (e.g., sine bars) for machine tool manufacturing; Pushers (i.e., a machine tool accessory) manufacturing; Sine bars (i.e., a machine tool accessory) manufacturing",180,120,7,11
333517,examples,a1e4a4d40f4fe85a03c4707cbf3d631331e00ef19174a91c5258533bf4eb0a5b,128,"Cutting machines, metalworking, manufacturing; Die-casting machines, metalworking, manufacturing; Electrolytic metal cutting machines manufacturing; Extruding machines, metalworking, manufacturing; Machine tools, metal forming, manufacturing; Metal cutting machine tools manufacturing; Milling machines, metalworking, manufacturing; Plasma jet spray metal forming machines manufacturing; Press brakes, metalworking, manufacturing; Riveting machines, metalworking, manufacturing; Sawing machines, metalworking, manufacturing; Shaving machines, metalworking, manufacturing; Tapping machines, metalworking, manufacturing; Thread rolling machines, metalworking, manufacturing",261,122,14,27
334510,examples,82c4f23e184a0bb074cd04961c9a4ecd6714f2e80963e732f9984d8e0871a4cd,128,"Bronchoscopes, electromedical, manufacturing; Cardioscope manufacturing; Diagnostic equipment, electromedical, manufacturing; Diagnostic equipment, MRI (magnetic resonance imaging), manufacturing; Electromyographs manufacturing; Electrosurgical units manufacturing; Endoscopic equipment, electromedical (e.g., bronchoscopes, colonoscopes, cystoscopes), manufacturing; Laser systems and equipment, medical, manufacturing; Lithotripters manufacturing; PET (positron emission tomography) scanners manufacturing; TENS (transcutaneous electrical nerve stimulator) manufacturing",179,128,11,17
334511,examples,7f3bce9e8ec48cd450582723aa5008131482c937a1e5cd000532023a3f95f5ba,128,"Air traffic control radar systems and equipment manufacturing; Altimeters, aeronautical, manufacturing; Fish finders (i.e., sonar) manufacturing; Horizon situation instrumentation manufacturing; Inertial navigation systems, aeronautical, manufacturing; Instruments, aeronautical, manufacturing; Machmeters manufacturing; Nautical systems and  instruments manufacturing; Position indicators (e.g., for landing gear, stabilizers), airframe equipment, manufacturing; Radio magnetic instrumentation (RMI) manufacturing; Speed, pitch, and roll navigational instruments and systems manufacturing; Taffrail logs manufacturing; Wheel position indicators and transmitters, aircraft, manufacturing",157,124,13,17
334512,examples,ef49d63feff7d362457403c1538ac35cf78fc4b45830de8b197067abf1c1e7e1,128,"Building services monitoring controls, automatic, manufacturing; Fan controls, temperature responsive, manufacturing; Heating and cooling system controls, residential and commercial, manufacturing; Heating regulators manufacturing; Hydronic limit, pressure, and temperature controls, manufacturing; Incinerator control systems, residential and commercial-type, manufacturing; Pressure controllers, air-conditioning system-type, manufacturing; Primary oil burner controls (e.g., cadmium cells, stack controls) manufacturing; Refrigeration/air-conditioning defrost controls manufacturing; Switches, thermostatic, manufacturing; Thermocouples, glass vacuum, manufacturing",178,128,11,17
334513,examples,aed1ef0609dc9fa58d96c83bccc532b3e7b12024591ee78b2a917abfeacc52c6,128,"Combustion control instruments (except commercial, household furnace-type) manufacturing; Display instruments, industrial process control-type, manufacturing; Electrolytic conductivity instruments, industrial process-type, manufacturing; Gas analyzers, industrial process-type, manufacturing; Pressure instruments, industrial process-type, manufacturing; Telemetering instruments, industrial process-type, manufacturing; Thermometers, filled system industrial process-type, manufacturing; Transmitters, industrial process control-type, manufacturing; Turbine flow meters, industrial process-type, manufacturing; Viscosimeters, industrial process-type, manufacturing",292,121,10,22
334515,examples,9faa6ff020d9a2df022a3ab3c0174094752fa462eb124d280ebf7458a290c950,128,"Automotive ammeters and voltmeters manufacturing; Battery testers, electrical, manufacturing; Communications signal testing and evaluation equipment manufacturing; Decade boxes (i.e., capacitance, inductance, resistance) manufacturing; Energy measuring equipment, electrical, manufacturing; Function generators manufacturing; Instruments, electric (i.e., testing electrical characteristics), manufacturing; Oscilloscopes manufacturing; Radiofrequency oscillators manufacturing; Resistance measuring equipment manufacturing; Shunts, instrument, manufacturing; Spark plug testing instruments, electric, manufacturing; Synchroscopes manufacturing",251,125,13,26
334516,examples,6c9a88b01f987e9392eb00f7f4d597b29a39e8fe85f48d7cc4f744a076138730,128,"Densitometers, laboratory analytical, manufacturing; Electrolytic conductivity instruments, laboratory-type, manufacturing; Electron microprobes, laboratory-type, manufacturing; Electron microscopes manufacturing; Gas analyzers, laboratory-type, manufacturing; Hematology instruments manufacturing; Immunology instruments, laboratory, manufacturing; Infrared analytical instruments, laboratory-type, manufacturing; Magnetic resonance imaging (MRI) type apparatus (except medical diagnostic) manufacturing; Polariscopes manufacturing; Thermogravimetric analyzers manufacturing; Turbidometers, laboratory-type, manufacturing; Ultraviolet-type analytical instruments manufacturing",181,127,13,19
334519,examples,5278a882c1444303ec4a29c932f15a673326e7a2b4d4c21de6a987bd1dff3d62,128,"Accelerometers (except aerospace type) manufacturing; Alarm clocks manufacturing; Appliance timers manufacturing; Barographs manufacturing; Dating devices and machines (except rubber stamps) manufacturing; Detectors, scintillation, manufacturing; Fuel densitometers, aircraft engine, manufacturing; Fuel system instruments, aircraft, manufacturing; Gas leak detectors manufacturing; Level gauges, radiation-type, manufacturing; Nephoscopes manufacturing; Pressure transducers manufacturing; Scalers, nuclear radiation, manufacturing; Surveying instruments manufacturing; Time stamps containing clock mechanisms manufacturing; Torsion testing equipment manufacturing; Watchcase manufacturing",284,128,17,35
335139,examples,2bfb2b22111f0a6e22881c5f1b0abed1b8c4f4cef66e590f192eef90ac4829fd,128,"Arc lighting fixtures (except electrotherapeutic), electric, manufacturing; Electric lamp bulb parts (except glass blanks and light emitting diodes (LEDs)) manufacturing; Electrodes, cold cathode fluorescent lamp, manufacturing; Floodlights (i.e., lighting fixtures) manufacturing; Fluorescent lamp electrodes, cold cathode, manufacturing; Incandescent filament lamp bulbs, complete, manufacturing; Mercury halide lamp bulbs manufacturing; Photoflash and photoflood lamp bulbs and tubes manufacturing; Prewired poles, brackets, and accessories for electric lighting, manufacturing",186,126,9,19
335210,examples,70bf7b9580026cf62748f292e009779d4554a75c6f5bf07d200cb21b9688cf0d,128,"Air purification equipment, portable, manufacturing; Bath fans, residential, manufacturing; Blenders, household-type electric, manufacturing; Desk fans, electric, manufacturing; Hair curlers, household-type electric, manufacturing; Hassock fans, electric, manufacturing; Hoods, range, household-type, manufacturing; Ovens, portable household-type (except microwave and convection ovens), manufacturing; Percolators, household-type electric, manufacturing; Room heaters, portable electric, manufacturing; Sandwich toasters and grills, household-type electric, manufacturing; Urns, household-type electric, manufacturing",285,128,12,27
337122,examples,d8b3eca96d7b915397dd56996406c414158114312c6fb2de3a3fc46c0c23a0c2,128,"Beds (except hospital), wood household-type, manufacturing; Cribs (i.e., baby beds), wood, manufacturing; Furniture, wood household-type, not upholstered (except TV and radio housings, and sewing machine cabinets), manufacturing; Hammocks, wood framed, manufacturing; Kitchen chairs (e.g., upholstered), wood, manufacturing; Nonupholstered, household-type, custom wood furniture, manufacturing; Playpens, children's wood, manufacturing; Room dividers, wood household-type, manufacturing",220,123,8,17
337126,examples,339403c5c3feca9705d426dece0f3ec6cde566d726c00d2ba0ab2152d8e6af02,128,"Beds (including cabinet and folding), metal household-type (except hospital), manufacturing; Camp furniture, reed and rattan, manufacturing; Chairs, metal household-type (except upholstered), manufacturing; Cots, metal household-type, manufacturing; Hammocks, metal framed, manufacturing; Kitchen furniture, metal household-type, manufacturing; Medicine cabinets, metal household-type, manufacturing; Reed furniture (except upholstered), household-type, manufacturing; Stools, metal household-type (except upholstered), manufacturing; Water bed frames, metal, manufacturing",196,125,10,17
339113,examples,b09f3ba20de67f088af9485a915f12c0d3f0c2a149d003f4d03a1f9c7c2a8887,128,"Adhesive tape, medical, manufacturing; Beds, hospital, manufacturing; Biohazard protective clothing and accessories manufacturing; Corsets, surgical, manufacturing; Dressings, surgical, manufacturing; Dryers, laboratory-type, manufacturing; Elastic hosiery, orthopedic, manufacturing; Hard hats manufacturing; Infant incubators manufacturing; Limbs, artificial, manufacturing; Metal fabric and mesh safety gloves manufacturing; Noise protectors, personal, manufacturing; Stretchers, medical, manufacturing; Surgical and medical masks manufacturing; Tapes, medical adhesive, manufacturing; Tongue depressors manufacturing; Ultrasonic medical cleaning equipment manufacturing",201,128,17,25
339920,examples,a859fe5bd87edccd70cb81c8c51fdf7e9ccb28b50f6d25ac0930696f8973f680,128,"Bags, golf, manufacturing; Basketball equipment and supplies (except footwear, uniforms) manufacturing; Bobsleds manufacturing; Flies, artificial fishing, manufacturing; Gloves, sport and athletic (e.g., baseball, boxing, racquetball, handball), manufacturing; Protectors, sports (e.g., baseball, basketball, hockey), manufacturing; Reels, fishing, manufacturing; Rods and rod parts, fishing, manufacturing; Skates and parts, ice and roller, manufacturing; Snowshoes manufacturing; Tennis goods (e.g., balls, frames, rackets) manufacturing",176,127,11,17
339940,examples,8ce6354f47ef786b5bf6be54819a1505b0963a8d179eb01f0d34c52db57add1a,128,"Artist's paint manufacturing; Artist's supplies (except paper) manufacturing; Carbon paper manufacturing; Frames for artist's canvases (i.e., stretchers) manufacturing; Holepunchers, hand operated, manufacturing; Marker boards (i.e., whiteboards) manufacturing; Marking devices manufacturing; Mechanical pencils manufacturing; Paper, carbon, manufacturing; Pencil leads manufacturing; Pencil sharpeners manufacturing; Ribbons, inked, manufacturing; Stencil paper manufacturing; Stencils for painting and marking (e.g., cardboard, metal) manufacturing; Tape dispensers manufacturing",136,127,15,17
339999,examples,207178b7aeb8ac9c5908a728fb47533035762d37268c385133aec9fdd0f831b4,128,"Amusement machines, coin- or card-operated, manufacturing; Canes (except orthopedic) manufacturing; Fire extinguishers, portable, manufacturing; Frames, mirror and picture, all materials, manufacturing; Hairpieces (e.g., toupees, wigs, wiglets) manufacturing; Lighters, cigar and cigarette (except motor vehicle, precious metal), manufacturing; Marionettes (i.e., puppets) manufacturing; Ornaments, Christmas tree (except electric, glass), manufacturing; Wax figures (i.e., mannequins) manufacturing",171,125,9,17
423440,examples,196b211c2335e328f1b2bbf23892d33cf30436bdf0121bfe91f4b54b52d640c4,128,"Dishes, commercial (except paper and disposable plastics), merchant wholesalers; Food service equipment (except refrigerated), commercial, merchant wholesalers; Garbage disposal units, commercial-type, merchant wholesalers; Ovens, commercial-type, merchant wholesalers; Pans, commercial, merchant wholesalers; Restaurant equipment (except furniture) merchant wholesalers; Showcases (except refrigerated) merchant wholesalers; Soda fountain fixtures (except refrigerated) merchant wholesalers; Store fixtures (except refrigerated) merchant wholesalers; Vending machines merchant wholesalers",135,126,10,11
423510,examples,4251c84c60d036f25c848ba2bc2bd10df13b86a1d68e0604d5e9ba0d6ba81255,128,"Aluminum and aluminum alloy primary forms merchant wholesalers; Aluminum foil, plate, sheet, coil, and roll products merchant wholesalers; Copper and copper alloy primary forms merchant wholesalers; Ferrous metals merchant wholesalers; Forgings, metal, merchant wholesalers; Pipe, metal, merchant wholesalers; Reinforcement mesh and wire merchant wholesalers; Rods, metal (except precious), merchant wholesalers; Spikes, metal, merchant wholesalers; Steel wool merchant wholesalers; Tanks, storage metal, merchant wholesalers; Tin plate merchant wholesalers; Wire and cable (except electrical) merchant wholesalers",168,125,13,18
423610,examples,2eada6e3d6f83b4f4213560bd94c7e8d9feed31230ba55c031ddeceb778396ab,128,"Alarm apparatus, electric, merchant wholesalers; Batteries (except automotive) merchant wholesalers; Bus bars and trolley ducts merchant wholesalers; Circuit breakers merchant wholesalers; Coaxial cable merchant wholesalers; Distribution equipment, electrical, merchant wholesalers; Flashlights merchant wholesalers; Generators, electrical (except motor vehicle), merchant wholesalers; Industrial controls, electrical, merchant wholesalers; Lightning arrestors merchant wholesalers; Meters, electrical, merchant wholesalers; Regulators, voltage (except motor vehicle), merchant wholesalers; Security systems merchant wholesalers; Wire, insulated, merchant wholesalers",145,125,14,16
423620,examples,b8d2b1f4775831347c0d90f6e09047ad48fa2447828ca20fbb771e327a8a77ff,128,"Compact disc players merchant wholesalers; Housewares, gas and electric, merchant wholesalers; Laundry machinery and equipment, household-type (e.g., dryers, washers), merchant wholesalers; Razors, electric, merchant wholesalers; Refrigerators, household-type, merchant wholesalers; Smoke detectors, household-type, merchant wholesalers",210,78,6,17
423690,examples,d817d4135e2ea2110b012695373fa9db7f663afcfff6dbb4b3144aea7ed8177b,128,"Automatic call distributors merchant wholesalers; Blank tapes, audio and video, merchant wholesalers; Broadcasting equipment merchant wholesalers; Cellular telephones merchant wholesalers; Circuits, integrated, merchant wholesalers; Communications equipment merchant wholesalers; Computer chips merchant wholesalers; Electronic aircraft instruments merchant wholesalers; Magnetic bubble memories merchant wholesalers; Radio parts and accessories (e.g., transistors, tubes) merchant wholesalers; Routers merchant wholesalers; Tapes, blank, audio and video, merchant wholesalers; Telephone equipment merchant wholesalers; Transistors merchant wholesalers; Unloaded computer boards merchant wholesalers",178,127,15,20
423830,examples,b0b72b1b398b29d8df28dc8e0abc1c31ba0b65a55f3c91a2a5007d95243e201b,128,"Conveying equipment (except farm) merchant wholesalers; Elevators merchant wholesalers; Foundry machinery and equipment merchant wholesalers; Hydraulic pumps and parts merchant wholesalers; Machine tools and accessories merchant wholesalers; Manufacturing machinery and equipment, industrial, merchant wholesalers; Metalworking machinery and equipment merchant wholesalers; Oil field equipment merchant wholesalers; Pollution control equipment (except air) merchant wholesalers; Saws, industrial, merchant wholesalers; Screening machinery and equipment, industrial, merchant wholesalers; Turbines (except transportation) merchant wholesalers; Twist drills merchant wholesalers; Welding machinery and equipment merchant wholesalers",344,124,14,35
423840,examples,c2c600346215615c0f668cb66121b34a31fbb41f72c87e8172e2355c3945abae,128,"Barrels, new and reconditioned, merchant wholesalers; Bearings merchant wholesalers; Containers, industrial, merchant wholesalers; Cooperage stock merchant wholesalers; Cordage merchant wholesalers; Diamonds, industrial, merchant wholesalers; Gears merchant wholesalers; Industrial leather products merchant wholesalers; Inks, printing, merchant wholesalers; Mechanical power transmission supplies (e.g., gears, pulleys, sprockets) merchant wholesalers; Packaging materials merchant wholesalers; Refractory materials (e.g., block, brick, mortar, tile) merchant wholesalers",173,123,12,18
423990,examples,02ca8e2c80486f2dec2db0985def49c5b26aa2d1d6a81c276143a58fce6aea09,128,"Ammunition (except sporting) merchant wholesalers; Fire extinguishers merchant wholesalers; Forest products (except lumber) merchant wholesalers; Guns (except sporting) merchant wholesalers; Musical recordings (e.g., compact discs, records, tapes) merchant wholesalers; Ordnance and accessories merchant wholesalers; Railroad ties, wood, merchant wholesalers; Roundwood merchant wholesalers; Safety deposit boxes merchant wholesalers; Tapes, prerecorded, audio or video, merchant wholesalers; Wood products (e.g., chips, posts, shavings, ties) merchant wholesalers",137,125,11,13
424130,examples,9c3b60b77e23027a723b57500db53fc26b95275e76de09ff730588720c47451c,128,"Closures, paper and disposable plastics, merchant wholesalers; Diapers, disposable, merchant wholesalers; Dishes, paper and disposable plastics, merchant wholesalers; Disposable plastics products (e.g., boxes, cups, cutlery, dishes, sanitary food containers) merchant wholesalers; Gummed tapes (except cellophane) merchant wholesalers; Pressed and molded pulp goods (e.g., egg cartons, shipping supplies) merchant wholesalers; Shipping supplies, paper and disposable plastics, merchant wholesalers",192,123,7,12
424210,examples,2ab10c87f0449001581853e517001c95927f6e12e2b93d32faf463bfaa146063,128,"Blood derivatives merchant wholesalers; Blood plasma merchant wholesalers; Botanical drugs and herbs merchant wholesalers; Dietary supplements merchant wholesalers; Endocrine substances merchant wholesalers; First-aid supplies, household, merchant wholesalers; Gauze merchant wholesalers; Hand sanitizers merchant wholesalers; Plasmas, blood, merchant wholesalers; Radioactive pharmaceutical isotopes merchant wholesalers; Razor blades merchant wholesalers; Razors (except electric) merchant wholesalers; Salts, bath, merchant wholesalers; Skin care preparations merchant wholesalers; Toothbrushes (except electric) merchant wholesalers; Toothpastes merchant wholesalers",135,128,16,17
424350,examples,5fc32119c263dde21371ac6d831369063587dd835be869ab342973d41fecb979,128,"Baby and infant high chairs merchant wholesalers; Clothing, men's and boys', merchant wholesalers; Fur clothing merchant wholesalers; Gloves, men's and boys', merchant wholesalers; Outerwear, women's, children's, and infants', merchant wholesalers; Sleepwear, men's and boys', merchant wholesalers; Socks, men's and boys', merchant wholesalers; Strollers merchant wholesalers; Waterproof garments, men's and boys', merchant wholesalers; Work clothing, men's and boys', merchant wholesalers",238,125,10,18
424490,examples,8a51b8becbed88cc51de7a89d47a9fcb6a1c88cf61bf5e7afaad37a768971410,128,"Bakery products (except frozen) merchant wholesalers; Breakfast cereals merchant wholesalers; Chocolate coatings merchant wholesalers; Cornmeal, edible, merchant wholesalers; Flavoring extracts (except for fountain use) merchant wholesalers; Meats, canned, merchant wholesalers; Milk, canned or dried, merchant wholesalers; Nondairy creamers merchant wholesalers; Pizzas (except frozen) merchant wholesalers; Rice, polished, merchant wholesalers; Salad dressings merchant wholesalers; Spaghetti merchant wholesalers; Sugar, refined, merchant wholesalers; Tea merchant wholesalers; Yeast merchant wholesalers",205,126,15,24
424690,examples,7f25cf5c7a0070ee5c87e1157f4652479dfd953ac782896c0cfef06102831876,128,"Biodiesel, not blended with petroleum, merchant wholesalers; Bleaches merchant wholesalers; Caustic soda merchant wholesalers; Chemicals (except agriculture) (e.g., automotive, household, industrial, photographic) merchant wholesalers; Coal tar products, primary and intermediate, merchant wholesalers; Detonators (except ammunition) merchant wholesalers; Ice, dry, merchant wholesalers; Medical gases merchant wholesalers; Oil additives merchant wholesalers; Oil drilling muds merchant wholesalers; Organic chemicals merchant wholesalers; Sealants merchant wholesalers; Synthetic rubber merchant wholesalers",231,124,13,25
424990,examples,fa9a3f436901ae98b850349daab5fe4e67ea969e5e77e90411b8b44f63d94454,128,"Bait, live, merchant wholesalers; Clothes hangers merchant wholesalers; Cotton (except raw) merchant wholesalers; Crude rubber merchant wholesalers; Curios merchant wholesalers; Dressed furs and skins merchant wholesalers; Hairpieces (e.g., toupees, wigs, wiglets) merchant wholesalers; Leather cut stock (except boot, shoe) merchant wholesalers; Piece goods, burlap and felt, merchant wholesalers; Statuary (except religious) merchant wholesalers; Tents (except camping) merchant wholesalers; Yarns, industrial, merchant wholesalers",186,126,12,22
513120,examples,5fcb10131adc2664f33a0bd9eae4421b5bee843e7c297f5d9c0d89fdaf3be96d,128,"Magazine publishers (except exclusive Internet publishing); Periodical publishers and printing combined; Publishers, periodical; Radio schedule publishers; Religious magazine and periodical publishers; Scholarly journal publishers and printing combined; Scholastic magazine and periodical publishers; Technical magazine and periodical publishers and printing combined; Trade journal publishers, exclusively on Internet",195,62,9,27
513130,examples,57b8a763e311c5a902bd0c6c8bcb11c9c6b92ffff8b9a95afea8705a48e3cfb0,128,"Atlas publishers; Book publishers, exclusively on Internet; Fiction book publishers (except exclusive Internet publishing); Guide, street map, publishers and printing combined; Map publishers; Pamphlet publishers",189,39,6,25
513199,examples,d9ad50832536a33e881234c59ba988b918fa0f0314e7930b771980e8eeae8371,128,"Art print publishers; Calendar publishers and printing combined; Catalog (i.e., mail-order, store merchandise) publishers and printing combined; Discount coupon book publishers and printing combined; Pattern and plan (e.g., clothing patterns) publishers, exclusively on Internet; Poster publishers (except exclusive Internet publishing); Poster publishers, exclusively on Internet; Publishers, Internet racing form; Racetrack program publishers; Racing form publishers (except exclusive Internet publishing)",135,95,10,15
531120,examples,7f7f73a2f587e6cac0b87caea210991822f63584dc3f9ad732d9ec87814d8830,128,"Building, nonresidential (except miniwarehouse), rental or leasing; Concert hall, no promotion of events, rental or leasing; Executive suites (i.e., full service office space provision); Exhibition hall, no promotion of events, rental or leasing; Full service office space provision; Hall and banquet room, nonresidential, rental or leasing; Hotel building rental or leasing, not operating hotel; Lessors of nonresidential buildings (except miniwarehouses); Nonresidential building (except miniwarehouse) rental or leasing; Professional office building rental or leasing",137,126,10,12
541715,examples,e7fa33803b8ab1dd3dc8b68311b88a6712c5aa8343ba47e5802acc94ede16941,128,Agriculture research and development laboratories or services (except biotechnology and nanotechnology research and development); Entomological research and development laboratories or services (except biotechnology and nanotechnology research and development); Forestry research and development laboratories or services; Mathematics research and development laboratories or services; Medical research and development laboratories or services (except biotechnology and nanotechnology research and development); Oceanographic research and development laboratories or services; Photonics research and development services (except nanotechnology research and development); Physics research and development laboratories or services (except nanotechnology research and development),142,120,8,10
621111,examples,d0578b716d4fb02c984a14b0f91beaf0aad2a8169c7ab7faffc7b788a8453e09,128,"Anesthesiologists' offices (e.g., centers, clinics); Medical doctors' (MDs, except mental health) offices (e.g., centers, clinics); Nephrologists' offices (e.g., centers, clinics); Osteopathic physicians' (except mental health) offices (e.g., centers, clinics); Physicians' (except mental health) offices (e.g., centers, clinics); Surgical pathologists' offices (e.g., centers, clinics)",245,121,6,12
621399,examples,a6e4ae05bcef2f6cebbeb88218f9b1b68acea10836c172d35cb9ce10ee2d03d6,128,"Acupuncturists' (except MDs or DOs) offices (e.g., centers, clinics); Clinical nurse specialists’ (CNSs) offices (e.g., centers, clinics); Homeopaths' offices (e.g., centers, clinics); LPNs' (licensed practical nurses) offices (e.g., centers, clinics); Nursing call centers; Physicians' assistants' offices (e.g., centers, clinics); Registered nurses' (RNs) offices (e.g., centers, clinics)",168,124,7,10
711310,examples,2bf9f3416bd017a5f2c7a7530c26a5c53733342f669e40abf8929558387a48d1,128,"Arena operators; Arts event promoters with facilities; Beauty pageant promoters with facilities; Concert organizers with facilities; Fair organizers with facilities, agricultural; Festival of arts organizers with facilities; Festival of arts promoters with facilities; Festival promoters with facilities; Managers of live performing arts productions (e.g., concerts) with facilities; Promoters of arts events with facilities; Rodeo promoters with facilities; Sports event promoters with facilities; Stadium operators; Theater festival managers with facilities; Theatrical production organizers with facilities",164,99,15,24
711320,examples,125e6f051c8d38a433180374457bbc755f33e69f007e2c01ab8f60c286570fd6,128,"Arts event managers without facilities; Arts festival organizers without facilities; Concert booking agencies; Concert promoters without facilities; Dance festival managers without facilities; Ethnic festival promoters without facilities; Managers of live performing arts productions (e.g., concerts) without facilities; Organizers of agricultural fairs without facilities; Promoters of agricultural fairs without facilities; Promoters of festivals without facilities; Sports event organizers without facilities; Theater festival organizers without facilities; Theatrical booking agencies (except motion picture); Wrestling event promoters without facilities",173,100,14,24
711510,examples,d2bd0ca6cb93f9f24732524b19572c5b8af7d4731631216e0c58665246c6fc7f,128,"Actors, independent; Animated cartoon artists, independent; Announcers, independent radio and television; Artists (i.e., painters), independent; Cameramen, independent (freelance); Comedians, independent; Conductors, independent; Directors, independent motion picture; Directors, independent music; Independent museum exhibit designers; Jazz dancers, independent; Motion picture producers, independent; Performing artists, independent; Playwrights, independent; Recording technicians, independent; Scenery designers, independent theatrical; Stage set (e.g., concert, motion picture, television) erecting and dismantling, independent; Writers of advertising copy, independent",157,128,18,24
713990,examples,d617d4216aee86aec7fcddadec4f5c59442fdef3a695003c4b5ea05321594b59,128,"Amusement ride concession operators (i.e., supplying and servicing in others' facilities); Concession operators, amusement device (except gambling) and ride; Dance halls; Galleries, shooting; Kayaking, recreational; Miniature golf courses; Outfitters (i.e., providing trips and equipment); Picnic grounds; Pool parlors; Recreational day camps (except instructional); Riding clubs, recreational; Sea kayaking, recreational; Sports clubs (i.e., sports teams) not operating sports facilities, recreational; Sports teams and leagues, recreational or youth; Yacht clubs without marinas",312,123,15,35
111199,excluded,994a3f9d8e2500cf1baa29957837c38517a4096090381783c0d92adf0c36ea80,128,"Growing rice (except wild rice)--are classified in Industry 111160, Rice Farming; Growing sweet corn--are classified in U.S. Industry 111219, Other Vegetable (except Potato) and Melon Farming; and Growing a combination of grain(s) and oilseed(s) with no one grain (or family of grains) or oilseed (or family of oilseeds) accounting for one-half of the establishment's agricultural production (value of crops for market)--are classified in U.S. Industry 111191, Oilseed and Grain Combination Farming.",163,128,3,5
11121,excluded,47729acb7dec3548a72f3dc908cbd0471fce7d3c8a2d9b69c5e846ade430a8a4,128,"Growing vegetables and melons under glass or protective cover--are classified in Industry 11141, Food Crops Grown Under Cover; Growing corn (except sweet corn)--are classified in Industry 11115, Corn Farming; Canning, pickling, and/or drying (artificially) vegetables--are classified in Industry 31142, Fruit and Vegetable Canning, Pickling, and Drying; and Growing fruit on trees and other fruit-bearing plants (except melons)--are classified in Industry Group 1113, Fruit and Tree Nut Farming.",153,114,4,6
111219,excluded,2d22f9cc0336bf697cffc03dbe497ff87f402f2569bc86d1aed19b0175016dc2,128,"Growing potatoes, including sweet potatoes and yams--are classified in U.S. Industry 111211, Potato Farming; Growing sugar beets--are classified in U.S. Industry 111991, Sugar Beet Farming; Canning, pickling, and/or drying (artificially) vegetables--are classified in Industry 31142, Fruit and Vegetable Canning, Pickling, and Drying; and Growing fruit on trees and other fruit-bearing plants (except melons)--are classified in Industry Group 1113, Fruit and Tree Nut Farming.",192,120,4,7
111339,excluded,d7c00e2077c8dcff60f097a346185c4c74a197f9d8e4d90e5683a4c93de77a79,128,"Growing apples--are classified in U.S. Industry 111331, Apple Orchards; Growing berries (except strawberries)--are classified in U.S. Industry 111334, Berry (except Strawberry) Farming; and Growing noncitrus fruit(s) in combination with tree nut(s) with no one fruit (or family of fruits) or family of tree nuts accounting for one-half of the establishment's agricultural production (i.e., value of crops for market)--are classified in U.S. Industry 111336, Fruit and Tree Nut Combination Farming.",203,128,3,6
11142,excluded,5f3cd4ec994ed42974904624ce31e2bb6149fae8a1716506ce95be23e44b32a7,128,"Operating timber tracts (i.e., growing cycle greater than 10 years)--are classified in Industry 11311, Timber Tract Operations; Retailing nursery, tree stock, and floriculture products primarily purchased from others--are classified in Industry 44424, Nursery, Garden Center, and Farm Supply Retailers; and Merchant wholesale distribution of nursery stock (except seeds and plant bulbs) primarily purchased from others--are classified in Industry 42493, Flower, Nursery Stock, and Florists' Supplies Merchant Wholesalers.",165,113,3,5
111421,excluded,bfecf964d402a17bdf8e7d0e36d2cd66cc3ad54e40cca42492207136a2dcf61b,128,"Operating timber tracts (i.e., growing cycle greater than 10 years)--are classified in Industry 113110, Timber Tract Operations; Retailing nursery, tree stock, and floriculture products primarily purchased from others--are classified in Industry 444240, Nursery, Garden Center, and Farm Supply Retailers; and Merchant wholesale distribution of nursery stock (except seeds and plant bulbs) primarily purchased from others--are classified in Industry 424930, Flower, Nursery Stock, and Florists' Supplies Merchant Wholesalers.",166,114,3,5
11199,excluded,df591bc7965b8d2a929a0e2d01fb38e72b02ca5d24aee0f3482b782749089752,128,"Growing oilseeds and/or wheat, corn, rice, or other grains--are classified in Industry Group 1111, Oilseed and Grain Farming; Growing fruits and/or tree nuts--are classified in Industry Group 1113, Fruit and Tree Nut Farming; Growing greenhouse, nursery, and/or floriculture products--are classified in Industry Group 1114, Greenhouse, Nursery, and Floriculture Production; Growing tobacco--are classified in Industry 11191, Tobacco Farming; Growing cotton--are classified in Industry 11192, Cotton Farming;",199,123,5,9
111998,excluded,e56449582874f3179567c6ccaff5c843c2d8335550a7c682f0f06131f1dfbde2,128,"Growing oilseeds and/or wheat, corn, rice, or other grains--are classified in Industry Group 1111, Oilseed and Grain Farming; Growing greenhouse, nursery, and/or floriculture products--are classified in Industry Group 1114, Greenhouse, Nursery, and Floriculture Production; Growing tobacco--are classified in Industry 111910, Tobacco Farming; Growing cotton--are classified in Industry 111920, Cotton Farming; Growing sugar beets--are classified in U.S. Industry 111991, Sugar Beet Farming;",249,124,5,11
112390,excluded,7f921966e70a1f860912ecc4037f84013606dd64e7692202a6b3b3826af66363,128,"Raising aviary birds, such as parakeets, canaries, and love birds--are classified in Industry 112990, All Other Animal Production; Raising broilers and other meat type chickens--are classified in Industry 112320, Broilers and Other Meat Type Chicken Production; Raising turkeys--are classified in Industry 112330, Turkey Production; and Raising swans, peacocks, flamingos or other ""adornment birds""--are classified in Industry 112990, All Other Animal Production.",132,113,4,5
112990,excluded,f410e67ba519e62c6ba0d63b5ee70c9395217a80b351ac3975f64e7ec8fc6d88,128,"Raising cattle, dairy cattle, or feeding cattle for fattening--are classified in Industry Group 1121, Cattle Ranching and Farming; Raising poultry and raising poultry for egg production--are classified in Industry Group 1123, Poultry and Egg Production; Raising sheep and goats--are classified in Industry Group 1124, Sheep and Goat Farming; Raising horses and other equines--are classified in Industry 112920, Horses and Other Equine Production; and Raising fur-bearing animals including rabbits--are classified in Industry 112930, Fur-Bearing Animal and Rabbit Production.",176,126,5,8
113110,excluded,72efdf6c3659b1c4090f58f435bb76727272935bbb556cb30027010da483ba84,128,"Acting as lessors of land with trees as real estate property--are classified in Industry 531190, Lessors of Other Real Estate Property; Growing short rotation woody trees (i.e., growing and harvesting cycle is 10 years or less)--are classified in U.S. Industry 111421, Nursery and Tree Production; Growing trees for reforestation--are classified in Industry 113210, Forest Nurseries and Gathering of Forest Products; and Operating sawmills--are classified in U.S. Industry 321113, Sawmills.",133,119,4,5
114210,excluded,ff41e30bad8c2f31b7a54ae32fd569d83b20a83567595a64a8a8ca7a2db60a84,128,"Farm raising rabbits and other fur-bearing animals--are classified in Industry 112930, Fur-Bearing Animal and Rabbit Production; Operating hunting camps with accommodation facilities--are classified in U.S. Industry 721214, Recreational and Vacation Camps (except Campgrounds); Providing hunting guide services without accommodation facilities--are classified in Industry 713990, All Other Amusement and Recreation Industries; and Providing bird and rodent control services--are classified in Industry 561710, Exterminating and Pest Control Services.",131,111,4,5
11511,excluded,cb5b810a70e5fa03ce9a7ff69557ee69d6f8386cd2a10e9516c6edfe48e41727,128,"Performing crop production that are generally known as farms, orchards, groves, or vineyards (including tenant farms)--are classified in the appropriate crop industry within Subsector 111, Crop Production; Land clearing, land leveling, and earth moving for terracing, ponds, and irrigation--are classified in Industry 23891, Site Preparation Contractors; and Buying farm products, such as fruits or vegetables, for resale to other wholesalers or retailers, and preparing them for market or further processing--are classified in Industry 42448, Fresh Fruit and Vegetable Merchant Wholesalers.",237,122,3,8
115114,excluded,a9c463f8e16df41d3326e03e5bc73c321f59475e44ca85cae4c2a61dc0cdfd86,128,"Artificially drying and dehydrating fruits and vegetables--are classified in U.S. Industry 311423, Dried and Dehydrated Food Manufacturing; Stemming and redrying tobacco--are classified in Industry 312230, Tobacco Manufacturing; and Providing farm management services (i.e., on a contract or fee basis) and arranging or contracting postharvesting crop activities for the farm(s) they manage--are classified in U.S. Industry 115116, Farm Management Services.",195,111,3,6
211130,excluded,3f84fe5891beab4eb854c30972edc21f800e7fa263ddd608b0f3186379538b83,128,"Performing gas field services for operators on a contract or fee basis--are classified in Industry 21311, Support Activities for Mining; Manufacturing acyclic and cyclic hydrocarbons from refined petroleum or converting refined petroleum into liquid hydrocarbons (i.e., petrochemicals)--are classified in Industry 325110, Petrochemical Manufacturing; Refining crude petroleum into refined petroleum and liquid hydrocarbons--are classified in Industry 324110, Petroleum Refineries; and Recovering helium from natural gas--are classified in Industry 325120, Industrial Gas Manufacturing.",158,124,4,5
212114,excluded,23197ad080ccf66b74ccf377595f2f931c0249692e229c69d49506d356e8bd43,128,"Providing support activities (except geophysical surveying and mapping, site preparation, construction, and transportation) for the mining of coal on a contract or fee basis--are classified in U.S. Industry 213113, Support Activities for Coal Mining; Manufacturing coke oven products in coke oven establishments--are classified in U.S. Industry 324199, All Other Petroleum and Coal Products Manufacturing; and Manufacturing coal products in steel mills--are classified in Industry 331110, Iron and Steel Mills and Ferroalloy Manufacturing.",147,112,3,4
212115,excluded,0df8415071e16cbb475a8f206b084016b4b702ad8bf91cc7ac7cab05d2155803,128,"Surface mining and/or beneficiating of bituminous coal, lignite, and anthracite coal--are classified in U.S. Industry 212114, Surface Coal Mining; Providing support activities (except geophysical surveying and mapping, site preparation, construction, and transportation) for the mining of coal on a contract or fee basis--are classified in U.S. Industry 213113, Support Activities for Coal Mining; Manufacturing coke oven products in coke oven establishments--are classified in U.S. Industry 324199, All Other Petroleum and Coal Products Manufacturing;",154,126,3,4
212290,excluded,47807497dd28f92bfa5dd0740aecb5725492830343829eff6740bcfbc25ae691,128,"Developing the mine site, mining, and/or beneficiating ores valued chiefly for their copper, nickel, lead, or zinc content--are classified in Industry 212230, Copper, Nickel, Lead, and Zinc Mining; Enriching uranium--are classified in Industry 325180, Other Basic Inorganic Chemical Manufacturing; and Providing support activities (except geophysical surveying and mapping, site preparation, construction, and transportation) for the mining of metallic minerals and ores on a contract or fee basis--are classified in U.S. Industry 213114, Support Activities for Metal Mining.",211,128,3,5
21232,excluded,2db332a64e5e8100730114f008b21d788a790cdf7f93f31ef86d859a48357e77,128,"Shaping, molding, baking, burning, or hardening nonclay ceramics, clay and nonclay refractories, and structural clay products--are classified in Industry 32712, Clay Building Material and Refractories Manufacturing; Shaping, molding, glazing, and firing pottery, ceramics, and plumbing fixtures--are classified in Industry 32711, Pottery, Ceramics, and Plumbing Fixture Manufacturing; and Construction projects involving water resources (e.g., dredging and land drainage)--are classified in Industry 23799, Other Heavy and Civil Engineering Construction.",216,125,3,6
212323,excluded,ee74762acd5bcd2f1cee71a13c974f54efd5aa1ba95ca0a79407dc738ed8a647,128,"Shaping, molding, baking, burning, or hardening clay and nonclay refractories, and structural clay products--are classified in Industry 327120, Clay Building Material and Refractories Manufacturing; Calcining, dead burning, or otherwise processing (i.e., beyond basic preparation) clay or ceramic and refractory minerals--are classified in U.S. Industry 327992, Ground or Treated Mineral and Earth Manufacturing; and Oil shale mining and/or beneficiating--are classified in Industry 211120, Crude Petroleum Extraction.",163,126,3,4
212390,excluded,4d9f50dba4c931bc683264ab48fcae016001b46f6f927f953b2b78626c0602d3,128,"Mining, quarrying, or beneficiating sand, gravel, clay, and ceramic and refractory minerals--are classified in Industry 21232, Sand, Gravel, Clay, and Ceramic and Refractory Minerals Mining and Quarrying; Calcining, dead burning, or otherwise processing (i.e., beyond basic preparation) minerals, such as talc, mica, feldspar, barite, and soapstone--are classified in U.S. Industry 327992, Ground or Treated Mineral and Earth Manufacturing;",328,117,2,8
21311,excluded,22a700641cad5982013d4fe9b40d6a379b7be6cd9736a1e33ce374f40cc3d89c,128,"Performing geophysical surveying and mapping services for minerals (i.e., coal, metal ores, oil and gas, and nonmetallic minerals) on a contract or fee basis--are classified in Industry 54136, Geophysical Surveying and Mapping Services; Oil and gas pipeline and related structures construction and repair--are classified in Industry 23712, Oil and Gas Pipeline and Related Structures Construction; Providing transportation activities on a contract or fee basis--are classified in Sector 48-49, Transportation and Warehousing, based on the primary activity;",311,118,3,9
213112,excluded,fd99dca247c30fe73fba4c92a53cf631259cf0b5f9ab02ac0da0eb24b4c2d0dc,128,"Performing geophysical surveying and mapping services for oil and gas on a contract or fee basis--are classified in Industry 541360, Geophysical Surveying and Mapping Services; Oil and gas pipeline and related structures construction and repair--are classified in Industry 237120, Oil and Gas Pipeline and Related Structures Construction; Mining machinery and equipment repair and maintenance--are classified in Industry 811310, Commercial and Industrial Machinery and Equipment (except Automotive and Electronic) Repair and Maintenance; and Providing landman services on a contract or fee basis--are classified in Industry 531390, Other Activities Related to Real Estate.",269,128,4,9
213114,excluded,d975f6713958645778a9151ad7f9f92a79db37ff302974e723249b23888c8cc5,128,"Performing geophysical surveying and mapping services for metallic minerals on a contract or fee basis--are classified in Industry 541360, Geophysical Surveying and Mapping Services; Operating metallic mineral mines or quarries on a contract or fee basis--are classified in Industry Group 2122, Metal Ore Mining, based on the type of ore mined; and Providing transportation activities on a contract or fee basis--are classified in Sector 48-49, Transportation and Warehousing, based on the primary activity.",129,103,3,4
213115,excluded,ae002a10e90ee226f90c4025c688901af612a51a22f106f04bc7914d6620ac24,128,"Performing geophysical surveying and mapping services for nonmetallic minerals on a contract or fee basis--are classified in Industry 541360, Geophysical Surveying and Mapping Services; Operating nonmetallic mineral mines or quarries on a contract or fee basis--are classified in Industry Group 2123, Nonmetallic Mineral Mining and Quarrying, based on the type of mineral mined or quarried; and Providing transportation activities on a contract or fee basis--are classified in Sector 48-49, Transportation and Warehousing, based on the primary activity.",145,119,3,4
221118,excluded,96c6b480ca3a710917298f1dfe6449c5ae6956f2757d55d34b0020623a669c65,128,"Operating fossil fuel powered electric power generation facilities--are classified in U.S. Industry 221112, Fossil Fuel Electric Power Generation; Operating nuclear electric power generation facilities--are classified in U.S. Industry 221113, Nuclear Electric Power Generation; Operating solar electric power generation facilities--are classified in U.S. Industry 221114, Solar Electric Power Generation; and Operating biomass electric power generation facilities--are classified in U.S. Industry 221117, Biomass Electric Power Generation.",217,108,4,8
221310,excluded,2e5064fae56e3372c93597961045eb339ede9e0ed936dd2602c27606d01c774e,128,"Establishments primarily engaged in irrigation project construction (except lawn) are classified in Industry 237110, Water and Sewer Line and Related Structures Construction; Establishments primarily engaged in installing lawn sprinkler systems are classified in Industry 238220, Plumbing, Heating, and Air-Conditioning Contractors; Establishments primarily engaged in retailing bottled water are classified in U.S. Industry 445298, All Other Specialty Food Retailers; and Government establishments primarily engaged in administering irrigation districts are classified in Industry 926130, Regulation and Administration of Communications, Electric, Gas, and Other Utilities.",138,120,4,5
221320,excluded,24f83390618142a8b67a960b6d3f84e727e42c5f44cb86da8bf366eadbc3d468,128,"Operating waste treatment or disposal facilities (except sewer systems or sewage treatment facilities)--are classified in Industry 56221, Waste Treatment and Disposal; Operating water treatment plants and/or operating water supply systems--are classified in Industry 221310, Water Supply and Irrigation Systems; Pumping (i.e., cleaning) cesspools, portable toilets, and septic tanks or renting portable toilets--are classified in U.S. Industry 562991, Septic Tank and Related Services;",141,109,3,4
23611,excluded,aba89befa2edad5de66a009fb8af96e63f69b89765093181acef2d0cd4cf40c7,128,"Performing specialized construction work on houses and other residential buildings, generally on a subcontract basis--are classified in Subsector 238, Specialty Trade Contractors; Manufacturing prefabricated residential buildings and assembling/erecting them at the customers' site--are classified in Sector 31-33, Manufacturing, based on the primary material (wood, plastic, or metal); and Constructing and leasing residential buildings on their own account--are classified in Industry 53111, Lessors of Residential Buildings and Dwellings.",140,111,3,4
236115,excluded,152183f465e696664b15c67ea7e498dd3500fa89af34318706006859d067394a,128,"Remodeling or repairing existing houses and other residential buildings--are classified in U.S. Industry 236118, Residential Remodelers; Performing specialized construction work on houses and other residential buildings, generally on a subcontract basis--are classified in Subsector 238, Specialty Trade Contractors; Manufacturing prefabricated residential buildings and assembling/erecting them at the customers' site--are classified in Sector 31-33, Manufacturing, based on the primary material (wood, plastic, or metal);",210,115,3,6
236116,excluded,a5adebabc84196ea82f2d1728972c27cfa3a083b1f54425715fd16532d469977,128,"Remodeling or repairing existing multifamily housing and other residential buildings--are classified in U.S. Industry 236118, Residential Remodelers; Performing specialized construction work on multifamily housing and other residential buildings, generally on a subcontract basis--are classified in Subsector 238, Specialty Trade Contractors; Manufacturing prefabricated residential buildings and assembling/erecting them at the customers' site--are classified in Sector 31-33, Manufacturing, based on the primary material (wood, plastic, or metal);",190,123,3,5
236117,excluded,af4751c47151b99d677b9106f7c7884643859fd52ccd532d7efed9a7591b53b1,128,"Building multifamily residential buildings for others as general contractors--are classified in U.S. Industry 236116, New Multifamily Housing Construction (except For-Sale Builders); Remodeling or repairing existing houses and other residential buildings, either for others or on own account for sale--are classified in U.S. Industry 236118, Residential Remodelers; Performing specialized construction work on houses or other residential buildings, generally on a subcontract basis--are classified in Subsector 238, Specialty Trade Contractors;",186,120,3,5
236118,excluded,a32b315906344629e29dbc72c0f401857fe2b3a1232deb49dc0a4ca82392d4b9,128,"Building multifamily buildings for others as general contractors--are classified in U.S. Industry 236116, New Multifamily Housing Construction (except For-Sale Builders); Building houses or other residential buildings, on their own account for sale as speculative builders or merchant builders--are classified in U.S. Industry 236117, New Housing For-Sale Builders; Performing specialized construction work on houses or other residential buildings, generally on a subcontract basis--are classified in Subsector 238, Specialty Trade Contractors;",218,117,3,6
236210,excluded,966c37f5d48c653c3a91975bb24fc73fd36165ace417a94dd7352e74e563f013,128,"Constructing water treatment plants, sewage treatment plants, and pumping stations for water and sewer systems--are classified in Industry 237110, Water and Sewer Line and Related Structures Construction; Constructing power generation plants (except hydroelectric)--are classified in Industry 237130, Power and Communication Line and Related Structures Construction; and Manufacturing prefabricated industrial buildings and assembling/erecting them at the customers' site--are classified in Sector 31-33, Manufacturing, based on the primary material (wood, plastic, or metal).",213,114,3,7
236220,excluded,67b588420b43088ae007a71b16e6691262cf1ce01a068aa35c2864fe40e1d24f,128,"Constructing structures that are integral parts of utility systems (e.g., storage tanks, pumping stations) or are used to produce products for these systems (e.g., power plants, refineries)--are classified in Industry Group 2371, Utility System Construction, based on the type of construction project; Manufacturing prefabricated commercial or institutional buildings and assembling/erecting them at the customers' site--are classified in Sector 31-33, Manufacturing, based on the primary material (wood, plastic, or metal);",176,117,2,4
237120,excluded,76c74f5561af59c1af90bb48cc719042499ea0d15d9c7b7c25dae90893b7c07e,128,"Building chemical plants (except petrochemical) and similar process or batch facilities--are classified in Industry 236210, Industrial Building Construction; Oil well rig building, repairing, and dismantling, on a contract basis--are classified in U.S. Industry 213112, Support Activities for Oil and Gas Operations; Inspecting pipelines (i.e., visual)--are classified in Industry 541990, All Other Professional, Scientific, and Technical Services; Installing and maintaining natural gas distribution lines performed by natural gas utility companies--are classified in Subsector 221, Utilities;",189,127,4,6
237130,excluded,1f6b6178a075b47d0580a947a63f63f1a6eac28ac92b81144e7a915f51c2fb5f,128,"Constructing hydroelectric generating facilities--are classified in Industry 237990, Other Heavy and Civil Engineering Construction; Performing electrical work within buildings--are classified in Industry 238210, Electrical Contractors and Other Wiring Installation Contractors; Line slashing or cutting (except maintenance)--are classified in Industry 238910, Site Preparation Contractors; Installing and maintaining electric power lines and towers performed by electric utility companies--are classified in Industry Group 2211, Electric Power Generation, Transmission and Distribution; Locating underground utility lines prior to digging--are classified in Industry 561990, All Other Support Services;",198,124,5,8
237210,excluded,a912a46003e70c90c1ce7211c9f25c7dcb6c43a954ac79edc25364f7c5a1b036,128,"Constructing buildings, for sale, on lots they subdivide--are classified based on the primary type of construction project, in Industry Group 2361, Residential Building Construction, or Industry Group 2362, Nonresidential Building Construction; Installing utilities (i.e., water, sewer, petroleum, gas, power, and communication) on a subcontract basis for land subdividers--are classified in Industry Group 2371, Utility System Construction; Subdividing and servicing land for cemetery development--are classified in Industry 812220, Cemeteries and Crematories;",240,128,3,7
237310,excluded,9c2b23b0ead9702039e7cb11f85317c7d140559583f5272019a964cdb42b915a,128,"Highway lighting and signal installation--are classified in Industry 238210, Electrical Contractors and Other Wiring Installation Contractors; Road decommissioning or removing culverts or bridges--are classified in Industry 238910, Site Preparation Contractors; Constructing parking lots, private driveways, sidewalks, or erecting billboards--are classified in Industry 238990, All Other Specialty Trade Contractors; and Providing road cleaning or snow removal services--are classified in Industry 488490, Other Support Activities for Road Transportation.",148,111,4,6
237990,excluded,56b4ca57385ec5c65d98b037e2312845e8082b850bee9d52d7d21390bc926152,128,"Constructing water mains, sewers, and related structures--are classified in Industry 237110, Water and Sewer Line and Related Structures Construction; Constructing oil and gas pipelines and related structures--are classified in Industry 237120, Oil and Gas Pipeline and Related Structures Construction; Installing and maintaining electric power lines and towers performed by electric utility companies--are classified in Industry Group 2211, Electric Power Generation, Transmission and Distribution; Installing and maintaining communication transmission lines and towers performed by telecommunications companies--are classified in Subsector 517, Telecommunications;",237,118,4,8
238190,excluded,c912a320c3c589a9bd6d7338a736da98ada23f653db1247a21024cd7cc0744b8,128,"Installation of structural steel or precast concrete building components--are classified in Industry 238120, Structural Steel and Precast Concrete Contractors; Framing buildings--are classified in Industry 238130, Framing Contractors; Masonry work--are classified in Industry 238140, Masonry Contractors; Glass and glazing work--are classified in Industry 238150, Glass and Glazing Contractors; Installing siding--are classified in Industry 238170, Siding Contractors; and Fireproofing buildings--are classified in Industry 238310, Drywall and Insulation Contractors.",162,121,6,8
238210,excluded,1d864873498025ad149aead9c9b2023ab964e945c832bf21eeaf4e024fe4feca,128,"Installing and maintaining telecommunications lines performed by telecommunications companies--are classified in Subsector 517, Telecommunications; Installing and maintaining electric power lines performed by electric utility companies--are classified in Industry Group 2211, Electric Power Generation, Transmission and Distribution; Burglar and fire alarm installation combined with sales, maintenance, or monitoring services--are classified in U.S. Industry 561621, Security Systems Services (except Locksmiths); and Retailing and installing automotive audio equipment--are classified in Industry 441330, Automotive Parts and Accessories Retailers.",143,119,4,5
238220,excluded,e23645c50665a5496e4200fc33d9d60cdb5f04cdeaa969f1abe991f5997eca29,128,"Installing electrical controls for HVAC systems--are classified in Industry 238210, Electrical Contractors and Other Wiring Installation Contractors; Water well drilling (except water intake wells in oil and gas fields) and water well pump and piping system installation--are classified in Industry 237110, Water and Sewer Line and Related Structures Construction; and Repair and maintenance of commercial refrigeration equipment or fire extinguisher and waterless fire suppression systems, without installation--are classified in Industry 811310, Commercial and Industrial Machinery and Equipment (except Automotive and Electronic) Repair and Maintenance.",162,123,3,5
238390,excluded,2ad7ec1ad2b828ad85c1ea229a154bf89d38326475279e2dacd3de1e881af7ca,128,"Installing drywall, plaster, or insulation--are classified in Industry 238310, Drywall and Insulation Contractors; Installing or removing paint or wall coverings--are classified in Industry 238320, Painting and Wall Covering Contractors; Installing or repairing wood floors, resilient flooring, and carpet--are classified in Industry 238330, Flooring Contractors; Finish carpentry--are classified in Industry 238350, Finish Carpentry Contractors; and Retailing and installing window shades and blinds--are classified in U.S. Industry 449122, Window Treatment Retailers.",151,128,5,6
238910,excluded,b7b129ec9a47db56c2c6ce0df7ad9632737d7e8a23083afd9b996129197ccf82,128,"Earth retention or underwater trenching--are classified in Industry 237990, Other Heavy and Civil Engineering Construction; Dismantling tanks in oil fields--are classified in U.S. Industry 213112, Support Activities for Oil and Gas Operations; Construction equipment rental without an operator--are classified in U.S. Industry 532412, Construction, Mining, and Forestry Machinery and Equipment Rental and Leasing; Tree and brush trimming for overhead utility lines--are classified in Industry 561730, Landscaping Services;",308,111,4,10
238990,excluded,85159a9135f18ea14eccc83ec1c8263d7c4e4d969d730a03702162ae694e023d,128,"Foundation, structure, and building exterior work--are classified in Industry Group 2381, Foundation, Structure, and Building Exterior Contractors; Installing, repairing, or maintaining building mechanical systems--are classified in Industry Group 2382, Building Equipment Contractors; Construction equipment rental with an operator (except cranes), preparing land for building construction, or building demolition--are classified in Industry 238910, Site Preparation Contractors; Swimming pool cleaning and maintenance, power washing, and other building exterior cleaning (except sandblasting)--are classified in Industry 561790, Other Services to Buildings and Dwellings;",294,126,4,11
31121,excluded,71fad2c12feb649b174d736aa76fa407d59ed809389f09250c84790389213b7e,128,"Preparing breakfast cereals from flour milled in the same establishment--are classified in Industry 31123, Breakfast Cereal Manufacturing; Crushing soybeans or wet milling corn and vegetables--are classified in Industry 31122, Starch and Vegetable Fats and Oils Manufacturing; Brewing malt beverages--are classified in Industry 31212, Breweries; Mixing purchased dried and dehydrated ingredients with purchased rice--are classified in Industry 31199, All Other Food Manufacturing; and Manufacturing malt extract and syrups--are classified in Industry 31194, Seasoning and Dressing Manufacturing.",190,125,5,7
311211,excluded,be90be12cbd510b9e0c143259e51f7986dedd21671a3c527a71b0bf511a1ea23,128,"Preparing breakfast cereals from flour milled in the same establishment--are classified in Industry 311230, Breakfast Cereal Manufacturing; Milling rice or cleaning and polishing rice--are classified in U.S. Industry 311212, Rice Milling; Wet milling corn and vegetables--are classified in U.S. Industry 311221, Wet Corn Milling and Starch Manufacturing; and Crushing soybeans and extracting soybean oil--are classified in U.S. Industry 311224, Soybean and Other Oilseed Processing.",155,117,4,5
31122,excluded,06ee9fc9cbb3cdf91052dd4b29941d457a98ecc9544035df4664d7f00cd9bdd2,128,"Manufacturing table syrups from corn syrup and starch base dessert powders--are classified in Industry 31199, All Other Food Manufacturing; Reducing maple sap to maple syrup--are classified in Industry 11199, All Other Crop Farming; Milling flour or meal from grains and vegetables--are classified in Industry 31121, Flour Milling and Malt Manufacturing; Wet milling corn to produce nonpotable ethyl alcohol--are classified in Industry 32519, Other Basic Organic Chemical Manufacturing; Rendering or refining animal fats and oils--are classified in Industry 31161, Animal Slaughtering and Processing;",149,128,5,6
311221,excluded,66e5a2957e9e13d7317d38e7d1271f9fbfa68858dd1f902aefc07b9bfd5a67e8,128,"Refining and/or blending corn oil from purchased oils--are classified in U.S. Industry 311225, Fats and Oils Refining and Blending; Manufacturing sweetening syrups from corn syrup and starch base dessert powders--are classified in U.S. Industry 311999, All Other Miscellaneous Food Manufacturing; Milling (except wet milling) corn--are classified in U.S. Industry 311211, Flour Milling; and Manufacturing laundry starches--are classified in U.S. Industry 325612, Polish and Other Sanitation Good Manufacturing.",179,122,4,6
311230,excluded,f3379a7847c4bf4c15d9058b948d65ab6db4c2d3c4e146a10c53a58921339e07,128,"Manufacturing nonchocolate-coated granola bars and other types of breakfast bars--are classified in Industry 311340, Nonchocolate Confectionery Manufacturing; Manufacturing chocolate-coated granola bars from cacao beans--are classified in U.S. Industry 311351, Chocolate and Confectionery Manufacturing from Cacao Beans; and Manufacturing coffee substitutes from grain--are classified in Industry 311920, Coffee and Tea Manufacturing.",131,98,3,4
31131,excluded,6401404553113a1ebba1ffac78a2472bd63148a860468445d0fbf7da46459e27,128,"Manufacturing table syrups from corn syrup and starch base dessert powders--are classified in Industry 31199, All Other Food Manufacturing; Reducing maple sap to maple syrup or maple sugar--are classified in Industry 11199, All Other Crop Farming; and Manufacturing synthetic sweeteners (i.e., sweetening agents), such as saccharin and sugar substitutes (i.e., synthetic sweetener blended with other ingredients)--are classified in Subsector 325, Chemical Manufacturing.",137,109,3,4
311313,excluded,7fdf27d0207fdb69d037cd2d8da201d9571a54451e789958aa7c43604cf08fbe,128,"Manufacturing corn sweeteners by wet milling corn--are classified in U.S. Industry 311221, Wet Corn Milling and Starch Manufacturing; Reducing maple sap to maple syrup or maple sugar--are classified in U.S. Industry 111998, All Other Miscellaneous Crop Farming; and Manufacturing synthetic sweeteners (i.e., sweetening agents), such as saccharin and sugar substitutes (i.e., synthetic sweetener blended with other ingredients)--are classified in Subsector 325, Chemical Manufacturing.",173,117,3,5
311314,excluded,ffcdb4878054a92b6097b7b4e3a7bc10211e6a7cbb07ca1e60bc5cc87a4ef339,128,"Manufacturing corn sweeteners by wet milling corn--are classified in U.S. Industry 311221, Wet Corn Milling and Starch Manufacturing; Reducing maple sap to maple syrup or maple sugar--are classified in U.S. Industry 111998, All Other Miscellaneous Crop Farming; and Manufacturing synthetic sweeteners (i.e., sweetening agents), such as saccharin and sugar substitutes (i.e., synthetic sweetener blended with other ingredients)--are classified in Subsector 325, Chemical Manufacturing.",168,117,3,5
311340,excluded,1de045bc041c7cba78d2db7ac73cfce21b2eec8af872b9528ff67e625f79b3f4,128,"Manufacturing chocolate confectioneries from chocolate made elsewhere--are classified in U.S. Industry 311352, Confectionery Manufacturing from Purchased Chocolate; Retailing confectioneries not for immediate consumption made elsewhere--are classified in U.S. Industry 445292, Confectionery and Nut Retailers; and Roasting, salting, drying, cooking, or canning nuts and seeds--are classified in U.S. Industry 311911, Roasted Nuts and Peanut Butter Manufacturing.",179,109,3,5
311351,excluded,0b6831d799eb6db5d61f2810354c02d13e86b4cb76aefd4d6a32a35c0b9a4b02,128,"Manufacturing, not for immediate consumption, chocolate confectioneries from chocolate made elsewhere--are classified in U.S. Industry 311352, Confectionery Manufacturing from Purchased Chocolate; Preparing and selling confectioneries for immediate consumption--are classified in U.S. Industry 722515, Snack and Nonalcoholic Beverage Bars; and Retailing confectioneries not for immediate consumption made elsewhere--are classified in U.S. Industry 445292, Confectionery and Nut Retailers.",146,113,3,4
311352,excluded,08ae8130f37a8a926bdc9eb1e5f4fe93f4f670c074108d0a61a925e507a161b4,128,"Manufacturing chocolate confectioneries from cacao beans--are classified in U.S. Industry 311351, Chocolate and Confectionery Manufacturing from Cacao Beans; Manufacturing, not for immediate consumption, nonchocolate confectioneries--are classified in Industry 311340, Nonchocolate Confectionery Manufacturing; Retailing confectioneries not for immediate consumption made elsewhere--are classified in U.S. Industry 445292, Confectionery and Nut Retailers;",145,110,3,4
311412,excluded,2ae90b9254d375dae6d81d01f6dd9f3c23d9ffb86431046d4e861d596d510ecf,128,"Manufacturing frozen dairy specialties--are classified in Industry 311520, Ice Cream and Frozen Dessert Manufacturing; Manufacturing frozen bakery products--are classified in U.S. Industry 311813, Frozen Cakes, Pies, and Other Pastries Manufacturing; Manufacturing frozen fruits, frozen fruit juices, and frozen vegetables--are classified in U.S. Industry 311411, Frozen Fruit, Juice, and Vegetable Manufacturing; Manufacturing frozen meat products--are classified in Industry 31161, Animal Slaughtering and Processing;",132,111,4,5
31142,excluded,45350662062c759dfa0eccc8c2800d95c910438e1cdeddf943aa59023ac33af8,128,"Manufacturing canned dairy products--are classified in Industry 31151, Dairy Product (except Frozen) Manufacturing; Manufacturing canned seafood soups and seafood products--are classified in Industry 31171, Seafood Product Preparation and Packaging; Manufacturing dry pasta and packaging it with other ingredients--are classified in Industry 31182, Cookie, Cracker, and Pasta Manufacturing; Mixing purchased dried and/or dehydrated potatoes, rice, and pasta and packaging them with other purchased ingredients; and manufacturing canned puddings--are classified in Industry 31199, All Other Food Manufacturing;",249,121,5,10
311422,excluded,fe0f583bac37676ecf7182aa73ccc779d1124516ddb75af76a2bba6eae3c7561,128,"Manufacturing canned dairy products--are classified in U.S. Industry 311514, Dry, Condensed, and Evaporated Dairy Product Manufacturing; Manufacturing canned fruits, canned vegetables, and canned juices--are classified in U.S. Industry 311421, Fruit and Vegetable Canning; Manufacturing canned seafood soups and canned seafood products--are classified in Industry 311710, Seafood Product Preparation and Packaging; and Manufacturing canned puddings--are classified in U.S. Industry 311999, All Other Miscellaneous Food Manufacturing.",135,115,4,5
311423,excluded,9a3ec4747f88c66af27d6be67b3211cf8ca2bb66e14863274bbee50076fce127,128,"Manufacturing fruit, grain (except rice), and vegetable flours, meals, and powders--are classified in U.S. Industry 311211, Flour Milling; Mixing purchased dried and/or dehydrated potatoes, rice, and pasta, and packaging them with other purchased ingredients, and mixing purchased dried and/or dehydrated ingredients for soup mixes and bouillon--are classified in U.S. Industry 311999, All Other Miscellaneous Food Manufacturing;",194,105,2,5
31151,excluded,a5b8eaf6799bfaf19b0de68c1ef30e108d4e6daf3c22b3eb143852ef2223cedf,128,"Manufacturing cheese-based salad dressings--are classified in Industry 31194, Seasoning and Dressing Manufacturing; Manufacturing margarine, margarine-butter blends, or butter substitutes--are classified in Industry 31122, Starch and Vegetable Fats and Oils Manufacturing; Manufacturing ice cream, frozen yogurt, and other frozen dairy desserts--are classified in Industry 31152, Ice Cream and Frozen Dessert Manufacturing; and Milking dairy cattle--are classified in Industry 11212, Dairy Cattle and Milk Production.",131,113,4,5
31161,excluded,0134136248aadda54e9152efae4bd3e094edb96c302e86ab6698433aedc9b921,128,"Manufacturing meat-based animal feeds from purchased carcasses--are classified in Industry 31111, Animal Food Manufacturing; Manufacturing canned and frozen specialty foods containing meat, such as nationality foods (e.g., enchiladas, pizza, egg rolls) and frozen dinners--are classified in Industry Group 3114, Fruit and Vegetable Preserving and Specialty Food Manufacturing; and Cutting purchased meat carcasses and wholesaling meat cuts (except boxed meat)--are classified in Industry 42447, Meat and Meat Product Merchant Wholesalers.",191,115,3,6
311611,excluded,1358f5883da4495998718ce61c84f7c22d2cfda973227f58a992da5270a3ed03,128,"Processing meat and meat byproducts (except poultry and small game) from purchased meats--are classified in U.S. Industry 311612, Meat Processed from Carcasses; Slaughtering and/or processing poultry and small game--are classified in U.S. Industry 311615, Poultry Processing; and Manufacturing canned and frozen specialty foods containing meat, such as nationality foods (e.g., enchiladas, egg rolls, pizza) and frozen dinners--are classified in Industry Group 3114, Fruit and Vegetable Preserving and Specialty Food Manufacturing.",163,123,3,4
311612,excluded,d5be2d35e38e4872a42e1268aac649ee8f02013328a221d1097e7a57b21af345,128,"Slaughtering poultry and small game--are classified in U.S. Industry 311615, Poultry Processing; Manufacturing meat-based animal feeds from purchased carcasses--are classified in Industry 31111, Animal Food Manufacturing; Manufacturing canned and frozen specialty foods containing meat, such as nationality foods (e.g., enchiladas, egg rolls, pizza) and frozen dinners--are classified in Industry Group 3114, Fruit and Vegetable Preserving and Specialty Food Manufacturing;",234,102,3,7
311615,excluded,a2c8e2e18ffa8e89d13491c5841254c753a9c3b2d775b439ed6c7f6ff02a759a,128,"Preparing meat and meat byproducts (except poultry and small game) from purchased meats--are classified in U.S. Industry 311612, Meat Processed from Carcasses; Manufacturing poultry-based animal feeds from purchased carcasses--are classified in Industry 31111, Animal Food Manufacturing; and Drying, freezing, and breaking eggs--are classified in U.S. Industry 311999, All Other Miscellaneous Food Manufacturing.",245,97,3,7
311811,excluded,e4af750e96ae4e2cfe160c99d9a2960928e0e5b880a5349b38e4c181d8057afb,128,"Preparing and selling bakery products (e.g., cookies, pretzels) for immediate consumption--are classified in U.S. Industry 722515, Snack and Nonalcoholic Beverage Bars; Manufacturing fresh or frozen breads and other fresh bakery (except cookies and crackers) products--are classified in U.S. Industry 311812, Commercial Bakeries; and Manufacturing cookies and crackers--are classified in U.S. Industry 311821, Cookie and Cracker Manufacturing.",139,110,3,4
311812,excluded,0e07ab4eb35c7f09745d1cf7189f684a86a51708958eb71533e6f65f42766249,128,"Retailing bread and other bakery products not for immediate consumption made on the premises from flour, not from prepared dough--are classified in U.S. Industry 311811, Retail Bakeries; Manufacturing frozen bakery products (except bread)--are classified in U.S. Industry 311813, Frozen Cakes, Pies, and Other Pastries Manufacturing; Preparing and selling bakery products (e.g., cookies, pretzels) for immediate consumption--are classified in U.S. Industry 722515, Snack and Nonalcoholic Beverage Bars;",204,122,3,6
311813,excluded,a82bf8958130df7e20966995389c8fd1d780aad75a6c2aeb5a8e481e2aab4018,128,"Manufacturing frozen breads--are classified in U.S. Industry 311812, Commercial Bakeries; Preparing and selling bakery products (e.g., cookies, pretzels) for immediate consumption--are classified in U.S. Industry 722515, Snack and Nonalcoholic Beverage Bars; Manufacturing cookies and crackers--are classified in U.S. Industry 311821, Cookie and Cracker Manufacturing; and Retailing bakery products not for immediate consumption made elsewhere--are classified in U.S. Industry 445291, Baked Goods Retailers.",162,125,4,5
31182,excluded,c6136f0b4a03787811bfdd8a3d7877726d04f7779b7eec65024ee6d9740b8270,128,"Preparing and selling bakery products (e.g., cookies, pretzels) for immediate consumption--are classified in Industry 72251, Restaurants and Other Eating Places; Manufacturing bakery products (e.g., bread, cookies, pies)--are classified in Industry 31181, Bread and Bakery Product Manufacturing; Manufacturing fresh pasta--are classified in Industry 31199, All Other Food Manufacturing; Mixing purchased dried and/or dehydrated ingredients with purchased dry pasta--are classified in Industry 31199, All Other Food Manufacturing;",252,120,4,9
311821,excluded,0d101d909fcc1ba10c417757be7f169b4b89a975c1af169c7afa74cfffbd4424,128,"Preparing and selling bakery products (e.g., cookies, pretzels) for immediate consumption--are classified in U.S. Industry 722515, Snack and Nonalcoholic Beverage Bars; Manufacturing bakery products (e.g., breads, cookies, pies)--are classified in Industry 31181, Bread and Bakery Product Manufacturing; and Manufacturing pretzels (except soft)--are classified in U.S. Industry 311919, Other Snack Food Manufacturing.",138,109,3,4
311824,excluded,f4c7f19cf7ed18f5018186a50a48beaf7a707a0095558af09cfd4e9825c067ca,128,"Milling flour and preparing flour mixes or doughs--are classified in U.S. Industry 311211, Flour Milling; Manufacturing fresh pasta--are classified in U.S. Industry 311991, Perishable Prepared Food Manufacturing; Manufacturing pasta specialties--are classified in Industry Group 3114, Fruit and Vegetable Preserving and Specialty Food Manufacturing; Mixing purchased dried and/or dehydrated ingredients with purchased dry pasta--are classified in U.S. Industry 311999, All Other Miscellaneous Food Manufacturing;",152,114,4,5
31191,excluded,8bacae4abf523d5438c79df88fcadcf65abac4bfb85f648dc313c17539b29a86,128,"Manufacturing crackers--are classified in Industry 31182, Cookie, Cracker, and Pasta Manufacturing; Manufacturing chocolate or candy-coated nuts and candy-covered popcorn--are classified in Industry Group 3113, Sugar and Confectionery Product Manufacturing; Manufacturing dried and smoked meat snacks (except pork rinds)--are classified in Industry 31161, Animal Slaughtering and Processing; and Preparing and selling snacks (e.g., popcorn, pretzels) for immediate consumption--are classified in Industry 72251, Restaurants and Other Eating Places.",195,121,4,7
311919,excluded,125ac50e9b816dfed52ca5f5a0fed192014b3cbbf48af1c6ea9ef533c72418da,128,"Manufacturing candy-covered popcorn and nonchocolate granola bars--are classified in Industry 311340, Nonchocolate Confectionery Manufacturing; Salting, roasting, drying, cooking, or canning nuts and seeds--are classified in U.S. Industry 311911, Roasted Nuts and Peanut Butter Manufacturing; and Preparing and selling snacks (e.g., popcorn, pretzels) for immediate consumption--are classified in U.S. Industry 722515, Snack and Nonalcoholic Beverage Bars.",219,117,3,7
311930,excluded,f8795ddbd8401f98a49580607860d46591497648c41ece63e72a050ca66b069c,128,"Manufacturing flavoring extracts (except coffee and meat) and natural food colorings--are classified in U.S. Industry 311942, Spice and Extract Manufacturing; Manufacturing liquid meat extracts from slaughtered or purchased carcasses--are classified in Industry 31161, Animal Slaughtering and Processing; Manufacturing powdered drink mixes (except coffee, tea, chocolate, or milk based), table syrup from corn syrup, or sweetening syrups (except pure maple)--are classified in U.S. Industry 311999, All Other Miscellaneous Food Manufacturing;",252,120,3,8
31194,excluded,27a2c6d85c5cb35a03b9a5c365a4eac735fa9d6adb6db7785f3bf661bdccd508,128,"Manufacturing catsup and other tomato-based sauces--are classified in Industry 31142, Fruit and Vegetable Canning, Pickling, and Drying; Mixing purchased dried and/or dehydrated ingredients for dry soup mixes and bouillon--are classified in Industry 31199, All Other Food Manufacturing; Manufacturing industrial salts--are classified in Industry 32599, All Other Chemical Product and Preparation Manufacturing; Manufacturing synthetic food colorings--are classified in Industry 32513, Synthetic Dye and Pigment Manufacturing; Manufacturing coffee extracts--are classified in Industry 31192, Coffee and Tea Manufacturing;",319,127,5,11
311942,excluded,fdb8bf2c7bf81853b02a5472fc03f3825b0c53c70f8243bd5f2d2b4820557312,128,"Manufacturing catsup and other tomato-based sauces--are classified in U.S. Industry 311421, Fruit and Vegetable Canning; Mixing purchased dried and/or dehydrated ingredients for dry soup mixes and bouillon--are classified in U.S. Industry 311999, All Other Miscellaneous Food Manufacturing; Manufacturing flavoring syrups (except chocolate and coffee-based syrups)--are classified in Industry 311930, Flavoring Syrup and Concentrate Manufacturing; Manufacturing synthetic food colorings--are classified in Industry 325130, Synthetic Dye and Pigment Manufacturing;",399,126,4,12
31199,excluded,b3a14afedab236ea0933eaed0b8263d2da34ccbb15acde8605eefbb2d51ed960,128,"Preserving fruit, vegetables, and specialty foods--are classified in Industry Group 3114, Fruit and Vegetable Preserving and Specialty Food Manufacturing; Manufacturing dairy products--are classified in Industry Group 3115, Dairy Product Manufacturing; Manufacturing snack foods--are classified in Industry 31191, Snack Food Manufacturing; Manufacturing flavoring syrups and concentrates (except chocolate and coffee-based)--are classified in Industry 31193, Flavoring Syrup and Concentrate Manufacturing; Milling rice and packaging it with other ingredients--are classified in Industry 31121, Flour Milling and Malt Manufacturing;",401,122,5,17
311999,excluded,31b5d35d6ef90e5c1c23ea560b8e368db756efb20d2b7fe2cf17ed1024b41ac3,128,"Manufacturing animal foods--are classified in Industry Group 3111, Animal Food Manufacturing; Milling grains and oilseeds--are classified in Industry Group 3112, Grain and Oilseed Milling; Manufacturing sugar and confectionery products--are classified in Industry Group 3113, Sugar and Confectionery Product Manufacturing; Manufacturing seasonings and dressings--are classified in Industry 31194, Seasoning and Dressing Manufacturing; Manufacturing perishable prepared foods--are classified in U.S. Industry 311991, Perishable Prepared Food Manufacturing;",448,120,5,18
31211,excluded,f6ced0a95045ff3661cbdb73877c37e762a423185a24c835484c8e44f8575877,128,"Manufacturing nonalcoholic cider--are classified in Industry 31194, Seasoning and Dressing Manufacturing; Manufacturing dry ice--are classified in Industry 32512, Industrial Gas Manufacturing; Retailing ice through vending machines that they service--are classified in Industry 44513, Convenience Retailers and Vending Machine Operators; Manufacturing milk-based drinks--are classified in Industry 31151, Dairy Product (except Frozen) Manufacturing; and Bottling purchased purified water and wholesaling bottled water--are classified in Industry 42449, Other Grocery and Related Products Merchant Wholesalers.",211,126,5,9
312111,excluded,e30849b5887ac0c1c9ee6f077fc8dec359937ae19876aff88e9868ccd128bae4,128,"Canning fruit and vegetable juices--are classified in U.S. Industry 311421, Fruit and Vegetable Canning; Manufacturing nonalcoholic cider--are classified in U.S. Industry 311941, Mayonnaise, Dressing, and Other Prepared Sauce Manufacturing; Manufacturing milk-based drinks--are classified in U.S. Industry 311511, Fluid Milk Manufacturing; Manufacturing nonalcoholic beers--are classified in Industry 312120, Breweries; and Manufacturing nonalcoholic wines--are classified in Industry 312130, Wineries.",187,127,5,7
312230,excluded,1d1b5b5192cdc9acb862815bcd0ffd401b679a27c1c50448ffe10f7b4236ad2b,128,"Manufacturing electronic cigarette vapor liquids, including closed refills--are classified in U.S. Industry 325998, All Other Miscellaneous Chemical Product and Preparation Manufacturing; Selling leaf tobacco as merchant wholesalers that also engage in stemming tobacco--are classified in Industry 424940, Tobacco Product and Electronic Cigarette Merchant Wholesalers; and Selling leaf tobacco as agents or brokers that also engage in stemming tobacco--are classified in Industry 425120, Wholesale Trade Agents and Brokers.",129,103,3,4
314999,excluded,25c58644f25f21d6da49836400208037a195c4dccc44d47ac079956eb4c01935,128,"Manufacturing yarns and thread--are classified in Industry 313110, Fiber, Yarn, and Thread Mills; Manufacturing carpets and rugs--are classified in Industry 314110, Carpet and Rug Mills; Manufacturing textile bags and canvas products--are classified in Industry 314910, Textile Bag and Canvas Mills; and Manufacturing rope, cordage, twine, tire cord, and tire fabrics--are classified in U.S. Industry 314994, Rope, Cordage, Twine, Tire Cord, and Tire Fabric Mills.",151,116,4,6
315250,excluded,14f84f4559a822b455cf93324d9a7aa921984091d1bb6933627438e613f6255b,128,"Cutting and/or sewing materials owned by others for apparel--are classified in Industry 315210, Cut and Sew Apparel Contractors; Manufacturing fur and leather mittens and gloves--are classified in Industry 315990, Apparel Accessories and Other Apparel Manufacturing; Dyeing and dressing furs--are classified in Industry 316110, Leather and Hide Tanning and Finishing; and Manufacturing cloth diapers--are classified in U.S. Industry 314999, All Other Miscellaneous Textile Product Mills.",130,108,4,5
315990,excluded,90e6cb51adc799303df34c8bfd536f47006ea53624411c64bcaaed653e512b0c,128,"Manufacturing metal fabric, metal mesh, or rubber gloves--are classified in U.S. Industry 339113, Surgical Appliance and Supplies Manufacturing; Knitting apparel, mittens, gloves, hats, and caps or knitting fabric and manufacturing apparel, mittens, gloves, hats, and caps--are classified in Industry 315120, Apparel Knitting Mills; and Manufacturing cut and sew apparel from purchased fabric, including manufacturing fur and leather apparel--are classified in Industry 315250, Cut and Sew Apparel Manufacturing (except Contractors).",241,116,3,7
316990,excluded,1a341a596081509522a81ea202a14d41784c54c59065641a9fca33a3e2f432b7,128,"Manufacturing leather apparel--are classified in Industry 315250, Cut and Sew Apparel Manufacturing (except Contractors); Manufacturing leather gloves, mittens, belts, and apparel accessories--are classified in Industry 315990, Apparel Accessories and Other Apparel Manufacturing; Manufacturing small articles made of metal carried on or about the person, including precious metal handbags and purses--are classified in Industry 339910, Jewelry and Silverware Manufacturing; and Manufacturing leather gaskets--are classified in U.S. Industry 339991, Gasket, Packing, and Sealing Device Manufacturing.",161,126,4,6
32111,excluded,20fafd230abd1d4c2fcc44a0e4c797d13efec996732b606da55e59f0d5f42cdf,128,"Manufacturing wood products (except round wood poles, pilings, and posts) and treating them with preservatives--are classified elsewhere in Subsector 321, Wood Product Manufacturing, based on the related production process; Manufacturing veneer from logs and bolts or manufacturing engineered lumber and structural members other than solid wood--are classified in Industry 32121, Veneer, Plywood, and Engineered Wood Product Manufacturing; and Planing purchased lumber or manufacturing cut stock or dimension stock (i.e., shapes) from logs or bolts--are classified in Industry 32191, Millwork.",144,125,3,4
32199,excluded,b6655263ec5b05cd0835c9c9a34c9c26093a66c158d33239d3b6318f62c612a6,128,"Manufacturing veneer, plywood, and engineered wood products--are classified in Industry 32121, Veneer, Plywood, and Engineered Wood Product Manufacturing; Manufacturing millwork--are classified in Industry 32191, Millwork; Manufacturing wood containers, pallets, and wood container parts--are classified in Industry 32192, Wood Container and Pallet Manufacturing; and Fabricating wood buildings or wood sections and panels for buildings at the construction site, or setting up manufactured homes (i.e., mobile homes) at the construction site--are classified in Sector 23, Construction.",176,125,4,6
321999,excluded,1f81e8e6d0921114a8181444c2df499018fd123e4939d88cd67596d07e308295,128,"Manufacturing veneer and engineered wood products--are classified in Industry 32121, Veneer, Plywood, and Engineered Wood Product Manufacturing; Manufacturing millwork--are classified in Industry 32191, Millwork; Manufacturing boxes, box shook, wood containers, pallets, and wood parts for containers--are classified in Industry 321920, Wood Container and Pallet Manufacturing; and Manufacturing prefabricated wood buildings or wood sections and panels for buildings--are classified in U.S. Industry 321992, Prefabricated Wood Building Manufacturing.",176,120,4,6
322212,excluded,93568183313a9a45ea083f70043690657a2c6ab1177c5a749940fd24586132ac,128,"Manufacturing setup paperboard boxes (except corrugated or laminated solid fiber boxes) or milk cartons--are classified in U.S. Industry 322219, Other Paperboard Container Manufacturing; Manufacturing corrugated and solid fiber boxes--are classified in U.S. Industry 322211, Corrugated and Solid Fiber Box Manufacturing; Manufacturing paperboard and converting paperboard into containers--are classified in Industry 322130, Paperboard Mills; and Manufacturing paper bags--are classified in Industry 322220, Paper Bag and Coated and Treated Paper Manufacturing.",136,116,4,5
322219,excluded,ca9a00aa348579a39c12e0e763c0b71c0fac208fb4f29e42191d73e96f970dd8,128,"Manufacturing sanitary food containers of solely plastics materials--are classified in Industry Group 3261, Plastics Product Manufacturing; Manufacturing corrugated and solid fiber boxes--are classified in U.S. Industry 322211, Corrugated and Solid Fiber Box Manufacturing; Manufacturing folding paperboard boxes (except corrugated or laminated solid fiber boxes)--are classified in U.S. Industry 322212, Folding Paperboard Box Manufacturing; and Manufacturing egg cartons, food trays, and other food containers from molded pulp--are classified in U.S. Industry 322299, All Other Converted Paper Product Manufacturing.",149,126,4,5
322220,excluded,4f399853c07b6db9e6c7ab83656f34129f294f48c94410c6a955f184cb121603,128,"Manufacturing paper from pulp--are classified in Industry 322120, Paper Mills; Manufacturing plastics to plastics packaging laminations--are classified in U.S. Industry 326112, Plastics Packaging Film and Sheet (including Laminated) Manufacturing; Manufacturing photographic sensitized paper from purchased paper--are classified in U.S. Industry 325992, Photographic Film, Paper, Plate, Chemical, and Copy Toner Manufacturing; and Cutting purchased aluminum foil into smaller lengths and widths--are classified in U.S. Industry 332999, All Other Miscellaneous Fabricated Metal Product Manufacturing.",292,127,4,10
32229,excluded,5dae41fec2e2f939da72026de45210fcf55c26ff80a2eb419b4ec383ee0d3624,128,"Manufacturing paper from pulp or making pulp and manufacturing paper--are classified in Industry 32212, Paper Mills; Manufacturing paperboard containers--are classified in Industry 32221, Paperboard Container Manufacturing;",151,44,2,6
322299,excluded,ab7a8daed69ee3fcda275f2d283e4ba18bd46198d6013432125f05e5dc00d626,128,"Manufacturing paper from pulp or making pulp and manufacturing paper--are classified in Industry 322120, Paper Mills; Manufacturing paperboard containers--are classified in Industry 32221, Paperboard Container Manufacturing;",156,45,2,6
32311,excluded,e08a751199b7f4d37007615daad7c61102e1731d3647f889fcae4fad967cea98,128,"Printing on fabric grey goods--are classified in Industry 31331, Textile and Fabric Finishing Mills; Performing prepress or postpress services without performing traditional printing activities--are classified in Industry 32312, Support Activities for Printing; Manufacturing and printing advertising specialties--are classified in the Manufacturing sector according to the products made; Manufacturing bare printed circuit boards--are classified in Industry 33441, Semiconductor and Other Electronic Component Manufacturing; and Providing printing brokerage services--are classified in Industry 56199, All Other Support Services.",163,112,5,7
323111,excluded,6f7518fd05b77072ead0965abab597c33879e426a4b904640ee1d94ec5422c37,128,"Screen printing on purchased stock materials (except books, grey goods, and manifold business forms)--are classified in U.S. Industry 323113, Commercial Screen Printing; Printing books and pamphlets--are classified in U.S. Industry 323117, Books Printing; Manufacturing paper stock materials, including stationery, invitations, labels, and similar items--are classified in Subsector 322, Paper Manufacturing; and Providing printing brokerage services--are classified in Industry 561990, All Other Support Services.",238,111,4,9
323113,excluded,d7df831fa73e32aa88d1a6f0dc62bfa2768042b3e60c0e01909680c59b640a56,128,"Printing on fabric grey goods--are classified in Industry 313310, Textile and Fabric Finishing Mills; Printing books and pamphlets--are classified in U.S. Industry 323117, Books Printing; Printing manifold business forms including checkbooks--are classified in U.S. Industry 323111, Commercial Printing (except Screen and Books); Manufacturing paper stock materials, including invitations, labels, and similar items--are classified in Subsector 322, Paper Manufacturing; Manufacturing and printing advertising specialties--are classified in the Manufacturing sector according to the products made;",144,122,5,6
323120,excluded,b5dcf68d6a695f75daac7af43dbfeb10db92bec8b33a25a700401f60f24d04e4,128,"Engraving on metal--are classified in U.S. Industry 332812, Metal Coating, Engraving (except Jewelry and Silverware), and Allied Services to Manufacturers; Manufacturing photosensitive plates for printing--are classified in U.S. Industry 325992, Photographic Film, Paper, Plate, Chemical, and Copy Toner Manufacturing; Manufacturing blank plates (except photosensitive plates) for printing--are classified in U.S. Industry 333248, All Other Industrial Machinery Manufacturing;",133,108,3,4
324110,excluded,6e83fc331eef9027ffec4d94afba7fd4fbe590c2a4d17df7c44d06e16f5da169,128,"Manufacturing biofuels blended with purchased refined petroleum--are classified in U.S. Industry 324199, All Other Petroleum and Coal Products Manufacturing; Manufacturing synthetic lubricating oils and greases--are classified in U.S. Industry 325998, All Other Miscellaneous Chemical Product and Preparation Manufacturing; Manufacturing acyclic and cyclic aromatic hydrocarbons (i.e., petrochemicals) from refined petroleum or liquid hydrocarbons--are classified in Industry 325110, Petrochemical Manufacturing;",377,113,3,11
32419,excluded,b3ccf4ee47f070f2f6634711588856199c4639a42527e214cb709157a52ac0c3,128,"Manufacturing asphalt and tar paving, roofing, and saturated materials from refined petroleum--are classified in Industry 32412, Asphalt Paving, Roofing, and Saturated Materials Manufacturing; Manufacturing acyclic and cyclic aromatic hydrocarbons (i.e., petrochemicals) from refined petroleum or liquid hydrocarbons--are classified in Industry 32511, Petrochemical Manufacturing; and Manufacturing synthetic lubricating oils and greases--are classified in Industry 32599, All Other Chemical Product and Preparation Manufacturing.",234,111,3,8
324199,excluded,5c63d7227e1cee922d62d947f1017a81beb3cedaf96a250d23b380bfe0c8906c,128,"Blending and compounding petroleum lubricating oils and greases and/or re-refining used petroleum lubrication oils and greases--are classified in U.S. Industry 324191, Petroleum Lubricating Oil and Grease Manufacturing; Manufacturing acyclic and cyclic aromatic hydrocarbons (i.e., petrochemicals) from refined petroleum or liquid hydrocarbons--are classified in Industry 325110, Petrochemical Manufacturing; and Manufacturing petroleum polymer resins--are classified in U.S. Industry 325211, Plastics Material and Resin Manufacturing.",266,125,3,8
325130,excluded,054ab99354d0e29ca58d82ff860e040f345429c0c93f1e8ad234b22c13b138da,128,"Manufacturing natural organic colorings for nonfood uses (except wood byproducts)--are classified in U.S. Industry 325199, All Other Basic Organic Chemical Manufacturing; Manufacturing electrostatic and photographic toners--are classified in U.S. Industry 325992, Photographic Film, Paper, Plate, Chemical, and Copy Toner Manufacturing; Manufacturing wood byproducts used as dyeing materials--are classified in U.S. Industry 325194, Cyclic Crude, Intermediate, and Gum and Wood Chemical Manufacturing;",166,117,3,5
325180,excluded,c0956a6c56e34672c0ac9655cc0a7d6a1f8e64753051ffee9697e1fc999a777c,128,"Manufacturing inorganic dyes and pigments--are classified in Industry 325130, Synthetic Dye and Pigment Manufacturing; Manufacturing aluminum oxide (alumina)--are classified in U.S. Industry 331313, Alumina Refining and Primary Aluminum Production; Manufacturing inorganic insecticidal, herbicidal, fungicidal and pesticidal preparations--are classified in Industry 325320, Pesticide and Other Agricultural Chemical Manufacturing; and Manufacturing photographic chemicals--are classified in U.S. Industry 325992, Photographic Film, Paper, Plate, Chemical, and Copy Toner Manufacturing.",299,128,4,10
32519,excluded,5f5067932e951da9a81689ce7837ad41996a9b0b42bd95525edd3beb105483c9,128,"Manufacturing petrochemicals from refined petroleum or liquid hydrocarbons--are classified in Industry 32511, Petrochemical Manufacturing; Manufacturing organic industrial gases--are classified in Industry 32512, Industrial Gas Manufacturing; Manufacturing pharmaceuticals, medicines, and dietary supplements--are classified in Industry Group 3254, Pharmaceutical and Medicine Manufacturing; Manufacturing coal tar crudes in integrated steel mills with coke ovens--are classified in Industry 33111, Iron and Steel Mills and Ferroalloy Manufacturing; and Manufacturing natural food colorings--are classified in Industry 31194, Seasoning and Dressing Manufacturing.",355,126,5,14
325194,excluded,e75c733c5c9cee9690a8fe3d4957619f94598208cc48c51f782ee875eac2fa67,128,"Manufacturing cyclic chemicals (except aromatic and intermediates)--are classified in U.S. Industry 325199, All Other Basic Organic Chemical Manufacturing; Manufacturing aromatic petrochemicals from refined petroleum or natural gas--are classified in Industry 325110, Petrochemical Manufacturing; Manufacturing fuel briquettes from refined petroleum--are classified in U.S. Industry 324199, All Other Petroleum and Coal Products Manufacturing; and Manufacturing activated charcoal--are classified in U.S. Industry 325998, All Other Miscellaneous Chemical Product and Preparation Manufacturing.",178,120,4,6
325199,excluded,33af4cd3d30daf9851e27439e4023d7f51df408232f86b165c91f079eb57e414,128,"Manufacturing aromatic petrochemicals from refined petroleum or natural gas--are classified in Industry 325110, Petrochemical Manufacturing; Manufacturing organic industrial gases--are classified in Industry 325120, Industrial Gas Manufacturing; Manufacturing elastomers--are classified in Industry 32521, Resin and Synthetic Rubber Manufacturing; Manufacturing pharmaceuticals, medicines, and dietary supplements--are classified in Industry Group 3254, Pharmaceutical and Medicine Manufacturing; and Manufacturing natural food colorings--are classified in U.S. Industry 311942, Spice and Extract Manufacturing.",314,117,5,12
325315,excluded,091be500b4aa12b24cd22a31d6f2519230ad66a66d6aa80ac2680ea6df70dfb0,128,"Manufacturing nitrogenous fertilizer materials or fertilizer materials from sewage or animal waste and mixing these ingredients into nitrogenous fertilizers--are classified in U.S. Industry 325311, Nitrogenous Fertilizer Manufacturing; Manufacturing phosphatic fertilizer materials and mixing these ingredients into phosphatic fertilizers--are classified in U.S. Industry 325312, Phosphatic Fertilizer Manufacturing;",131,98,2,3
325910,excluded,fa4b47a1e069514f9badc16b9e0e47a75b8f68593e582db1e59ede007f524aea,128,"Manufacturing toners and toner cartridges for photocopiers, fax machines, computer printers, and similar office machines--are classified in U.S. Industry 325992, Photographic Film, Paper, Plate, Chemical, and Copy Toner Manufacturing; and Purchasing used inkjet cartridges and reselling them to manufacturers for remanufacturing--are classified in Industry 423930, Recyclable Material Merchant Wholesalers.",129,95,2,3
32599,excluded,19a7fb4797fd0fc5bc3dd558eff31118e058e1ecd691d8becef14ec844d774c8,128,"Manufacturing resins, synthetic rubber, and artificial and synthetic fibers and filaments--are classified in Industry Group 3252, Resin, Synthetic Rubber, and Artificial and Synthetic Fibers and Filaments Manufacturing; Manufacturing paints, coatings, and adhesives--are classified in Industry Group 3255, Paint, Coating, and Adhesive Manufacturing; Manufacturing soaps and cleaning compounds--are classified in Industry Group 3256, Soap, Cleaning Compound, and Toilet Preparation Manufacturing; Manufacturing dessert gelatins--are classified in Industry 31199, All Other Food Manufacturing;",327,121,4,11
325998,excluded,1f2925461dc4acc51aa70acd546e73a573b920242f51c4fd8cc394154fb96760,128,"Manufacturing resins, synthetic rubber, and artificial and synthetic fibers and filaments--are classified in Industry Group 3252, Resin, Synthetic Rubber, and Artificial and Synthetic Fibers and Filaments Manufacturing; Manufacturing pesticides, fertilizers, and other agricultural chemicals--are classified in Industry Group 3253, Pesticide, Fertilizer, and Other Agricultural Chemical Manufacturing; Manufacturing photographic films, papers, plates, chemicals, and copy toners--are classified in U.S. Industry 325992, Photographic Film, Paper, Plate, Chemical, and Copy Toner Manufacturing;",323,126,3,11
326112,excluded,0aa09d728f30439c6ff531415c4ba141b0bfc8212a34ddfdc97699d034502874,128,"Converting plastics resins into plastics film and unlaminated sheet (except packaging)--are classified in U.S. Industry 326113, Unlaminated Plastics Film and Sheet (except Packaging) Manufacturing; Laminating or coating combinations of plastics, foils, and paper (except plastics film to plastics film) film and sheet, packaging or nonpackaging--are classified in Industry 322220, Paper Bag and Coated and Treated Paper Manufacturing; and Manufacturing plastics bags--are classified in U.S. Industry 326111, Plastics Bag and Pouch Manufacturing.",154,120,3,4
326113,excluded,12478e2362836a64788967fb8d3f93edbfdad1b5dd18bf9d34da7515f618933b,128,"Converting plastics resins into plastics packaging film and unlaminated packaging sheet--are classified in U.S. Industry 326112, Plastics Packaging Film and Sheet (including Laminated) Manufacturing; Laminating plastics sheet (except for packaging)--are classified in Industry 326130, Laminated Plastics Plate, Sheet (except Packaging), and Shape Manufacturing; Laminating or coating combinations of plastics, foils, and paper (except plastics film to plastics film) film and sheet, packaging or nonpackaging--are classified in Industry 322220, Paper Bag and Coated and Treated Paper Manufacturing;",151,127,3,4
32619,excluded,8ebfd0b4691d9c715233468b716817828069632f6a62b5b6752e0670da5dff54,128,"Manufacturing plastics film, plastics unlaminated sheet, and plastics bags--are classified in Industry 32611, Plastics Packaging Materials and Unlaminated Film and Sheet Manufacturing; Manufacturing plastics pipes, pipe fittings, and plastics profile shapes (except film, sheet, bags)--are classified in Industry 32612, Plastics Pipe, Pipe Fitting, and Unlaminated Profile Shape Manufacturing; Manufacturing polystyrene foam products--are classified in Industry 32614, Polystyrene Foam Product Manufacturing; Manufacturing plastics furniture parts--are classified in Industry 33721, Office Furniture (including Fixtures) Manufacturing;",291,126,4,10
326199,excluded,e00705ba0a2408fa930b3397b748acc715a7703d831c25a5121bf1bd8b8bcd55,128,"Manufacturing plastics pipes, pipe fittings, and plastics profile shapes (except film, sheet, bags)--are classified in Industry 32612, Plastics Pipe, Pipe Fitting, and Unlaminated Profile Shape Manufacturing; Manufacturing polystyrene foam products--are classified in Industry 326140, Polystyrene Foam Product Manufacturing; Manufacturing plastics hoses--are classified in Industry 326220, Rubber and Plastics Hoses and Belting Manufacturing; Manufacturing plastics furniture parts and components--are classified in U.S. Industry 337215, Showcase, Partition, Shelving, and Locker Manufacturing;",368,127,4,12
32629,excluded,2f5eb96f13c576799fbf738591c60b3319fe75aacd7c45e7b2c6107715ea335a,128,"Manufacturing rubber hoses and belting--are classified in Industry 32622, Rubber and Plastics Hoses and Belting Manufacturing; Rubberizing fabric--are classified in Industry 31332, Fabric Coating Mills; Manufacturing rubber gaskets, packing, and sealing devices--are classified in Industry 33999, All Other Miscellaneous Manufacturing; Manufacturing rubber clothing accessories (e.g., bathing caps)--are classified in Industry 31599, Apparel Accessories and Other Apparel Manufacturing; and Manufacturing rubber toys--are classified in Industry 33993, Doll, Toy, and Game Manufacturing.",159,124,5,7
326299,excluded,dca94c30136170befc4ee45aa28d60541c567bbebb6d705045de5ff75e84ee76,128,"Molding, extruding, and lathe-cutting rubber to manufacture rubber goods (except tubing) for mechanical applications--are classified in U.S. Industry 326291, Rubber Product Manufacturing for Mechanical Use; Manufacturing rubber gasket, packing, and sealing devices--are classified in U.S. Industry 339991, Gasket, Packing, and Sealing Device Manufacturing; and Manufacturing rubber clothing accessories (e.g., bathing caps)--are classified in Industry 315990, Apparel Accessories and Other Apparel Manufacturing.",254,118,3,9
327110,excluded,f1f7c7c215a0b529e841b87ea0b01db5dcbb42c8badad4467cd151209d7b5bcc,128,"Manufacturing enameled iron and steel plumbing fixtures--are classified in U.S. Industry 332999, All Other Miscellaneous Fabricated Metal Product Manufacturing; Manufacturing clay building materials, such as ceramic tile, bricks, and clay roofing tiles, and refractories--are classified in Industry 327120, Clay Building Material and Refractories Manufacturing; Manufacturing ferrite microwave devices and electronic components--are classified in Subsector 334, Computer and Electronic Product Manufacturing; and Manufacturing plastics bathroom accessories--are classified in U.S. Industry 326199, All Other Plastics Product Manufacturing.",175,128,4,6
32721,excluded,764dadaf0ecea9e55d613e9ec8be0042ffa501a5853e6da79d7cb71cb8cae6bc,128,"Manufacturing glass wool (i.e., fiberglass) insulation products--are classified in Industry 32799, All Other Nonmetallic Mineral Product Manufacturing; Manufacturing optical lenses (except ophthalmic), such as magnifying, photographic, and projection lenses--are classified in Industry 33331, Commercial and Service Industry Machinery Manufacturing; Grinding ophthalmic (i.e., eyeglass) lenses for the trade--are classified in Industry 33911, Medical Equipment and Supplies Manufacturing;",137,109,3,4
327212,excluded,c977932c4e6ee760048f0a9bd41f58b9b99e3182123887617521dffe86d2d8d0,128,"Manufacturing glass packaging containers--are classified in U.S. Industry 327213, Glass Container Manufacturing; Manufacturing glass wool (i.e., fiberglass) insulation--are classified in U.S. Industry 327993, Mineral Wool Manufacturing; Manufacturing glassware from purchased glass--are classified in U.S. Industry 327215, Glass Product Manufacturing Made of Purchased Glass; and Manufacturing fiber optic cable from purchased fiber optic strand--are classified in U.S. Industry 335921, Fiber Optic Cable Manufacturing.",136,115,4,5
327215,excluded,404a883694beb5c9eaa9a2ef0173757d655d60f960ba19f0629839e3f7931798,128,"Manufacturing optical lenses (except ophthalmic), such as magnifying, photographic, and projection lenses--are classified in Industry 333310, Commercial and Service Industry Machinery Manufacturing; Manufacturing ophthalmic (i.e., eyeglass) lenses--are classified in U.S. Industry 339115, Ophthalmic Goods Manufacturing; and Manufacturing fiber optic cable from purchased fiber optic strand--are classified in U.S. Industry 335921, Fiber Optic Cable Manufacturing.",130,108,3,4
32799,excluded,ffe3d779f06ee339e8143ef3e9848b044b3338dee0cfee4fe81291c7e7d69bb1,128,"Manufacturing pottery, ceramics, and plumbing fixtures--are classified in Industry 32711, Pottery, Ceramics, and Plumbing Fixture Manufacturing; Manufacturing clay building materials and refractories--are classified in Industry 32712, Clay Building Material and Refractories Manufacturing; Manufacturing cement--are classified in Industry 32731, Cement Manufacturing; Manufacturing concrete products (except pipe, brick, and block)--are classified in Industry 32739, Other Concrete Product Manufacturing; Manufacturing abrasive products--are classified in Industry 32791, Abrasive Product Manufacturing;",327,119,5,13
327999,excluded,57f8c5da770041cee6bb0d22b8ec18466b66ff335633370b118605206647bdfc,128,"Manufacturing clay building materials and refractories--are classified in Industry 327120, Clay Building Material and Refractories Manufacturing; Manufacturing concrete products (except pipe, brick, and block)--are classified in Industry 327390, Other Concrete Product Manufacturing; Manufacturing lime--are classified in Industry 327410, Lime Manufacturing; Manufacturing gypsum products--are classified in Industry 327420, Gypsum Product Manufacturing; Manufacturing cut stone and stone products--are classified in U.S. Industry 327991, Cut Stone and Stone Product Manufacturing;",330,124,5,13
331110,excluded,a31869fd299059ea67ee38b6566ad6250e51aec3b05edf0693b2d1153f64dfad,128,"Manufacturing nonferrous superalloys, such as cobalt or nickel-based superalloys--are classified in U.S. Industry 331492, Secondary Smelting, Refining, and Alloying of Nonferrous Metal (except Copper and Aluminum); Manufacturing concrete reinforcing bar by rolling and drawing steel from purchased steel--are classified in U.S. Industry 331221, Rolled Steel Shape Manufacturing; and Manufacturing fabricated structural metal products from concrete reinforcing bars and fabricated bar joists--are classified in U.S. Industry 332312, Fabricated Structural Metal Manufacturing.",153,127,3,4
331314,excluded,c99200f9cadd0acf02484ba0a51079086c86b313184badb9823277fb7f37743b,128,"Refining alumina or making aluminum and/or aluminum alloys from alumina--are classified in U.S. Industry 331313, Alumina Refining and Primary Aluminum Production; Manufacturing aluminum sheet, plate, and foil from purchased aluminum or by recovering aluminum from scrap and flat rolling or continuous casting--are classified in U.S. Industry 331315, Aluminum Sheet, Plate, and Foil Manufacturing; Sorting, breaking up, and wholesaling scrap metal without also smelting or refining--are classified in Industry 423930, Recyclable Material Merchant Wholesalers;",234,126,3,5
331410,excluded,f8f82950edf57ce7a4e2b6a8e3b8d78f9a31f4d30b25bf6143ad5aa634a9a157,128,"Recovering copper or copper alloys from scrap or dross and/or alloying, rolling, drawing, and extruding purchased copper--are classified in Industry 331420, Copper Rolling, Drawing, Extruding, and Alloying; Recovering nonferrous metals (except copper and aluminum) from scrap and making primary forms and/or alloying purchased nonferrous metals (except copper and aluminum)--are classified in U.S. Industry 331492, Secondary Smelting, Refining, and Alloying of Nonferrous Metal (except Copper and Aluminum);",373,122,2,7
331420,excluded,d6761ca2a7488b7cdfba8b51e2c518fb841ea6732ba4df32110a71471f377019,128,"Smelting copper ore, primary copper refining, and/or rolling, drawing, or extruding primary copper made in the same establishment--are classified in Industry 331410, Nonferrous Metal (except Aluminum) Smelting and Refining; Recovering nonferrous metals (except copper, aluminum) from scrap and making primary forms and/or alloying purchased nonferrous metals (except copper and aluminum)--are classified in U.S. Industry 331492, Secondary Smelting, Refining, and Alloying of Nonferrous Metal (except Copper and Aluminum);",369,125,2,8
33149,excluded,a128f7fc93583bad73bf03c57eb45f80fec07b770187893d8460de738553b459,128,"Recovering copper and copper alloys from scrap, alloying purchased copper, rolling, drawing, or extruding shapes from purchased copper, and recovering copper or copper alloys from scrap and rolling, drawing, or extruding shapes in integrated mills--are classified in Industry 33142, Copper Rolling, Drawing, Extruding, and Alloying; and Operating facilities where commingled recyclable materials, such as paper, plastics, used beverage cans, and metals, are sorted into distinct categories without also smelting or refining--are classified in Industry 56292, Materials Recovery Facilities.",290,125,2,7
331491,excluded,d3df49170581cc4e5323c1f128825378f5bf3a23b2fcfcb6c088ed7f07ca8ab3,128,"Rolling, drawing, and/or extruding shapes from purchased copper or recovering copper from scrap and rolling, drawing, or extruding shapes--are classified in Industry 331420, Copper Rolling, Drawing, Extruding, and Alloying; Making primary nonferrous metals and rolling, drawing, or extruding nonferrous metal shapes--are classified in Industry 331410, Nonferrous Metal (except Aluminum) Smelting and Refining;",221,100,2,5
331492,excluded,ab7be73cb19c86a2a1803aa2cfc813cc41f701ead737ad596d37547603264872,128,"Sorting, breaking up, and wholesaling scrap metal without also smelting or refining--are classified in Industry 423930, Recyclable Material Merchant Wholesalers; Recovering nonferrous metals from scrap and rolling, drawing, or extruding shapes in integrated facilities--are classified in U.S. Industry 331491, Nonferrous Metal (except Copper and Aluminum) Rolling, Drawing, and Extruding;",226,94,2,5
33221,excluded,90f7aaa4f9c5dab4893e5f947f7991b0a87b931ba2e3d78d0f79f1b3deeed34a,128,"Manufacturing precious (except precious plated) metal cutlery and flatware--are classified in Industry 33991, Jewelry and Silverware Manufacturing; Manufacturing electric razors and hair clippers for use on humans--are classified in Industry 33521, Small Electrical Appliance Manufacturing; Manufacturing metal cutting dies, attachments, and accessories for machine tools--are classified in Industry 33351, Metalworking Machinery Manufacturing; and Manufacturing stampings for kitchen utensils, pots, and pans--are classified in Industry 33211, Forging and Stamping.",219,119,4,7
332215,excluded,d3e80c1c5b9db98a53ce71f4d83051dca7ce8f666085a8324f36af5c5a788acc,128,"Manufacturing electric razors and hair clippers for use on humans--are classified in Industry 335210, Small Electrical Appliance Manufacturing; Manufacturing power hedge shears and trimmers--are classified in U.S. Industry 333112, Lawn and Garden Tractor and Home Lawn and Garden Equipment Manufacturing; and Manufacturing stampings for kitchen utensils, pots, and pans--are classified in U.S. Industry 332119, Metal Crown, Closure, and Other Metal Stamping (except Automotive).",220,111,3,6
332216,excluded,94dfd0da319ab13aae23ec7f5d6d87bb59e68b964abbbe808434f8e8f51ab6e0,128,"Manufacturing power-driven handtools--are classified in U.S. Industry 333991, Power-Driven Handtool Manufacturing; Manufacturing electric razors and hair clippers for use on humans--are classified in Industry 335210, Small Electrical Appliance Manufacturing; and Manufacturing nonelectric household-type scissors and shears--are classified in U.S. Industry 332215, Metal Kitchen Cookware, Utensil, Cutlery, and Flatware (except Precious) Manufacturing.",166,110,3,5
33231,excluded,0de014d47fd256649287320ca608aaadb133a9bcb9727a1c1a0d0e77eb1fe47b,128,"Making manufactured homes (i.e., mobile homes) and prefabricated wood buildings--are classified in Industry 32199, All Other Wood Product Manufacturing; Building ships, boats, and barges--are classified in Industry 33661, Ship and Boat Building; Manufacturing heavy gauge tanks--are classified in Industry 33242, Metal Tank (Heavy Gauge) Manufacturing; Manufacturing metal plate cooling towers--are classified in Industry 33341, Ventilation, Heating, Air-Conditioning, and Commercial Refrigeration Equipment Manufacturing;",185,113,4,7
332312,excluded,0d478be48a468d34b19219ac5cc04127550672b44604872accff77756b8fc757,128,"Manufacturing concrete reinforcing bars in an iron and steel mill--are classified in Industry 331110, Iron and Steel Mills and Ferroalloy Manufacturing; Manufacturing concrete reinforcing bar by rolling and drawing steel from purchased steel--are classified in U.S. Industry 331221, Rolled Steel Shape Manufacturing; Building ships, boats, and barges--are classified in Industry 33661, Ship and Boat Building; and Prefabricating metal buildings, panels, and sections--are classified in U.S. Industry 332311, Prefabricated Metal Building and Component Manufacturing.",198,128,4,7
33232,excluded,b737e7204ab7ab0c445c4a0152888a8079795fbd2e241f6551a104ecae9438d6,128,"Manufacturing bins, cans, vats, and light tanks of sheet metal--are classified in Industry 33243, Metal Can, Box, and Other Metal Container (Light Gauge) Manufacturing; Manufacturing prefabricated metal buildings, panels, and sections--are classified in Industry 33231, Plate Work and Fabricated Structural Product Manufacturing; Fabricating sheet metal work on site--are classified in Subsector 238, Specialty Trade Contractors; Manufacturing metal stampings (except automotive, coins) and custom roll forming products--are classified in Industry 33211, Forging and Stamping;",190,123,4,7
332322,excluded,adcdc0ea4ee2efbf5ac2ff9fadf9c83a7b22b201c26a1daf69bd9084030881ce,128,"Manufacturing sheet metal bins, vats, and light tanks--are classified in U.S. Industry 332439, Other Metal Container Manufacturing; Manufacturing metal cans, lids, and ends--are classified in U.S. Industry 332431, Metal Can Manufacturing; Manufacturing metal stampings (except automotive, coins) and custom roll forming products--are classified in Industry 33211, Forging and Stamping; Manufacturing automotive stampings--are classified in Industry 336370, Motor Vehicle Metal Stamping;",152,111,4,6
332510,excluded,826a051387e5c9c98beb153195377cd8eec88e1899be324c1ec959dcc02d65b6,128,"Manufacturing bolts, nuts, screws, rivets, washers, hose clamps, and turnbuckles--are classified in U.S. Industry 332722, Bolt, Nut, Screw, Rivet, and Washer Manufacturing; Manufacturing coin- or card-operated locking mechanisms--are classified in Industry 333310, Commercial and Service Industry Machinery Manufacturing; Manufacturing fireplace fixtures and equipment, traps, handcuffs and leg irons, ladder jacks, and other like metal products--are classified in U.S. Industry 332999, All Other Miscellaneous Fabricated Metal Product Manufacturing;",325,127,3,10
332710,excluded,1e09450a42a0d325e625c34e7488e8079cd5a62e4db5ca2c66dc123e986a32b7,128,"Machining precision products, known as precision turned manufacturers--are classified in U.S. Industry 332721, Precision Turned Product Manufacturing; Manufacturing weldments and fabricated metal plate products--are classified in U.S. Industry 332313, Plate Work Manufacturing; Manufacturing motor vehicle stampings--are classified in Industry 336370, Motor Vehicle Metal Stamping; and Repairing industrial machinery and equipment--are classified in Industry 811310, Commercial and Industrial Machinery and Equipment (except Automotive and Electronic) Repair and Maintenance.",276,113,4,8
33291,excluded,25931ced9a8ba499ae9959903b473a95b2c33620592b9fb0879b30f6843fea80,128,"Manufacturing fluid power cylinders and pumps--are classified in Industry 33399, All Other General Purpose Machinery Manufacturing; Manufacturing intake and exhaust valves for internal combustion engines--are classified in Industry 33631, Motor Vehicle Gasoline Engine and Engine Parts Manufacturing; Manufacturing metal shower rods and metal couplings from purchased metal pipe--are classified in Industry 33299, All Other Fabricated Metal Product Manufacturing; and Manufacturing plastics pipe fittings and couplings--are classified in Industry 32612, Plastics Pipe, Pipe Fitting, and Unlaminated Profile Shape Manufacturing.",164,115,4,6
332912,excluded,2ee203991bcb3f56e180aaab2f1ea52ec7f3db1710f247bb370313d68af21d1b,128,"Manufacturing fluid power cylinders--are classified in U.S. Industry 333995, Fluid Power Cylinder and Actuator Manufacturing; Manufacturing intake and exhaust valves for internal combustion engines--are classified in Industry 336310, Motor Vehicle Gasoline Engine and Engine Parts Manufacturing; Manufacturing industrial-type valves--are classified in U.S. Industry 332911, Industrial Valve Manufacturing; and Manufacturing plumbing and heating inline valves--are classified in U.S. Industry 332919, Other Metal Valve and Pipe Fitting Manufacturing.",138,112,4,5
332919,excluded,16e5a942df79a344998a578d29698cf32c64402f648216f2eac933158dacd280,128,"Manufacturing fluid power valves and hose fittings--are classified in U.S. Industry 332912, Fluid Power Valve and Hose Fitting Manufacturing; Manufacturing industrial valves--are classified in U.S. Industry 332911, Industrial Valve Manufacturing; Casting iron pipe fittings and couplings without machining--are classified in U.S. Industry 331511, Iron Foundries; and Manufacturing plastics pipe fittings and couplings--are classified in U.S. Industry 326122, Plastics Pipe and Pipe Fitting Manufacturing.",200,114,4,7
33299,excluded,df7a2a53591cbfaf0bc4b73fa412ac183dcd5e3e08c0e0df61e028fb455e8480,128,"Manufacturing cutlery and handtools--are classified in Industry 33221, Cutlery and Handtool Manufacturing; Manufacturing architectural and structural metals--are classified in Industry Group 3323, Architectural and Structural Metals Manufacturing; Manufacturing military tanks--are classified in Industry 33699, Other Transportation Equipment Manufacturing; Manufacturing pipe system fittings (except cast iron couplings and couplings made from purchased pipe) and metal aerosol spray nozzles--are classified in Industry 33291, Metal Valve Manufacturing; Manufacturing fireworks--are classified in Industry 32599, All Other Chemical Product and Preparation Manufacturing;",616,128,5,26
332999,excluded,54be7c8fe35457faf1ce7b49e1293720421a3d3d2cffafc7dff1269634ed164e,128,"Manufacturing architectural and structural metals--are classified in Industry Group 3323, Architectural and Structural Metals Manufacturing; Turned Product; Manufacturing ammunition (except small arms)--are classified in U.S. Industry 332993, Ammunition (except Small Arms) Manufacturing; Manufacturing cast iron pipe and fittings--are classified in U.S. Industry 331511, Iron Foundries; Manufacturing metal boxes--are classified in U.S. Industry 332439, Other Metal Container Manufacturing; Manufacturing plastics plumbing fixtures--are classified in U.S. Industry 326191, Plastics Plumbing Fixture Manufacturing;",755,128,6,29
33324,excluded,c1dca2567c4e6bd1720cea5f0133bc563e0178a88c09cd9c4b1b25e53f128ed4,128,"Manufacturing food and beverage packaging machinery or power-driven handtools--are classified in Industry 33399, All Other General Purpose Machinery Manufacturing; Manufacturing commercial and industrial refrigeration and freezer equipment--are classified in Industry 33341, Ventilation, Heating, Air-Conditioning, and Commercial Refrigeration Equipment Manufacturing; Manufacturing commercial-type cooking and food warming equipment, automotive maintenance equipment (except mechanics' handtools), or photocopiers--are classified in Industry 33331, Commercial and Service Industry Machinery Manufacturing;",177,115,3,5
333248,excluded,a1c6961eb597c5d8ba0ac61bccee29a045cecd3e6dce11be7356ebc0f3ef4a01,128,"Manufacturing food and beverage manufacturing-type machinery--are classified in U.S. Industry 333241, Food Product Machinery Manufacturing; Manufacturing semiconductor making machinery--are classified in U.S. Industry 333242, Semiconductor Machinery Manufacturing; Manufacturing sawmill, woodworking, and paper and paperboard making machinery--are classified in U.S. Industry 333243, Sawmill, Woodworking, and Paper Machinery Manufacturing; Manufacturing automotive maintenance equipment (except mechanics' handtools) or photocopiers--are classified in Industry 333310, Commercial and Service Industry Machinery Manufacturing;",214,124,4,7
333310,excluded,08e165042863d45104b1c7cfda90aa5e8a9217be0996faa26661254fcfffdad1,128,"Manufacturing and/or assembling electronic computers--are classified in U.S. Industry 334111, Electronic Computer Manufacturing; Manufacturing time clocks and time stamps--are classified in U.S. Industry 334519, Other Measuring and Controlling Device Manufacturing; Manufacturing pencil sharpeners and staplers--are classified in Industry 339940, Office Supplies (except Paper) Manufacturing; Manufacturing molded plastics lens blanks--are classified in U.S. Industry 326199, All Other Plastics Product Manufacturing;",419,109,4,14
33341,excluded,673bd469eea1baaf89ba92ffabc3b9653a43486250869fd09fe645de2582829a,128,"Manufacturing household-type appliances, such as cooking stoves, ranges, refrigerators, and freezers--are classified in Industry 33522, Major Household Appliance Manufacturing; Manufacturing industrial, power, and marine boilers--are classified in Industry 33241, Power Boiler and Heat Exchanger Manufacturing; Manufacturing industrial process furnaces and ovens--are classified in Industry 33399, All Other General Purpose Machinery Manufacturing; and Manufacturing motor vehicle air-conditioning systems and compressors--are classified in Industry 33639, Other Motor Vehicle Parts Manufacturing.",183,116,4,6
333414,excluded,fba3f5cb3c0027e94d24538f97e859ba1afbf82e8c58a74e516089039f6fa819,128,"Manufacturing warm air furnaces--are classified in U.S. Industry 333415, Air-Conditioning and Warm Air Heating Equipment and Commercial and Industrial Refrigeration Equipment Manufacturing; Manufacturing industrial, power, and marine boilers--are classified in Industry 332410, Power Boiler and Heat Exchanger Manufacturing; Manufacturing industrial process furnaces and ovens--are classified in U.S. Industry 333994, Industrial Process Furnace and Oven Manufacturing; and Manufacturing commercial-type cooking equipment--are classified in Industry 333310, Commercial and Service Industry Machinery Manufacturing.",170,122,4,6
333415,excluded,68086fcd369fb51373629c9a1e606d9ac5b4653b1c426d478b8fb95dc23a0bb8,128,"Manufacturing motor vehicle air-conditioning systems and compressors--are classified in Industry 336390, Other Motor Vehicle Parts Manufacturing; Manufacturing portable electric space heaters, humidifiers, and dehumidifiers--are classified in Industry 335210, Small Electrical Appliance Manufacturing; Manufacturing heating boilers, heating stoves, floor and wall mount furnaces, and electric wall and baseboard heating units--are classified in U.S. Industry 333414, Heating Equipment (except Warm Air Furnaces) Manufacturing;",169,111,3,5
333517,excluded,feeaf480f78107f9e69da6efb1b9716cd607607c95f29b75c6d8fb2c4d1b5759,128,"Manufacturing power-driven handtools--are classified in U.S. Industry 333991, Power-Driven Handtool Manufacturing; Manufacturing rolling mill machinery and equipment--are classified in U.S. Industry 333519, Rolling Mill and Other Metalworking Machinery Manufacturing; and Manufacturing accessories and attachments for metal cutting and forming machine tools (except saw blades)--are classified in U.S. Industry 333515, Cutting Tool and Machine Tool Accessory Manufacturing.",131,103,3,4
333519,excluded,4d1b77357dd4c05325f755dd90ab2f66e9cbfda0cf09fe1b2bfbea10219130e1,128,"Manufacturing metal cutting and metal forming machine tools--are classified in U.S. Industry 333517, Machine Tool Manufacturing; Manufacturing special dies and tools, die sets, jigs, and fixtures--are classified in U.S. Industry 333514, Special Die and Tool, Die Set, Jig, and Fixture Manufacturing; and Manufacturing accessories and attachments for metal cutting and forming machine tools (except saw blades)--are classified in U.S. Industry 333515, Cutting Tool and Machine Tool Accessory Manufacturing.",135,113,3,4
33361,excluded,a0c897de8d30ec67b3030a710b9f4397d59ab61ca9577a6efdeef52eaa5d12f8,128,"Manufacturing motor vehicle power transmission equipment--are classified in Industry 33635, Motor Vehicle Transmission and Power Train Parts Manufacturing; Manufacturing ball and roller bearings--are classified in Industry 33299, All Other Fabricated Metal Product Manufacturing; Manufacturing gasoline automotive engines--are classified in Industry 33631, Motor Vehicle Gasoline Engine and Engine Parts Manufacturing; and Manufacturing electric power transmission, electric power distribution equipment, generators, or prime mover generator sets (except turbines)--are classified in Industry 33531, Electrical Equipment Manufacturing.",131,108,4,5
333613,excluded,36bbb396efd43e6e294d9e45e04d8cf40815584d70968675904f7aa14bb68cef,128,"Manufacturing aircraft power transmission equipment--are classified in U.S. Industry 336413, Other Aircraft Parts and Auxiliary Equipment Manufacturing; Manufacturing ball and roller bearings--are classified in U.S. Industry 332991, Ball and Roller Bearing Manufacturing; and Manufacturing gears, speed changers, and industrial high-speed drives (except hydrostatic)--are classified in U.S. Industry 333612, Speed Changer, Industrial High-Speed Drive, and Gear Manufacturing.",129,104,3,4
333618,excluded,283c4354918948e45f11201ce877c6a62d0a4145ea804db98a9b96976b670d56,128,"Manufacturing gasoline motor vehicle engines and motor vehicle transmissions--are classified in Industry Group 3363, Motor Vehicle Parts Manufacturing; Manufacturing gasoline aircraft engines and aircraft transmissions--are classified in Industry 33641, Aerospace Product and Parts Manufacturing; Manufacturing speed changers and industrial high-speed drives and gears--are classified in U.S. Industry 333612, Speed Changer, Industrial High-Speed Drive, and Gear Manufacturing; and Manufacturing mechanical power transmission equipment (except motor vehicle and aircraft)--are classified in U.S. Industry 333613, Mechanical Power Transmission Equipment Manufacturing.",152,123,4,5
33391,excluded,aa580e0b3463ee9e5ef37b3fc85a480949990af789836aaa379e30652bb97d69,128,"Manufacturing fluid power pumps and motors and handheld pneumatic spray guns--are classified in Industry 33399, All Other General Purpose Machinery Manufacturing; Manufacturing laboratory vacuum pumps--are classified in Industry 33911, Medical Equipment and Supplies Manufacturing; Manufacturing pumps and air-conditioning systems and compressors for motor vehicles--are classified in Industry Group 3363, Motor Vehicle Parts Manufacturing; and Manufacturing air-conditioning systems and compressors (except motor vehicle)--are classified in Industry 33341, Ventilation, Heating, Air-Conditioning, and Commercial Refrigeration Equipment Manufacturing.",141,121,4,5
333912,excluded,d48007b3ab3b94aac97f922117c04144cd1a04d7606357e81d99110f6dcb38c1,128,"Manufacturing refrigeration and air-conditioning (except motor vehicle) systems and compressors--are classified in U.S. Industry 333415, Air-Conditioning and Warm Air Heating Equipment and Commercial and Industrial Refrigeration Equipment Manufacturing; Manufacturing fluid power pumps and motors--are classified in U.S. Industry 333996, Fluid Power Pump and Motor Manufacturing; and Manufacturing handheld pneumatic spray guns--are classified in U.S. Industry 333991, Power-Driven Handtool Manufacturing.",193,114,3,6
33399,excluded,68f455319b8f47daf66ab827f91c22b038049437e1a29730e4bc1ff2c337cddf,128,"Manufacturing ventilating, heating, air-conditioning (except motor vehicle), commercial refrigeration, and furnace filters--are classified in Industry 33341, Ventilation, Heating, Air-Conditioning, and Commercial Refrigeration Equipment Manufacturing; Manufacturing material handling equipment--are classified in Industry 33392, Material Handling Equipment Manufacturing; Manufacturing power-driven heavy construction or mining hand operated tools, such as tampers, jackhammers, and augers--are classified in Industry 33312, Construction Machinery Manufacturing, or Industry 33313, Mining and Oil and Gas Field Machinery Manufacturing;",369,125,3,11
333991,excluded,ddf7af63604049958bff5ac0453ffe7db1c018011599917c7255f339ee703501,128,"Manufacturing metal cutting and metal forming machines (including home workshop)--are classified in Industry 33351, Metalworking Machinery Manufacturing; Manufacturing countersink bits, drill bits, router bits, milling cutters, and other machine tools for woodcutting--are classified in U.S. Industry 332216, Saw Blade and Handtool Manufacturing; Manufacturing power-driven heavy construction or mining hand operated tools, such as tampers, jackhammers, and augers--are classified in Industry 333120, Construction Machinery Manufacturing, or Industry 33313, Mining and Oil and Gas Field Machinery Manufacturing;",162,128,3,4
333998,excluded,acc00190aacadb888f1b32b419b5b55beb31f8b74a45ab8d0fe7e1e8f0b2e700,128,"Manufacturing ventilating, heating, air-conditioning (except motor vehicle), and commercial refrigeration equipment--are classified in Industry 33341, Ventilation, Heating, Air-Conditioning, and Commercial Refrigeration Equipment Manufacturing; Manufacturing material handling equipment--are classified in Industry 33392, Material Handling Equipment Manufacturing; Manufacturing fluid power pumps and motors--are classified in U.S. Industry 333996, Fluid Power Pump and Motor Manufacturing; and Manufacturing mechanical jacks--are classified in U.S. Industry 332216, Saw Blade and Handtool Manufacturing.",420,127,4,14
33411,excluded,5f084de8ad4636d3def71043b6a547ef280560c5d9830f5560f8d44a683b256f,128,"Manufacturing external audio speakers for computer use--are classified in Industry 33431, Audio and Video Equipment Manufacturing; internal and external computer modems; and semiconductor storage devices, such as memory chips--are classified in Industry 33441, Semiconductor and Other Electronic Component Manufacturing; Manufacturing other parts, such as casings, stampings, cable sets, and switches, for computers, storage devices and other peripheral equipment--are classified in the Manufacturing sector based on their associated production processes; Manufacturing digital cameras--are classified in Industry 33331, Commercial and Service Industry Machinery Manufacturing;",269,119,5,10
334111,excluded,1be707ad4b5267fd42f92cfaf4c5243e9b321c52fba2eefdaad9bce805ef0d52,128,"Manufacturing digital telecommunications switches, and local area network and wide area network communication equipment, such as bridges, routers, and gateways--are classified in Industry 334210, Telephone Apparatus Manufacturing; Manufacturing internal, loaded, printed circuit board devices, such as sound, video, controller, and network interface cards; and semiconductor storage devices, such as memory chips--are classified in Industry 33441, Semiconductor and Other Electronic Component Manufacturing; Manufacturing other parts, such as casings, stampings, cable sets, and switches, for computers--are classified in the Manufacturing sector based on their associated production processes;",225,127,4,8
334112,excluded,11b03554e42196fda303d737a42d77325ff04a4ac7a87aa81572da3a64efbdb1,128,"Manufacturing semiconductor storage devices, such as memory chips--are classified in U.S. Industry 334413, Semiconductor and Related Device Manufacturing; Manufacturing drive controller cards, internal or external to the storage device--are classified in U.S. Industry 334418, Printed Circuit Assembly (Electronic Assembly) Manufacturing; and Manufacturing other parts, such as casings, stampings, cable sets, and switches, for computer storage devices--are classified in the Manufacturing sector based on their associated production processes.",140,106,3,4
334118,excluded,1887d5ac733bfe30eb77a11e96f31d28a94962e77089aeffeb3c9822c09fcb49,128,"Manufacturing local area network and wide area network communications equipment, such as bridges, routers, and gateways--are classified in Industry 334210, Telephone Apparatus Manufacturing; and internal and external computer modems used as computer peripherals--are classified in U.S. Industry 334418, Printed Circuit Assembly (Electronic Assembly) Manufacturing; Manufacturing other parts, such as casings, stampings, cable sets, and switches, for computer peripheral equipment--are classified in the Manufacturing sector based on their associated production processes;",201,111,3,7
334310,excluded,8604ad5b4e59ffc065905907046f8eeef4420f23a4c1610d96b3442036b1a0b5,128,"Manufacturing photographic (i.e., still and motion picture) equipment--are classified in Industry 333310, Commercial and Service Industry Machinery Manufacturing; Manufacturing auto theft alarms or video-based stadium displays--are classified in Industry 334290, Other Communications Equipment Manufacturing; and Manufacturing mobile radios, such as citizens band and FM transceivers for household or motor vehicle uses; and cable decoders and satellite television equipment--are classified in Industry 334220, Radio and Television Broadcasting and Wireless Communications Equipment Manufacturing.",139,110,4,6
33441,excluded,ae80a9a778c5ff30a9e857765fa445da74a9eeacd7b8ac77c59e78bf11bdd5a2,128,"Manufacturing X-ray tubes--are classified in Industry 33451, Navigational, Measuring, Electromedical, and Control Instruments Manufacturing; Manufacturing telephone system components or modules--are classified in Industry 33421, Telephone Apparatus Manufacturing; Manufacturing finished products that incorporate loaded printed circuit boards--are classified in the Manufacturing sector based on the production process of making the final product; and Manufacturing coils, switches, transformers, connectors, capacitors, rheostats, and similar devices for electrical applications--are classified in Subsector 335, Electrical Equipment, Appliance, and Component Manufacturing.",171,127,4,6
334419,excluded,9bf55720dd91f546ebaa1f5347e2634121ae3875c4ec3ec65c4e2df57e5fa235,128,"Manufacturing semiconductors, photonic integrated circuits, and/or silicon wave guides--are classified in U.S. Industry 334413, Semiconductor and Related Device Manufacturing; Manufacturing electronic capacitors, electronic resistors, and electronic inductors--are classified in U.S. Industry 334416, Capacitor, Resistor, Coil, Transformer, and Other Inductor Manufacturing; Loading components onto printed circuit boards or manufacturing loaded printed circuit boards--are classified in U.S. Industry 334418, Printed Circuit Assembly (Electronic Assembly) Manufacturing;",240,122,3,8
33451,excluded,32e3c735d6de21e691daf1529dbe8a48ba7139df154b27102067ccbebcc3cf12,128,"Manufacturing motor control switches and relays (including timing relays)--are classified in Industry 33531, Electrical Equipment Manufacturing; Manufacturing optical instruments--are classified in Industry 33331, Commercial and Service Industry Machinery Manufacturing; Manufacturing plastics watch and clock crystals--are classified in Industry 32619, Other Plastics Product Manufacturing; Manufacturing smartwatches--are classified in Industry 33422, Radio and Television Broadcasting and Wireless Communications Equipment Manufacturing; and Manufacturing medical thermometers and other nonelectrical medical apparatus--are classified in Industry 33911, Medical Equipment and Supplies Manufacturing.",188,122,5,8
334513,excluded,9f00f3d5c4b16029377f237dfef9ac16bb76a11423b138635ba95650c026d7c2,128,"Manufacturing instruments for measuring or testing electricity and electrical signals--are classified in U.S. Industry 334515, Instrument Manufacturing for Measuring and Testing Electricity and Electrical Signals; Manufacturing medical thermometers--are classified in U.S. Industry 339112, Surgical and Medical Instrument Manufacturing; and Manufacturing optical alignment and display instruments, optical comparators, and optical test and inspection equipment--are classified in Industry 333310, Commercial and Service Industry Machinery Manufacturing.",167,101,3,5
334519,excluded,75db4aa708dabccafad381a1d6cf7f1f9efd51358e54dbcd59c2034033286807,128,"Manufacturing instruments and related devices that measure, display, or control (i.e., monitor or analyze) industrial process variables--are classified in U.S. Industry 334513, Instruments and Related Products Manufacturing for Measuring, Displaying, and Controlling Industrial Process Variables; Manufacturing electromedical and electrotherapeutic apparatus--are classified in U.S. Industry 334510, Electromedical and Electrotherapeutic Apparatus Manufacturing; Manufacturing plastics watch and clock crystals--are classified in U.S. Industry 326199, All Other Plastics Product Manufacturing;",476,122,3,13
33513,excluded,6f00f38ebaa2df10340d6cf4ea8d089132dbf3404ecd27e6e54dd47f074fb12a,128,"Manufacturing vehicular lighting fixtures--are classified in Industry 33632, Motor Vehicle Electrical and Electronic Equipment Manufacturing; Manufacturing current-carrying wiring devices for lighting fixtures--are classified in Industry 33593, Wiring Device Manufacturing; Manufacturing plastics lamp shades--are classified in Industry 32619, Other Plastics Product Manufacturing; Manufacturing glassware and glass parts for lighting fixtures, including glass blanks for electric light bulbs--are classified in Industry 32721, Glass and Glass Product Manufacturing; Manufacturing light emitting diodes (LEDs)--are classified in Industry 33441, Semiconductor and Other Electronic Component Manufacturing;",183,127,5,7
335131,excluded,6a412ae9bc58af38b46051ca24563a3879cfb4a11146061c711c07e80cb48453,128,"Manufacturing commercial, industrial, and institutional electric lighting fixtures--are classified in U.S. Industry 335132, Commercial, Industrial, and Institutional Electric Lighting Fixture Manufacturing; Manufacturing electric light bulbs, tubes, and parts (except glass parts and light emitting diodes (LEDs)), and other lighting fixtures, such as street lights (except traffic signals), flashlights, and nonelectric lighting fixtures--are classified in U.S. Industry 335139, Electric Lamp Bulb and Other Lighting Equipment Manufacturing;",257,111,2,7
335132,excluded,2f21b9a161eddb95f7e39824ab23ecb94c26b2e2e7cafd51010c4e47730a80c2,128,"Manufacturing residential electric lighting fixtures--are classified in U.S. Industry 335131, Residential Electric Lighting Fixture Manufacturing; Manufacturing vehicular lighting fixtures--are classified in Industry 336320, Motor Vehicle Electrical and Electronic Equipment Manufacturing; Manufacturing electric light bulbs, tubes, and parts (except glass parts and light emitting diodes (LEDs)), and other lighting fixtures, such as street lights (except traffic signals), flashlights, and nonelectric lighting equipment--are classified in U.S. Industry 335139, Electric Lamp Bulb and Other Lighting Equipment Manufacturing;",256,125,3,7
335139,excluded,e3141775b3d60b6f2fcbb5d12f1d29dbba3a361152d16957ec3faf42d4adede9,128,"Manufacturing residential electric lighting fixtures--are classified in U.S. Industry 335131, Residential Electric Lighting Fixture Manufacturing; Manufacturing commercial, industrial, and institutional electric lighting fixtures--are classified in U.S. Industry 335132, Commercial, Industrial, and Institutional Electric Lighting Fixture Manufacturing; Manufacturing light emitting diodes (LEDs)--are classified in U.S. Industry 334413, Semiconductor and Related Device Manufacturing; and Manufacturing signaling devices that incorporate electric light bulbs, such as traffic and railway signals--are classified in Industry 334290, Other Communications Equipment Manufacturing.",212,125,4,7
335210,excluded,fc150df42b819af919a8456667d6083b92c1b9b360aa4dc3ae437b0c93905c8a,128,"Manufacturing attic fans--are classified in U.S. Industry 333413, Industrial and Commercial Fan and Blower and Air Purification Equipment Manufacturing; Manufacturing room air-conditioners--are classified in U.S. Industry 333415, Air-Conditioning and Warm Air Heating Equipment and Commercial and Industrial Refrigeration Equipment Manufacturing; Manufacturing microwave and convection ovens--are classified in Industry 335220, Major Household Appliance Manufacturing; and Installing central vacuum cleaning systems--are classified in Industry 238290, Other Building Equipment Contractors.",188,117,4,6
335220,excluded,823c2ddbb14f8e456f187a6c591b530e0aa1e12fec586a84b52c522d5c4a1a8c,128,"Manufacturing small electric appliances and electric housewares, such as hot plates, griddles, toasters, and electric irons--are classified in Industry 335210, Small Electrical Appliance Manufacturing; Manufacturing commercial and industrial refrigerators and freezers--are classified in U.S. Industry 333415, Air-Conditioning and Warm Air Heating Equipment and Commercial and Industrial Refrigeration Equipment Manufacturing; Manufacturing commercial-type cooking equipment and commercial-type laundry, drycleaning, and pressing equipment--are classified in Industry 333310, Commercial and Service Industry Machinery Manufacturing;",152,125,3,4
33531,excluded,7859772db6511eabb2da1164f88d851661ff6f86aace1b66922b92411dde0974,128,"Manufacturing environmental controls and industrial process control instruments--are classified in Industry 33451, Navigational, Measuring, Electromedical, and Control Instruments Manufacturing; Manufacturing switches for electrical circuits, such as pushbutton and snap switches--are classified in Industry 33593, Wiring Device Manufacturing; Manufacturing welding and soldering equipment (except handheld soldering irons)--are classified in Industry 33399, All Other General Purpose Machinery Manufacturing; and Manufacturing starting motors and generators for internal combustion engines--are classified in Industry 33632, Motor Vehicle Electrical and Electronic Equipment Manufacturing.",175,121,4,6
335312,excluded,84ab037262c3c3f672bd6444a4fc77a73b3c546f43c8637658371b9c934f4533,128,"Manufacturing starting motors and battery charging alternators for internal combustion engines--are classified in Industry 336320, Motor Vehicle Electrical and Electronic Equipment Manufacturing; Rewinding armatures, not on a factory basis--are classified in Industry 811310, Commercial and Industrial Machinery and Equipment (except Automotive and Electronic) Repair and Maintenance; and Manufacturing welding and soldering equipment (except handheld soldering irons)--are classified in U.S. Industry 333992, Welding and Soldering Equipment Manufacturing.",167,110,3,5
335929,excluded,3e5ead1f48acfc2807effc787594937b9a96a0943de2ab64883b03a88195fc2d,128,"Manufacturing cable sets consisting of insulated wire and various connectors for electronic applications--are classified in U.S. Industry 334419, Other Electronic Component Manufacturing; Drawing and insulating copper wire in the same establishment--are classified in Industry 331420, Copper Rolling, Drawing, Extruding, and Alloying; and Drawing nonferrous wire (except copper and aluminum)--are classified in U.S. Industry 331491, Nonferrous Metal (except Copper and Aluminum) Rolling, Drawing, and Extruding.",194,116,3,5
33599,excluded,860bab5e6fb4e3b78a43faba3914f9638a509154d81c6c63124ec9e555b7ed34,128,"Manufacturing transformers, motors, generators, switchgear, relays, and industrial controls--are classified in Industry 33531, Electrical Equipment Manufacturing; Manufacturing communication and energy wire--are classified in Industry 33592, Communication and Energy Wire and Cable Manufacturing; Manufacturing carbon or graphite gaskets--are classified in Industry 33999, All Other Miscellaneous Manufacturing; Manufacturing electronic component-type rectifiers, voltage regulating integrated circuits, power converting integrated circuits, electronic capacitors, electronic resistors, and similar devices--are classified in Industry 33441, Semiconductor and Other Electronic Component Manufacturing;",232,128,4,9
335999,excluded,4708d26d17ca51ea2472fd41c3f0a3a8e21d54c3b7f40ba8b4d675b1051dfe45,128,"Manufacturing lighting equipment--are classified in Industry 33513, Electric Lighting Equipment Manufacturing; Manufacturing transformers, motors, generators, switchgear, relays, and industrial controls--are classified in Industry 33531, Electrical Equipment Manufacturing; Manufacturing electronic component-type rectifiers (except semiconductor)--are classified in U.S. Industry 334419, Other Electronic Component Manufacturing; Manufacturing carbon and graphite products--are classified in U.S. Industry 335991, Carbon and Graphite Product Manufacturing;",319,111,4,11
336120,excluded,fc5649b8950f4df69b8c030af539acc08de797c660a7965058f60050dd500819,128,"Manufacturing truck and bus bodies and assembling vehicles on purchased chassis--are classified in U.S. Industry 336211, Motor Vehicle Body Manufacturing; Manufacturing motor homes on purchased heavy truck chassis--are classified in U.S. Industry 336213, Motor Home Manufacturing; Manufacturing vans, minivans, and light trucks--are classified in Industry 336110, Automobile and Light Duty Motor Vehicle Manufacturing; Manufacturing military armored vehicles--are classified in U.S. Industry 336992, Military Armored Vehicle, Tank, and Tank Component Manufacturing;",141,120,4,5
33621,excluded,fdce022118ab9e4ba46db91316f2b0a264f552333a6ccda41d633cd33d96a6a7,128,"Making manufactured homes (i.e., mobile homes)--are classified in Industry 32199, All Other Wood Product Manufacturing; Customizing automotive vehicle and trailer interiors (i.e., van conversions) on an individual basis--are classified in Industry 81112, Automotive Body, Paint, Interior, and Glass Repair; and Manufacturing heavy duty trucks, buses, motor homes, and other special purpose heavy duty motor vehicles for highway use (i.e., body and chassis) or manufacturing heavy duty truck chassis only--are classified in Industry 33612, Heavy Duty Truck Manufacturing.",176,126,3,4
336213,excluded,a26112dbaa5a77b0926449fbad718ce16ca2fa0f7d3db911fbde0725a50bd5fe,128,"Manufacturing complete motor homes (i.e., body and chassis) or manufacturing light duty motor home chassis only--are classified in Industry 336110, Automobile and Light Duty Motor Vehicle Manufacturing; and Making manufactured homes (i.e., mobile homes) designed to accept permanent water, sewer, and utility connections and equipped with wheels, but not intended for regular highway use--are classified in U.S. Industry 321991, Manufactured Home (Mobile Home) Manufacturing.",187,103,2,4
336310,excluded,3e58c27cce3fde40100093ce4d3d3bf22198077bfecb1b42b3d15d198b3e3e55,128,"Manufacturing wiring harnesses and other vehicular electrical and electronic equipment--are classified in Industry 336320, Motor Vehicle Electrical and Electronic Equipment Manufacturing; Manufacturing transmission and power train equipment--are classified in Industry 336350, Motor Vehicle Transmission and Power Train Parts Manufacturing; Manufacturing steering and suspension components--are classified in Industry 336330, Motor Vehicle Steering and Suspension Components (except Spring) Manufacturing; Manufacturing parts for machine repair and equipment parts (except electric) on a job or shop basis--are classified in Industry 332710, Machine Shops;",194,118,4,7
336320,excluded,526cf013dec44f9e2543c0e19ee36d5c3a4963547e1f120c7a9fa2081d847b7b,128,"Manufacturing automotive lamps (i.e., bulbs)--are classified in U.S. Industry 335139, Electric Lamp Bulb and Other Lighting Equipment Manufacturing; Manufacturing electric motors for electric vehicles--are classified in U.S. Industry 335312, Motor and Generator Manufacturing; Manufacturing railway traffic control signals and passenger car alarms--are classified in Industry 334290, Other Communications Equipment Manufacturing; and Manufacturing motor vehicle electronic audio and video equipment, including car stereos--are classified in Industry 334310, Audio and Video Equipment Manufacturing.",133,117,4,5
336390,excluded,ead964140b64785cc61c5493d0d7305976baad0b5ce72a3edf954acf9b55bfa6,128,"Manufacturing motor vehicle electrical and electronic equipment--are classified in Industry 336320, Motor Vehicle Electrical and Electronic Equipment Manufacturing; Manufacturing motor vehicle steering and suspension components--are classified in Industry 336330, Motor Vehicle Steering and Suspension Components (except Spring) Manufacturing; Manufacturing motor vehicle transmissions and power train parts--are classified in Industry 336350, Motor Vehicle Transmission and Power Train Parts Manufacturing; Manufacturing motor vehicle seating and interior trim--are classified in Industry 336360, Motor Vehicle Seating and Interior Trim Manufacturing;",259,110,4,9
33641,excluded,5093d0dfd7d3380f94d1b49bb4df086066e11a17003967d47a487417f24beb95,128,"Establishments primarily engaged in the repair of aircraft or aircraft engines (except overhauling, conversion, and rebuilding) are classified in Industry 48819, Other Support Activities for Air Transportation; Establishments primarily engaged in manufacturing aeronautical, navigational, and guidance systems and instruments are classified in Industry 33451, Navigational, Measuring, Electromedical, and Control Instruments Manufacturing; Establishment primarily engaged in manufacturing aircraft engine electrical (aeronautical electrical) equipment or aircraft lighting fixtures are classified in Industry 33632, Motor Vehicle Electrical and Electronic Equipment Manufacturing;",271,108,3,9
336411,excluded,27a4be13368b015436e3ed3bbef1ae8317071bf7cc1c5da966d2f9ef542edf0c,128,"Establishments primarily engaged in manufacturing guided missiles and space vehicles are classified in U.S. Industry 336414, Guided Missile and Space Vehicle Manufacturing; Establishments primarily engaged in the repair of aircraft (except overhauling, conversion, and rebuilding) are classified in Industry 488190, Other Support Activities for Air Transportation; and Research and development establishments primarily engaged in aircraft R&D (except prototype production) are classified in U.S. Industry 541715, Research and Development in the Physical, Engineering, and Life Sciences (except Nanotechnology and Biotechnology).",140,117,3,4
336412,excluded,775f7c065524ac2f89a95998992d0ce8353be2743623ce738fdc8c675ed1a1ea,128,"Establishments primarily engaged in manufacturing aircraft intake and exhaust valves and pistons and aircraft internal combustion engine filters are classified in Industry 336310, Motor Vehicle Gasoline Engine and Engine Parts Manufacturing; Establishments primarily engaged in the repair of aircraft engines (except overhauling, conversion, and rebuilding) are classified in Industry 488190, Other Support Activities for Air Transportation; Research and development establishments primarily engaged in aircraft engine and engine parts R&D (except prototype production) are classified in U.S. Industry 541715, Research and Development in the Physical, Engineering, and Life Sciences (except Nanotechnology and Biotechnology);",203,127,3,5
336413,excluded,3cecbec671d68f9b19c7759fc9b528244758f2f504ece16343be96f9a8494d9b,128,"Establishments primarily engaged in manufacturing aircraft engines and engine parts are classified in U.S. Industry 336412, Aircraft Engine and Engine Parts Manufacturing; Establishments primarily engaged in manufacturing aircraft lighting fixtures and aircraft engine electrical (aeronautical electrical) equipment are classified in Industry 336320, Motor Vehicle Electrical and Electronic Equipment Manufacturing; and Research and development establishments primarily engaged in aircraft parts and auxiliary equipment R&D (except prototype production) are classified in U.S. Industry 541715, Research and Development in the Physical, Engineering, and Life Sciences (except Nanotechnology and Biotechnology).",249,120,3,7
336419,excluded,8616389d1cc4decea66ce3d4c84814a5713974209d72ac74fba5d223ec45725b,128,"Establishments primarily engaged in manufacturing navigational and guidance systems are classified in U.S. Industry 334511, Search, Detection, Navigation, Guidance, Aeronautical, and Nautical System and Instrument Manufacturing; and Research and development establishments primarily engaged in guided missile and space vehicle parts and auxiliary equipment R&D (except prototype production) are classified in U.S. Industry 541715, Research and Development in the Physical, Engineering, and Life Sciences (except Nanotechnology and Biotechnology).",142,101,2,3
336510,excluded,56b9cd273c84148946159880ea011af34202de0ee999aebee9953e3f1bb944dc,128,"Establishments primarily engaged in manufacturing locomotive fuel lubricating or cooling medium pumps are classified in U.S. Industry 333914, Measuring, Dispensing, and Other Pumping Equipment Manufacturing; Repair establishments of railroad and local transit companies primarily engaged in repairing railroad and transit cars are classified in Industry 488210, Support Activities for Rail Transportation; and Establishments not owned by railroad or local transit companies engaged in repairing railroad cars and locomotive engines are classified in Industry 811310, Commercial and Industrial Machinery and Equipment (except Automotive and Electronic) Repair and Maintenance.",142,116,3,4
33661,excluded,72b3aacfdf1e1474bf64a1d06a14230f5054f1563bc09a387df73d712552f8ce,128,"Manufacturing inflatable plastic swimming pool rafts and similar flotation devices--are classified in Industry 32619, Other Plastics Product Manufacturing; Fabricating structural assemblies or components for ships, or subcontractors engaged in ship painting, joinery, carpentry work, and electrical wiring installation--are classified based on the production process used; and Ship repairs performed in floating drydocks--are classified in Industry 48839, Other Support Activities for Water Transportation.",130,101,3,4
336612,excluded,90e9e7d6fb9feae422bf08596496e474cc5418aab90b5febb9a665a14f6e4eed,128,"Ship building or ship repairs performed in a shipyard--are classified in U.S. Industry 336611, Ship Building and Repairing; Ship repairs performed in floating drydocks--are classified in Industry 488390, Other Support Activities for Water Transportation; and Manufacturing inflatable plastic swimming pool rafts and similar flotation devices--are classified in U.S. Industry 326199, All Other Plastics Product Manufacturing.",129,94,3,4
33699,excluded,e1395f9c47737d85ef661c2a552f829f430a0bff7ddf3d14fb5486ec1889dece,128,"Manufacturing ships and boats--are classified in Industry 33661, Ship and Boat Building; Manufacturing aerospace products and parts--are classified in Industry 33641, Aerospace Product and Parts Manufacturing; Manufacturing children's vehicles (except bicycles and metal tricycles)--are classified in Industry 33993, Doll, Toy, and Game Manufacturing; Manufacturing railroad rolling stock--are classified in Industry 33651, Railroad Rolling Stock Manufacturing; and Manufacturing motor vehicles--are classified in Industry Group 3361, Motor Vehicle Manufacturing.",130,111,5,6
336999,excluded,f120a575b9b6c50c46b50abc3d18fcc9c8379062d1b6c910b9567e50330ae131,128,"Manufacturing motorcycles, bicycles, and parts--are classified in U.S. Industry 336991, Motorcycle, Bicycle, and Parts Manufacturing; Manufacturing military armored vehicles, tanks, and tank components--are classified in U.S. Industry 336992, Military Armored Vehicle, Tank, and Tank Component Manufacturing; Manufacturing ships and boats--are classified in Industry 33661, Ship and Boat Building; Manufacturing railroad rolling stock--are classified in Industry 336510, Railroad Rolling Stock Manufacturing; Manufacturing motor vehicles--are classified in Industry Group 3361, Motor Vehicle Manufacturing;",205,125,5,8
337110,excluded,20c07dcd32d2716a2a135daba4286082f4ae2dff69782cd0e52f8b422b6e755e,128,"Manufacturing metal kitchen and bathroom cabinets (except freestanding)--are classified in U.S. Industry 337126, Household Furniture (except Wood and Upholstered) Manufacturing; Manufacturing stone countertops--are classified in U.S. Industry 327991, Cut Stone and Stone Product Manufacturing; Manufacturing wood or plastics laminated on wood countertops (except kitchen and bathroom)--are classified in U.S. Industry 337215, Showcase, Partition, Shelving, and Locker Manufacturing;",188,108,3,6
33712,excluded,e3c928cd29e7396db5e7e4e0a631b33cfd51c0affd117c46f7d9d5fe4b5de584,128,"Manufacturing specialized hospital and/or dental furniture (e.g., hospital beds, operating tables, dental chairs)--are classified in Industry 33911, Medical Equipment and Supplies Manufacturing; Manufacturing wood or plastics laminated on wood kitchen cabinets, bathroom vanities, and countertops (except freestanding)--are classified in Industry 33711, Wood Kitchen Cabinet and Countertop Manufacturing; and Repairing or refinishing furniture, or restoring antique furniture--are classified in Industry 81142, Reupholstery and Furniture Repair.",192,113,3,6
337122,excluded,ab391a1fc0ed00e190c8e6227214e0edfa5fb154b889c5b0eb54266297a4c538,128,"Manufacturing reed, rattan, plastics, and similar furniture--are classified in U.S. Industry 337126, Household Furniture (except Wood and Upholstered) Manufacturing; Manufacturing wood television, stereo, and sewing machine cabinets (i.e., housings)--are classified in U.S. Industry 321999, All Other Miscellaneous Wood Product Manufacturing; Manufacturing wood or plastics laminated on wood kitchen cabinets, bathroom vanities, and countertops (except freestanding)--are classified in Industry 337110, Wood Kitchen Cabinet and Countertop Manufacturing;",154,123,3,4
337126,excluded,c2eeb05524ecccdaf107a63472a267505f5a2ecf4944320cdb7a7e8615a5767b,128,"Manufacturing upholstered household-type furniture--are classified in U.S. Industry 337121, Upholstered Household Furniture Manufacturing; Manufacturing concrete, ceramic, or stone furniture--are classified in Subsector 327, Nonmetallic Mineral Product Manufacturing, according to the materials used; and Manufacturing specialized hospital and/or dental furniture (e.g., hospital beds, operating tables, dental chairs)--are classified in Industry 33911, Medical Equipment and Supplies Manufacturing.",142,104,3,4
337127,excluded,f69278d22fed316283db8712596014c1d8ca69d15b8f8d13505d919417b9a7f7,128,"Manufacturing specialized hospital furniture (e.g., hospital beds, operating tables)--are classified in U.S. Industry 339113, Surgical Appliance and Supplies Manufacturing; Manufacturing wood or plastics laminated on wood kitchen cabinets, bathroom vanities, and countertops (except freestanding)--are classified in Industry 337110, Wood Kitchen Cabinet and Countertop Manufacturing; Installing modular furniture systems--are classified in Industry 238390, Other Building Finishing Contractors; and Repairing or refinishing furniture--are classified in Industry 811420, Reupholstery and Furniture Repair.",190,128,4,6
33721,excluded,5429635c9426cef71f3b038f12d3dfadbe04b8279d93f26859936f699b6187d6,128,"Manufacturing household-type and institutional-type furniture--are classified in Industry 33712, Household and Institutional Furniture Manufacturing; Manufacturing refrigerated cabinets, showcases, and display cases--are classified in Industry 33341, Ventilation, Heating, Air-Conditioning, and Commercial Refrigeration Equipment Manufacturing; Manufacturing metal safes and vaults--are classified in Industry 33299, All Other Fabricated Metal Product Manufacturing; and Installing modular office furniture systems and partitions, and constructing metal shelving on site--are classified in Industry 23839, Other Building Finishing Contractors.",161,120,4,6
337215,excluded,56aa921a1aa7ab060af1d648e821041a2c590ce543f8011f045f361c38e0fba0,128,"Manufacturing refrigerated cabinets, showcases, and display cases--are classified in U.S. Industry 333415, Air-Conditioning and Warm Air Heating Equipment and Commercial and Industrial Refrigeration Equipment Manufacturing; Manufacturing wood or plastics laminated kitchen and bathroom countertops--are classified in Industry 337110, Wood Kitchen Cabinet and Countertop Manufacturing; and Installing modular office furniture systems and partitions, and constructing metal shelving on site--are classified in Industry 238390, Other Building Finishing Contractors.",161,110,3,5
33911,excluded,befa003d900b77b51c2c4497519135c3ca8a800de70115e2386de4e0d6fafc23,128,"Manufacturing laboratory instruments, X-ray apparatus, electromedical apparatus (including electronic hearing aids), and thermometers (except medical)--are classified in Industry 33451, Navigational, Measuring, Electromedical, and Control Instruments Manufacturing; Manufacturing molded plastics lens blanks--are classified in Industry 32619, Other Plastics Product Manufacturing; Manufacturing general purpose hospital, laboratory, and/or dental furniture (e.g., stools, tables, benches)--are classified in Industry 33712, Household and Institutional Furniture Manufacturing;",271,116,3,9
339112,excluded,3071c08b95e92fe3c3462aef8a9bc19e822bbd7a08fea7e7a0dba29ee1085c60,128,"Manufacturing electromedical and electrotherapeutic apparatus--are classified in U.S. Industry 334510, Electromedical and Electrotherapeutic Apparatus Manufacturing; Manufacturing surgical (except dental) and orthopedic appliances or specialized hospital furniture (e.g., hospital beds, operating tables)--are classified in U.S. Industry 339113, Surgical Appliance and Supplies Manufacturing; Manufacturing dental equipment, dental supplies, dental laboratory apparatus, and dental laboratory furniture--are classified in U.S. Industry 339114, Dental Equipment and Supplies Manufacturing;",252,126,3,7
339113,excluded,3028e58d2f2d51b3838e1bbbd13f212a4ad5d80132260062f9b716d5bf14b65e,128,"Manufacturing medical, surgical, ophthalmic, and veterinary instruments and apparatus (except electrotherapeutic, electromedical, and irradiation apparatus)--are classified in U.S. Industry 339112, Surgical and Medical Instrument Manufacturing; Manufacturing dental equipment, dental supplies, dental laboratory apparatus, and specialized dental laboratory furniture (e.g., dental chairs)--are classified in U.S. Industry 339114, Dental Equipment and Supplies Manufacturing; Manufacturing industrial protective eyewear--are classified in U.S. Industry 339115, Ophthalmic Goods Manufacturing;",225,128,3,6
339910,excluded,691becb683e3a1ccb3ffeba686111804fb40eb3c924a35f7c58439bca807b946,128,"Engraving, chasing, or etching nonprecious and precious plated metal cutlery, flatware, and other plated ware--are classified in U.S. Industry 332812, Metal Coating, Engraving (except Jewelry and Silverware), and Allied Services to Manufacturers; Manufacturing synthetic stones--are classified in U.S. Industry 327999, All Other Miscellaneous Nonmetallic Mineral Product Manufacturing;",252,91,2,6
339920,excluded,7f4083c3cd1b72f7df51afde37b9d0e0ba9fde18258214232a8b4f2068fe96ea,128,"Manufacturing athletic footwear--are classified in Industry 316210, Footwear Manufacturing; Manufacturing small arms and small arms ammunition--are classified in Industry 33299, All Other Fabricated Metal Product Manufacturing; Manufacturing sleeping bags, backpacks, and tents from purchased fabrics--are classified in Industry Group 3149, Other Textile Product Mills; Manufacturing bicycles--are classified in U.S. Industry 336991, Motorcycle, Bicycle, and Parts Manufacturing; and Manufacturing boats (including heavy-duty inflatables)--are classified in U.S. Industry 336612, Boat Building.",144,128,5,6
339930,excluded,1d850b7ab0685dc7b497e06ab8d9d8762f6ffb5a378eae207a63e869d34a7832,128,"Manufacturing metal tricycles and bicycles--are classified in U.S. Industry 336991, Motorcycle, Bicycle, and Parts Manufacturing; Manufacturing coin- or card-operated game machines--are classified in U.S. Industry 339999, All Other Miscellaneous Manufacturing; Manufacturing electronic video game cartridges and reproducing video game software--are classified in Industry 334610, Manufacturing and Reproducing Magnetic and Optical Media; and Publishing or publishing and reproducing game software--are classified in Industry 513210, Software Publishers.",142,121,4,5
339940,excluded,ad569820bcfdcd1e2d43096ec586726532d8c87faf2ceeb2312166c7bdac920f,128,"Manufacturing writing and drawing inks--are classified in U.S. Industry 325998, All Other Miscellaneous Chemical Product and Preparation Manufacturing; Manufacturing rubber erasers--are classified in U.S. Industry 326299, All Other Rubber Product Manufacturing; Printing manifold business forms and manufacturing blankbooks, looseleaf binders, and looseleaf devices--are classified in U.S. Industry 323111, Commercial Printing (except Screen and Books); Manufacturing drafting tables and boards--are classified in U.S. Industry 337127, Institutional Furniture Manufacturing;",164,122,4,6
33999,excluded,f4599dcdc3bf7f8ee32ad9d24bff60ec31d3c52b0d97d95134cf3d516276af81,128,"Manufacturing sporting and athletic goods--are classified in Industry 33992, Sporting and Athletic Goods Manufacturing; Manufacturing office supplies (except paper)--are classified in Industry 33994, Office Supplies (except Paper) Manufacturing; Manufacturing Christmas tree glass ornaments and glass lamp shades--are classified in Industry 32721, Glass and Glass Product Manufacturing; Manufacturing paper, textile, and metal lamp shades--are classified in Industry 33513, Electric Lighting Equipment Manufacturing; Manufacturing metal products, such as metal combs and hair curlers--are classified in Industry 33299, All Other Fabricated Metal Product Manufacturing;",439,127,5,19
339999,excluded,11e18accc74561eb7cb78053b99266337c4845aeef549607d8f29a396db8fe58,128,"Manufacturing medical equipment and supplies--are classified in Industry Group 3391, Medical Equipment and Supplies Manufacturing; Manufacturing dolls, toys, and games--are classified in Industry 339930, Doll, Toy, and Game Manufacturing; Manufacturing paper, textile, and metal lamp shades--are classified in U.S. Industry 335131, Residential Electric Lighting Fixture Manufacturing; Manufacturing metal products, such as metal combs and hair curlers--are classified in U.S. Industry 332999, All Other Miscellaneous Fabricated Metal Product Manufacturing;",626,115,4,23
423120,excluded,094a87145ed12e2abe3b01f33add639da6f3db6fbe0f2458ef7dd43ae024d835,128,"Merchant wholesale distribution of new and/or used tires and tubes--are classified in Industry 423130, Tire and Tube Merchant Wholesalers; Merchant wholesale distribution of automotive chemicals (except lubricating oils and greases)--are classified in Industry 424690, Other Chemical and Allied Products Merchant Wholesalers; Merchant wholesale distribution of lubricating oils and greases--are classified in Industry 424720, Petroleum and Petroleum Products Merchant Wholesalers (except Bulk Stations and Terminals);",133,104,3,4
423220,excluded,4a006b77d0c254dc32bc675f97ce81976e18ab08d2d43bb986c8c6c3fb7c9e09,128,"Merchant wholesale distribution of wood flooring--are classified in Industry 423310, Lumber, Plywood, Millwork, and Wood Panel Merchant Wholesalers; Merchant wholesale distribution of household-type gas and electric appliances (except water heaters and heating stoves (i.e., noncooking))--are classified in Industry 423620, Household Appliances, Electric Housewares, and Consumer Electronics Merchant Wholesalers; and Merchant wholesale distribution of disposable paper and plastics tableware and containers--are classified in Industry 424130, Industrial and Personal Service Paper Merchant Wholesalers.",160,128,3,4
423390,excluded,239390b033c9be970bd3729a693df48de6178e98490407528a331794bab78bb3,128,"Merchant wholesale distribution of products of the primary metals industries--are classified in Industry 423510, Metal Service Centers and Other Metal Merchant Wholesalers; and/or concrete, stone, and structural clay products--are classified in Industry 423320, Brick, Stone, and Related Construction Material Merchant Wholesalers; Merchant wholesale distribution of nonwood roofing and nonwood siding and insulation materials--are classified in Industry 423330, Roofing, Siding, and Insulation Material Merchant Wholesalers; and Selling ready-mix concrete--are classified in Industry 327320, Ready-Mix Concrete Manufacturing.",256,126,4,15
423440,excluded,54238710ed891b6c50b83386fc050c3e429260b41a4a8685ed52da4ce2146a3d,128,"Merchant wholesale distribution of photographic equipment and supplies--are classified in Industry 423410, Photographic Equipment and Supplies Merchant Wholesalers; Merchant wholesale distribution of office machines and related equipment--are classified in Industry 423420, Office Equipment Merchant Wholesalers; Merchant wholesale distribution of laboratory scales and balances (except medical and dental)--are classified in Industry 423490, Other Professional Equipment and Supplies Merchant Wholesalers; and Merchant wholesale distribution of refrigerated store fixtures--are classified in Industry 423740, Refrigeration Equipment and Supplies Merchant Wholesalers.",156,121,4,5
423450,excluded,a76edc752d91ae169c7e2d64e0642da3c064c04c8555495d87bd7a3881a77694,128,"Merchant wholesale distribution of professional equipment, instruments, and/or goods sold, prescribed, or used by ophthalmologists, optometrists, and opticians--are classified in Industry 423460, Ophthalmic Goods Merchant Wholesalers; Merchant wholesale distribution of personal safety devices and supplies (e.g., eye shields, face shields, nonelectric respirators)--are classified in Industry 423990, Other Miscellaneous Durable Goods Merchant Wholesalers;",142,104,2,3
423490,excluded,fbb607ea6e582b51c7c3a3acdd75921255ea78a57cab2b3dd5a1badd73ecf5bc,128,"Merchant wholesale distribution of professional medical equipment, instruments, and supplies used by medical and dental practitioners (except ophthalmic equipment, instruments, and goods used by ophthalmologists, optometrists, and opticians) and medical facilities--are classified in Industry 423450, Medical, Dental, and Hospital Equipment and Supplies Merchant Wholesalers; Merchant wholesale distribution of books--are classified in Industry 424920, Book, Periodical, and Newspaper Merchant Wholesalers; and Merchant wholesale distribution of school furniture--are classified in Industry 423210, Furniture Merchant Wholesalers.",225,124,3,5
423520,excluded,566913baa7a0a61f65bcbcfdc342b0c6a61e15f6c7cdb234bf897e9defd1dbf1,128,"Merchant wholesale distribution of nonmetallic minerals used in construction, such as sand and gravel--are classified in Industry 423320, Brick, Stone, and Related Construction Material Merchant Wholesalers; Merchant wholesale distribution of industrial sand--are classified in Industry 423840, Industrial Supplies Merchant Wholesalers; Merchant wholesale distribution of crude petroleum--are classified in Industry Group 4247, Petroleum and Petroleum Products Merchant Wholesalers; Merchant wholesale distribution of precious and semiprecious stones and metals--are classified in Industry 423940, Jewelry, Watch, Precious Stone, and Precious Metal Merchant Wholesalers;",164,126,4,5
423620,excluded,098fb76c0c52b243f42729abe3e3d37d4b4c2bc081cc200a827e063707bc5404,128,"Merchant wholesale distribution of warm air heating and air-conditioning equipment (except room units)--are classified in Industry 423730, Warm Air Heating and Air-Conditioning Equipment and Supplies Merchant Wholesalers; Merchant wholesale distribution of nonhousehold-type video cameras--are classified in Industry 423410, Photographic Equipment and Supplies Merchant Wholesalers; and Selling video security systems and providing system installation, repair, or monitoring services (except closed-circuit (CCTV))--are classified in U.S. Industry 561621, Security Systems Services (except Locksmiths).",204,123,3,5
423690,excluded,d495bff2cb633f4e68826784220e8e04333a2c8633107c1372b86dd5e87a7ea1,128,"Merchant wholesale distribution of household-type gas and electric appliances (except water heaters and heating stoves (i.e., noncooking)), room air-conditioners, clothes dryers, and/or household-type audio or video equipment--are classified in Industry 423620, Household Appliances, Electric Housewares, and Consumer Electronics Merchant Wholesalers; Merchant wholesale distribution of computers, computer peripheral equipment, and loaded computer boards--are classified in Industry 423430, Computer and Computer Peripheral Equipment and Software Merchant Wholesalers;",179,117,2,3
423710,excluded,3e5a7cfc1994374d8a609f679ffd213c58f440a952ce9498be1a1e0c86273e18,128,"Merchant wholesale distribution of nails, noninsulated wire, and screening--are classified in Industry 423510, Metal Service Centers and Other Metal Merchant Wholesalers; Merchant wholesale distribution of machinists' precision handtools--are classified in Industry 423830, Industrial Machinery and Equipment Merchant Wholesalers; and Merchant wholesale distribution of disposable plastics knives and eating utensils--are classified in Industry 424130, Industrial and Personal Service Paper Merchant Wholesalers.",136,102,3,4
423720,excluded,0bb95d0e130c09b5bf2337582c1a2e514807cbc3b4853a4e8afaf3dae0b6bb82,128,"Merchant wholesale distribution of warm air heating and air-conditioning equipment--are lclassified in Industry 423730, Warm Air Heating and Air-Conditioning Equipment and Supplies Merchant Wholesalers; and Merchant wholesale distribution of household-type gas and electric appliances (except water heaters and heating stoves (i.e., noncooking)), room air-conditioners, clothes dryers, and/or household-type audio or video equipment--are classified in Industry 423620, Household Appliances, Electric Housewares, and Consumer Electronics Merchant Wholesalers.",152,120,2,3
423730,excluded,4bf67ea98e3e69c0c69ea767f19e83ec99dba69dcb63579285fd9d79e069aa80,128,"Merchant wholesale distribution of household-type gas and electric appliances (except water heaters and heating stoves (i.e., noncooking)) and room air-conditioners--are classified in Industry 423620, Household Appliances, Electric Housewares, and Consumer Electronics Merchant Wholesalers; Merchant wholesale distribution of commercial-type refrigeration equipment--are classified in Industry 423740, Refrigeration Equipment and Supplies Merchant Wholesalers; Merchant wholesale distribution of refrigerants--are classified in Industry 424690, Other Chemical and Allied Products Merchant Wholesalers;",192,127,3,5
423740,excluded,c7636a6224397d9b2b8c585a06bd8beed8c4968a85d26c8196d8510991dadca1,128,"Merchant wholesale distribution of household-type refrigerators, freezers, and room air-conditioners--are classified in Industry 423620, Household Appliances, Electric Housewares, and Consumer Electronics Merchant Wholesalers; Merchant wholesale distribution of air-conditioning equipment (except room units)--are classified in Industry 423730, Warm Air Heating and Air-Conditioning Equipment and Supplies Merchant Wholesalers; and Repairing and maintaining commercial refrigeration equipment--are classified in Industry 811310, Commercial and Industrial Machinery and Equipment (except Automotive and Electronic) Repair and Maintenance.",148,121,3,4
423850,excluded,02b1ff8fe7a7c8824dc13f56031296a95f48fb965a10b97d8bbaaaf78e1785a8,128,"Merchant wholesale distribution of janitorial and automotive chemicals--are classified in Industry 424690, Other Chemical and Allied Products Merchant Wholesalers; Merchant wholesale distribution of piece goods, fabrics, knitting yarns (except industrial), thread and other notions--are classified in Industry 424310, Piece Goods, Notions, and Other Dry Goods Merchant Wholesalers; Merchant wholesale distribution of plumbing and hydronic heating equipment--are classified in Industry 423720, Plumbing and Heating Equipment and Supplies (Hydronics) Merchant Wholesalers;",170,112,3,5
423990,excluded,2491faa17b49384960cd979f348a8b4e83ae8e4c2bba8f36e55ebfc392274371,128,"Merchant wholesale distribution of household appliances and electrical goods--are classified in Industry Group 4236, Household Appliances and Electrical and Electronic Goods Merchant Wholesalers; Merchant wholesale distribution of construction, mining, farm, garden, industrial, service establishment, and transportation machinery, equipment, and supplies--are classified in Industry Group 4238, Machinery, Equipment, and Supplies Merchant Wholesalers; Merchant wholesale distribution of sporting goods and accessories; sporting firearms and ammunition; Merchant wholesale distribution of automotive, industrial, and other recyclable materials--are classified in Industry 423930, Recyclable Material Merchant Wholesalers;",579,127,5,18
424470,excluded,e58ff38c3eae08a590afb040dc1c39e3aa8f54ed66bf81924a6ded9fc37ec102,128,"Merchant wholesale distribution of packaged frozen meats--are classified in Industry 424420, Packaged Frozen Food Merchant Wholesalers; Merchant wholesale distribution of canned meats--are classified in Industry 424490, Other Grocery and Related Products Merchant Wholesalers; Preparing boxed beef from purchased carcasses--are classified in U.S. Industry 311612, Meat Processed from Carcasses; and Merchant wholesale distribution of fish and seafood (except canned and packaged frozen)--are classified in Industry 424460, Fish and Seafood Merchant Wholesalers.",151,116,4,5
424490,excluded,255d96940e685b1de44c4c3ab4dffbb206594f5f3ae195f5ef48d137d0edd4e5,128,"Manufacturing and bottling soft drinks--are classified in U.S. Industry 312111, Soft Drink Manufacturing; Merchant wholesale distribution of dairy products--are classified in Industry 424430, Dairy Product (except Dried or Canned) Merchant Wholesalers; Merchant wholesale distribution of confectioneries; popcorn; Merchant wholesale distribution of meats (except canned and packaged frozen)--are classified in Industry 424470, Meat and Meat Product Merchant Wholesalers; Merchant wholesale distribution of fresh fruits and vegetables--are classified in Industry 424480, Fresh Fruit and Vegetable Merchant Wholesalers;",399,124,6,17
424590,excluded,51123d03c7c070883f716aa3829b0248e271f6acb23e3a43ac31f4078ce6ceeb,128,"Merchant wholesale distribution of grain, dry beans, and soybeans and other inedible beans--are classified in Industry 424510, Grain and Field Bean Merchant Wholesalers; Merchant wholesale distribution of livestock (except horses and mules), such as cattle, hogs, sheep, and goats--are classified in Industry 424520, Livestock Merchant Wholesalers; Merchant wholesale distribution of fresh fruits and vegetables--are classified in Industry 424480, Fresh Fruit and Vegetable Merchant Wholesalers;",194,106,3,6
424690,excluded,0c641e2bf6a1719e0477e6a02efda0acdc986e3690ed9f9e1e8db85a9ab512df,128,"Merchant wholesale distribution of ammunition--are classified in Industry Group 4239, Miscellaneous Durable Goods Merchant Wholesalers; Merchant wholesale distribution of farm supplies, such as animal feeds, fertilizers, agricultural chemicals, pesticides, seeds, and plant bulbs--are classified in Industry 424910, Farm Supplies Merchant Wholesalers; and Merchant wholesale distribution of plastics materials and resins, and unsupported plastics film, sheet, sheeting, rod, tube, and other basic forms and shapes--are classified in Industry 424610, Plastics Materials and Basic Forms and Shapes Merchant Wholesalers.",313,125,3,9
424990,excluded,90e7fcd097bb385f6b9746331c82d55c569135c08d5c10f956cc98c03c1d8bad,128,"Merchant wholesale distribution of farm supplies--are classified in Industry 424910, Farm Supplies Merchant Wholesalers; Merchant wholesale distribution of books, periodicals, and newspapers--are classified in Industry 424920, Book, Periodical, and Newspaper Merchant Wholesalers; Merchant wholesale distribution of stationery, office supplies, and/or gift wrap--are classified in Industry 424120, Stationery and Office Supplies Merchant Wholesalers; Merchant wholesale distribution of biological and medical products; plastics materials and basic forms and shapes; and allied products--are classified in Industry Group 4246, Chemical and Allied Products Merchant Wholesalers;",678,128,6,28
44122,excluded,8712898912e06a12bf6fb463dccec8f9a92e66ae9964d36605971e078dd8ef4d,128,"Retailing used nonmotorized bicycles, surfboards, or wind sailboards--are classified in Industry 45951, Used Merchandise Retailers; Retailing new or used automobiles and light trucks--are classified in Industry Group 4411, Automobile Dealers; Retailing new or used recreational vehicles, such as travel trailers--are classified in Industry 44121, Recreational Vehicle Dealers; Providing repair services for vehicles without retailing new vehicles--are classified in the appropriate industry for the repair services; and Operating docking and/or storage facilities for pleasure craft owners--are classified in Industry 71393, Marinas.",157,128,5,6
441222,excluded,1bc8340192a8ce4e9f4630611778279d16c334b0f29121a514c57edaacbfae3f,128,"Retailing used surfboards or wind sailboards--are classified in Industry 459510, Used Merchandise Retailers; Providing boat repair services without retailing new boats--are classified in Industry 811490, Other Personal and Household Goods Repair and Maintenance; Retailing new or used personal watercraft--are classified in U.S. Industry 441227, Motorcycle, ATV, and All Other Motor Vehicle Dealers; and Operating docking and/or storage facilities for pleasure craft owners--are classified in Industry 713930, Marinas.",138,114,4,5
441227,excluded,fa852e1286a276223219e75a1adc797d531b5e590db9379e30a999e65d599331,128,"Retailing new automobiles and light trucks--are classified in Industry 441110, New Car Dealers; Retailing used automobiles and light trucks--are classified in Industry 441120, Used Car Dealers; Retailing new or used recreational vehicles, such as travel trailers--are classified in Industry 441210, Recreational Vehicle Dealers; Retailing new or used boats, outboard motors, boat trailers, and marine supplies--are classified in U.S. Industry 441222, Boat Dealers; Retailing new nonmotorized bicycles--are classified in Industry 459110, Sporting Goods Retailers;",173,128,5,7
444180,excluded,e308de3842b66be40028da6acb24f7d6bea01355bd590b83323f19cfdf177784,128,"Retailing used building materials--are classified in Industry 459510, Used Merchandise Retailers; Providing carpentry/installation services for products--are classified in Industry 238350, Finish Carpentry Contractors; Installing plumbing fixtures and supplies--are classified in Industry 238220, Plumbing, Heating, and Air-Conditioning Contractors; Retailing paint and wallpaper--are classified in Industry 444120, Paint and Wallpaper Retailers; Retailing floor coverings (except hardwood or ceramic tile only)--are classified in U.S. Industry 449121, Floor Covering Retailers;",240,128,5,9
445110,excluded,cd5e2fc8331ad8e24e1549367541cf9988f6b17d6f1bd9975ebeb70f6eef744f,128,"Retailing automotive fuels in combination with a convenience store or food mart--are classified in Industry 457110, Gasoline Stations with Convenience Stores; Retailing a limited line of groceries, such as convenience stores or food marts (except those operating fuel pumps)--are classified in U.S. Industry 445131, Convenience Retailers; Retailing fresh meat in delicatessen-type establishments--are classified in Industry 445240, Meat Retailers; and Grocery order and delivery services on behalf of grocery retailers--are classified in Industry 492210, Local Messengers and Local Delivery.",152,124,4,5
44513,excluded,1b0f47866b8e181dd8873a28a9efde64895ea6f6eb61663e5d7f083affc9241e,128,"Retailing a general line of food, such as supermarkets and grocery stores--are classified in Industry 44511, Supermarkets and Other Grocery Retailers (except Convenience Retailers); Supplying and servicing coin- or card-operated personal service machines, such as photobooths and lockers--are classified in Industry 81299, All Other Personal Services; Supplying and servicing coin- or card-operated amusement and gambling devices in places of business operated by others--are classified in Subsector 713, Amusement, Gambling, and Recreation Industries;",175,114,3,5
44529,excluded,09c23370ecb901602bb87a13b8347685ed73d7ce8b21694810d09baa12af0f24,128,"Retailing baked goods made on the premises but not for immediate consumption--are classified in Industry 31181, Bread and Bakery Product Manufacturing; Retailing fresh, frozen, or cured fish and seafood products--are classified in Industry 44525, Fish and Seafood Retailers; Preparing and/or serving snack foods (e.g., doughnuts, bagels, ice cream, popcorn) for immediate consumption on or near the premises--are classified in Industry 72251, Restaurants and Other Eating Places;",250,109,3,8
445292,excluded,602eea2d6101a0603e067220826af0dcaffd7fd77c5f91494dd354de0958a128,128,"Selling confectionery goods and nuts made on the premises and not packaged for immediate consumption--are classified in Industry Group 3113, Sugar and Confectionery Product Manufacturing; Preparing and/or serving snack foods (e.g., doughnuts, bagels, ice cream, popcorn) for immediate consumption on or near the premises--are classified in U.S. Industry 722515, Snack and Nonalcoholic Beverage Bars;",130,98,2,3
445298,excluded,ed2147dfaf5baac6e4d3b8ce7b67d687505135061b216873349fe904c0e6d415,128,"Retailing fresh, frozen, or cured fish and seafood products--are classified in Industry 445250, Fish and Seafood Retailers; Retailing baked goods not for immediate consumption and not made on the premises--are classified in U.S. Industry 445291, Baked Goods Retailers; Retailing candy and other confections, nuts, and popcorn not for immediate consumption and not made on the premises--are classified in U.S. Industry 445292, Confectionery and Nut Retailers;",274,110,3,8
44912,excluded,2cdbaf9078487462f89aa2aeb62e94cc7422c482418ca58c742c6cbc324ac994,128,"Installing floor coverings without retailing new floor coverings--are classified in Industry 23833, Flooring Contractors; Selling custom curtains and draperies made on the premises--are classified in Industry 31412, Curtain and Linen Mills; Manufacturing window blinds and shades--are classified in Industry 33792, Blind and Shade Manufacturing; Retailing new furniture--are classified in Industry 44911, Furniture Retailers; Retailing new mirrored glass, lighting fixtures, and new ceramic floor tile or hardwood floor coverings only--are classified in Industry 44418, Other Building Material Dealers;",144,124,5,6
449129,excluded,20ff7464451e34aaefe8eaa4bf1ef1e41a07a4cc3bbcf9d04b6613338e353d7e,128,"Retailing new mirrored glass or lighting fixtures--are classified in Industry 444180, Other Building Material Dealers; Retailing new floor coverings (except hardwood or ceramic tile only)--are classified in U.S. Industry 449121, Floor Covering Retailers; Retailing new window treatments--are classified in U.S. Industry 449122, Window Treatment Retailers; Manufacturing window blinds and shades--are classified in Industry 337920, Blind and Shade Manufacturing; and Retailing used home furnishings--are classified in Industry 459510, Used Merchandise Retailers.",143,125,5,6
449210,excluded,56fe751dc0df55d242ff80ccf307b7edabb211b555262f7844bfa21dbdc988fc,128,"Retailing new computers, computer peripherals, and prepackaged software in combination with retailing new office equipment, office furniture, and office supplies--are classified in Industry 459410, Office Supplies and Stationery Retailers; Providing household-type appliance repair services without retailing new appliances--are classified in U.S. Industry 811412, Appliance Repair and Maintenance; Producing and distributing motion pictures and videos--are classified in Industry 512110, Motion Picture and Video Production;",455,109,3,13
455110,excluded,d12ca060eadc57cb181623fe4ac32b4f54ee113a7c9b1ca25eaedd7837a92336,128,"Retailing a general line of merchandise in combination with a significant amount and variety of perishable groceries, generally known as warehouse clubs, superstores, or supercenters--are classified in U.S. Industry 455211, Warehouse Clubs and Supercenters; Retailing a general line of merchandise and not generally known as department stores, warehouse clubs, superstores, or supercenters--are classified in U.S. Industry 455219, All Other General Merchandise Retailers; and Retailing used merchandise--are classified in Industry 459510, Used Merchandise Retailers.",157,126,3,4
45521,excluded,cca28b213478333da7dfe7eafec5c115a158ddba05ed0faad229843362d87a4e,128,"Retailing a general line of groceries, such as supermarkets and grocery stores--are classified in Industry 44511, Supermarkets and Other Grocery Retailers (except Convenience Retailers); Retailing a general line of new home repair and improvement materials and supplies, generally known as home centers--are classified in Industry 44411, Home Centers; Retailing used merchandise, including by auction--are classified in Industry 45951, Used Merchandise Retailers; and Providing warehousing services for goods owned by others--are classified in Industry Group 4931, Warehousing and Storage.",217,121,4,8
455211,excluded,2953a59bdfe4dea07dd6ac5d622dd9d2cae59178bd8b20baa137c3a415af0e64,128,"Retailing a general line of groceries, such as supermarkets and grocery stores--are classified in Industry 445110, Supermarkets and Other Grocery Retailers (except Convenience Retailers); Retailing a general line of new merchandise, except department stores, warehouse clubs, superstores, and supercenters--are classified in U.S. Industry 455219, All Other General Merchandise Retailers; Retailing a general line of new home repair and improvement materials and supplies, generally known as home centers--are classified in Industry 444110, Home Centers;",163,116,3,5
455219,excluded,71c800c16581de206a6e5ace962785d4c0d023c49bfbc08ca2ad00c7a044c918,128,"Retailing a general line of merchandise in combination with a significant amount and variety of perishable groceries, generally known as warehouse clubs, superstores, or supercenters--are classified in U.S. Industry 455211, Warehouse Clubs and Supercenters; Retailing a general line of new home repair and improvement materials and supplies, generally known as home centers--are classified in Industry 444110, Home Centers; Retailing used merchandise, including by auction--are classified in Industry 459510, Used Merchandise Retailers;",240,116,3,8
45619,excluded,9bff516fc43507dc8c233bccd3b80f019574ce6489c071bd0b59d6f945e5289a,128,"The independent private or group practice of orthotics or prosthetics, with or without the sale of orthopedic and prosthetic appliances--are classified in Industry 62139, Offices of All Other Health Practitioners; Selling hearing aid devices made on the premises--are classified in Industry 33451, Navigational, Measuring, Electromedical, and Control Instruments Manufacturing; Retailing eyeglasses and contact lenses (except offices of optometrists and ophthalmologists)--are classified in Industry 45613, Optical Goods Retailers;",373,121,3,11
456199,excluded,183bf6b380b223920a44a62cbf3a5e18003268aa1c7b56ac3974f4d74dd20d64,128,"Retailing eyeglasses and contact lenses (except offices of optometrists and ophthalmologists)--are classified in Industry 456130, Optical Goods Retailers; The independent private or group practice of audiology, with or without the sale of hearing aid devices--are classified in Industry 621340, Offices of Physical, Occupational and Speech Therapists, and Audiologists; Selling orthopedic and prosthetic appliances made on the premises--are classified in U.S. Industry 339113, Surgical Appliance and Supplies Manufacturing;",396,121,3,11
457120,excluded,8ebf99cc84ee4290c912d2fbb40d828747bc84029c2d29a75463df3cde0cba46,128,"Retailing automotive fuels in combination with a convenience store or food mart--are classified in Industry 457110, Gasoline Stations with Convenience Stores; Direct selling of heating oil, liquefied petroleum (LP) gas, and other fuels--are classified in Industry 457210, Fuel Dealers; Retailing a limited line of groceries, such as convenience stores or food marts (except those operating fuel pumps)--are classified in U.S. Industry 445131, Convenience Retailers; and Operating marinas--are classified in Industry 713930, Marinas.",178,123,4,6
458110,excluded,ea079715ee845efc682c56cfbc1beebe492bc393a56ec62428b6a308172fde48,128,"Retailing new shoes (except specialty sports footwear, such as golf shoes, bowling shoes, and cleated shoes)--are classified in Industry 458210, Shoe Retailers; Retailing new luggage, briefcases, trunks, or these products in combination with a general line of leather items (except leather apparel)--are classified in Industry 458320, Luggage and Leather Goods Retailers; Retailing secondhand clothes and used clothing accessories--are classified in Industry 459510, Used Merchandise Retailers;",197,111,3,7
459110,excluded,b515512536df3e64cd00446dcbfa8665cb0db917ebc8592212af711d8b011fa6,128,"Retailing new or used snowmobiles, all-terrain vehicles (ATVs), motorcycles, motorized bicycles, utility trailers, personal watercraft, and motorized golf carts--are classified in U.S. Industry 441227, Motorcycle, ATV, and All Other Motor Vehicle Dealers; Retailing new shoes (except specialty sports footwear, such as golf shoes, bowling shoes, and cleated shoes)--are classified in Industry 458210, Shoe Retailers; Repairing or servicing sporting goods--are classified in Industry 811490, Other Personal and Household Goods Repair and Maintenance;",269,126,3,9
459120,excluded,dab9042bcaebbebc4b7f311e95401ab7b8e9f566325db3e3d99d3fe09d34a6b1,128,"Retailing new gaming software, including downloadable software (without publishing)--are classified in Industry 449210, Electronics and Appliance Retailers; Retailing used toys, games, and hobby supplies or used rare collectors' items, such as coins, stamps, autographs, and cards--are classified in Industry 459510, Used Merchandise Retailers; Retailing new musical instruments and supplies--are classified in Industry 459140, Musical Instrument and Supplies Retailers; Publishing gaming sites--are classified in Subsector 513, Publishing Industries;",268,119,4,8
459140,excluded,75d8327c08920a1573ff90bdc5ab6ee2bb90c6fa62ea8cc50d7fac74e1e15fe3,128,"Retailing new musical recordings, including downloadable music (without publishing)--are classified in Industry 449210, Electronics and Appliance Retailers; Retailing used musical instruments (including used rare musical instruments), sheet music, and related supplies--are classified in Industry 459510, Used Merchandise Retailers; Renting musical instruments without retailing new instruments--are classified in U.S. Industry 532289, All Other Consumer Goods Rental; and Providing musical instruction without retailing new instruments--are classified in Industry 611610, Fine Arts Schools.",180,122,4,6
459210,excluded,e10c68b9be9e063a6b1cfa15a528ad0a38eaf0f1f1261d64d1b83c2d1c6e6d4e,128,"Retailing used books (including used rare books), newspapers, magazines, and other periodicals--are classified in Industry 459510, Used Merchandise Retailers; Publishing books, newspapers, and periodicals--are classified in Industry Group 5131, Newspaper, Periodical, Book, and Directory Publishers; Streaming audio books, news, and periodical content without publishing--are classified in Industry 516210, Media Streaming Distribution Services, Social Networks, and Other Media Networks and Content Providers;",135,102,3,4
459410,excluded,bd6be1188fc3a4f803b2886816d90fbd6eb73f691c8fe2a890d7b55ff5fc2344,128,"Retailing greeting cards--are classified in Industry 459420, Gift, Novelty, and Souvenir Retailers; Retailing new computers without retailing office equipment, furniture, and supplies--are classified in Industry 449210, Electronics and Appliance Retailers; Printing business forms--are classified in Industry 32311, Printing; Retailing used office and school supplies--are classified in Industry 459510, Used Merchandise Retailers; and Providing document copying services (without printing) and other office support services--are classified in Industry 56143, Business Service Centers.",152,125,5,6
459510,excluded,0694843f12a2d712b90d1d0a3d1e500f30c079d89148f136d24f3b176dee68e9,128,"Retailing used automobile parts (except tires and tubes)--are classified in Industry 441330, Automotive Parts and Accessories Retailers; Retailing used tires--are classified in Industry 441340, Tire Dealers; Retailing used mobile homes--are classified in Industry 459930, Manufactured (Mobile) Home Dealers; Retailing used recreational vehicles--are classified in Industry 441210, Recreational Vehicle Dealers; and Retailing a general line of new and used merchandise on an auction basis--are classified in U.S. Industry 455219, All Other General Merchandise Retailers.",249,125,5,9
459930,excluded,47f16ce0979fd4d15f32e8a716250cd7e32e30984f60d5d7e29d92321b97d438,128,"Retailing new or used motor homes, campers, and travel trailers--are classified in Industry 441210, Recreational Vehicle Dealers; Performing manufactured (mobile) home set up and tie-down work--are classified in Industry 238990, All Other Specialty Trade Contractors; and Manufacturing prefabricated residential buildings and assembling/erecting them at the customers' site--are classified in Sector 31-33, Manufacturing, based on the primary material (wood, plastic, or metal).",134,108,3,4
45999,excluded,685b762c4ae0f392f1843a166c0668c63e9b147d001f6caf482699d92a3fe94b,128,"Retailing new jewelry (except costume jewelry)--are classified in Industry 45831, Jewelry Retailers; Retailing used merchandise (except automobiles, RVs, mobile homes, motorcycles, all-terrain vehicles (ATVs), boats, motor vehicle parts, tires, aircraft, snowmobiles, and utility trailers)--are classified in Industry 45951, Used Merchandise Retailers; and Operating funeral homes, cemeteries, and crematories--are classified in Industry Group 8122, Death Care Services.",282,109,3,10
459999,excluded,ebe3587b989928fbc38f023336b99bfa6ddb10c51b2f8b58c910532a8196752f,128,"Retailing manufactured homes (i.e., mobile homes)--are classified in Industry 459930, Manufactured (Mobile) Home Dealers; Retailing cigarettes, electronic cigarettes, cigars, tobacco, pipes, and other smokers' supplies--are classified in U.S. Industry 459991, Tobacco, Electronic Cigarette, and Other Smoking Supplies Retailers; Retailing new costume jewelry--are classified in Industry 458110, Clothing and Clothing Accessories Retailers; Retailing antiques--are classified in Industry 459510, Used Merchandise Retailers;",303,122,4,11
48121,excluded,9ac48cf42931f48a3feacf62db74de1abb1bcd33374180cdee729fb0a122f1c7,128,"Providing specialized air sightseeing services--are classified in Industry 48799, Scenic and Sightseeing Transportation, Other; Providing aerial and/or other surveying and mapping services--are classified in Industry 54137, Surveying and Mapping (except Geophysical) Services; Operating specialized flying schools, including all training for commercial pilots--are classified in Industry 61151, Technical and Trade Schools; Independent air pilot services (except owner-operators)--are classified in Industry 48819, Other Support Activities for Air Transportation;",323,114,4,13
481211,excluded,df4f819be8ba128cac5b0021d0d4fe8d8dab7192b81a4f23aa2cfc43cd308687,128,"Providing specialty air transportation or flying services with no regular routes and regular schedules using general purpose aircraft--are classified in U.S. Industry 481219, Other Nonscheduled Air Transportation; Providing air transportation of passengers or passengers and cargo over regular routes and on regular schedules--are classified in U.S. Industry 481111, Scheduled Passenger Air Transportation; and Renting or leasing aircraft without an operator--are classified in U.S. Industry 532411, Commercial Air, Rail, and Water Transportation Equipment Rental and Leasing.",209,115,3,6
481212,excluded,aa6c32042c4361ddd1e2b89bf9275b5df469cfdeefbe2217e5d4676f88291824,128,"Providing specialty air transportation or flying services with no regular routes and regular schedules using general purpose aircraft--are classified in U.S. Industry 481219, Other Nonscheduled Air Transportation; Providing air transportation of cargo and passengers with no regular routes and schedules--are classified in U.S. Industry 481211, Nonscheduled Chartered Passenger Air Transportation; and Independent air pilot services (except owner-operators)--are classified in Industry 488190, Other Support Activities for Air Transportation.",164,109,3,5
481219,excluded,c26ccac96f959f3736b4703bd19817a5e43f26b5e47ebd662cacd2b45e1cec6f,128,"Providing air transportation of passengers or passengers and cargo with no regular routes and regular schedules--are classified in U.S. Industry 481211, Nonscheduled Chartered Passenger Air Transportation; Providing specialized air sightseeing services--are classified in Industry 487990, Scenic and Sightseeing Transportation, Other; Aerial gathering of geophysical data for surveying and mapping--are classified in Industry 541360, Geophysical Surveying and Mapping Services; and Independent air pilot services (except owner-operators)--are classified in Industry 488190, Other Support Activities for Air Transportation.",338,126,4,12
48311,excluded,a38e83b5f3019783736e86a84ccb7d784f9e49888dd4783153eb5a30363933d2,128,"Providing scenic and sightseeing water transportation, such as harbor cruises and charter fishing boat operations--are classified in Industry 48721, Scenic and Sightseeing Transportation, Water; Operating floating casinos (i.e., gambling cruises, riverboat gambling casinos)--are classified in Industry 71321, Casinos (except Casino Hotels); and Renting or leasing commercial boats (including vessel supply services), without crew--are classified in Industry 53241, Construction, Transportation, Mining, and Forestry Machinery and Equipment Rental and Leasing.",208,116,3,6
483114,excluded,f546bb72594da7856d9101c498ca304527ee080dc70696450f51789e5c6c075b,128,"Providing scenic and sightseeing water transportation, such as harbor cruises and charter fishing boat operations--are classified in Industry 487210, Scenic and Sightseeing Transportation, Water; Operating floating casinos (i.e., gambling cruises)--are classified in Industry 713210, Casinos (except Casino Hotels); and Renting or leasing commercial boats (including vessel supply services), without crew--are classified in U.S. Industry 532411, Commercial Air, Rail, and Water Transportation Equipment Rental and Leasing.",195,114,3,5
48321,excluded,2b4340dd0814fff1bcb42e45dd2c127dc4184dc934ec759f11b546bc3b3fa1a1,128,"Providing scenic and sightseeing water transportation, such as harbor cruises and charter fishing boat operations--are classified in Industry 48721, Scenic and Sightseeing Transportation, Water; Operating floating casinos (i.e., gambling cruises, riverboat gambling casinos)--are classified in Industry 71321, Casinos (except Casino Hotels); and Renting or leasing commercial boats (including vessel supply services), without crew--are classified in Industry 53241, Construction, Transportation, Mining, and Forestry Machinery and Equipment Rental and Leasing.",185,116,3,5
483212,excluded,1a833e079fa0573a3718c0605908353b8887aae188282d4feb11eca0d81fdb30,128,"Operating cruise ships or ferries in coastal waters or on the Great Lakes System--are classified in U.S. Industry 483114, Coastal and Great Lakes Passenger Transportation; Providing scenic and sightseeing water transportation, such as harbor cruises and charter fishing boat operations--are classified in Industry 487210, Scenic and Sightseeing Transportation, Water; and Renting or leasing commercial boats (including vessel supply services), without crew--are classified in U.S. Industry 532411, Commercial Air, Rail, and Water Transportation Equipment Rental and Leasing.",221,120,3,6
48412,excluded,4e6dad4e02e06def57374ce73119e35f1801853796e899e22b0b6f09b6410581,128,"Providing courier services--are classified in Industry 49211, Couriers and Express Delivery Services; Providing warehousing services of general freight without transportation--are classified in Industry 49311, General Warehousing and Storage; Providing specialized freight trucking--are classified in Industry Group 4842, Specialized Freight Trucking; Providing local general freight trucking services--are classified in Industry 48411, General Freight Trucking, Local; and Providing independent truck driving services (except owner-operators)--are classified in Industry 48849, Other Support Activities for Road Transportation.",146,124,5,6
484121,excluded,6bf8d5f2716c1174a26bc10ab1bfba8d863020cbfda581d716fc6e70633b4c41,128,"Providing general freight long-distance, less than truckload trucking--are classified in U.S. Industry 484122, General Freight Trucking, Long-Distance, Less Than Truckload; Operating independent trucking terminals--are classified in Industry 488490, Other Support Activities for Road Transportation; Providing local general freight trucking services--are classified in Industry 484110, General Freight Trucking, Local; and Providing independent truck driving services (except owner-operators)--are classified in Industry 488490, Other Support Activities for Road Transportation.",142,122,4,5
484122,excluded,3f824fcc739d773e0ca45ea70d7327b8885a98c4426fe263f2f7579ae4454307,128,"Providing warehousing services of general freight without transportation--are classified in Industry 493110, General Warehousing and Storage; Providing general freight long-distance truckload trucking--are classified in U.S. Industry 484121, General Freight Trucking, Long-Distance, Truckload; Providing local general freight trucking services--are classified in Industry 484110, General Freight Trucking, Local; and Providing independent truck driving services (except owner-operators)--are classified in Industry 488490, Other Support Activities for Road Transportation.",184,121,4,7
484220,excluded,09faed18e3c067deaa5be9c9f433cc7824dc0a188edbef93dfe914b055b48405,128,"Providing long-distance specialized freight (except used goods) trucking including all North American international travel--are classified in Industry 484230, Specialized Freight (except Used Goods) Trucking, Long-Distance; Providing independent truck driving services (except owner-operators)--are classified in Industry 488490, Other Support Activities for Road Transportation; and Providing hot shot oil field services (on- and off-road) on a contract basis--are classified in U.S. Industry 213112, Support Activities for Oil and Gas Operations.",182,117,3,6
484230,excluded,457a448ae8251b888abd26805089aba9bcbbb8c82370b8514d1322a2c94fd39c,128,"Providing local specialized freight trucking (except used goods)--are classified in Industry 484220, Specialized Freight (except Used Goods) Trucking, Local; Collecting and/or hauling hazardous waste, nonhazardous waste, and/or recyclable materials within a local area--are classified in Industry 56211, Waste Collection; Providing independent truck driving services (except owner-operators)--are classified in Industry 488490, Other Support Activities for Road Transportation;",206,105,3,6
48511,excluded,5b4efb6b3d9bec0fad007ce18354f1815b7439248c48fd78b2fb8b67636b578d,128,"Providing scenic and sightseeing transportation on land--are classified in Industry 48711, Scenic and Sightseeing Transportation, Land; Providing support services to transit and ground transportation--are classified in Industry Group 4884, Support Activities for Road Transportation; Providing interurban and rural bus transportation--are classified in Industry 48521, Interurban and Rural Bus Transportation; and Providing bus shuttle services (except school and employee bus)--are classified in Industry 48599, Other Transit and Ground Passenger Transportation.",135,112,4,5
485113,excluded,aa3f4dfe7d777929ba55c461e178b67267f73ab3f51128859f454eeb168ff95c,128,"Operating local and suburban passenger transportation systems using both a bus or other motor vehicle and another mode of transport--are classified in U.S. Industry 485111, Mixed Mode Transit Systems; Providing interurban and rural bus transportation--are classified in Industry 485210, Interurban and Rural Bus Transportation; Providing bus transportation for students and employees--are classified in Industry 485410, School and Employee Bus Transportation; Providing scenic and sightseeing transportation using buses or other motor vehicles--are classified in Industry 487110, Scenic and Sightseeing Transportation, Land;",160,125,4,5
485310,excluded,13ee65512fa14c1c5ad1908c34eb5e66619136665de8b2629f8ba1036f00003d,128,"Providing special needs transportation services (except to and from school or work) for the disabled or elderly--are classified in U.S. Industry 485991, Special Needs Transportation; Providing scheduled shuttle services between hotels, airports, or other destination points or operating car pools and vanpools--are classified in U.S. Industry 485999, All Other Transit and Ground Passenger Transportation; and Renting passenger cars without drivers, generally for short periods of time--are classified in U.S. Industry 532111, Passenger Car Rental.",164,118,3,5
48599,excluded,0f88a52face227a62fb1dd7f89b3e775e8b63d55b46a76b63b652a11bbb478fc,128,"Providing school or employee bus transportation for the disabled or elderly--are classified in Industry 48541, School and Employee Bus Transportation; Providing ambulance services for emergency and medical purposes--are classified in Industry 62191, Ambulance Services; Providing interurban and rural bus transportation--are classified in Industry 48521, Interurban and Rural Bus Transportation; Providing taxi services, ridesharing services, and/or limousine services (except shuttle services)--are classified in Industry Group 4853, Taxi and Limousine Service;",149,112,4,6
485999,excluded,ecea78c249e9e95125b9a3333c529625b033cca3efeed1605cf9877a602cff42,128,"Providing taxi services, ridesharing services, and/or limousine services (except shuttle services)--are classified in Industry Group 4853, Taxi and Limousine Service; Providing school and employee bus transportation (including for the disabled or elderly)--are classified in Industry 485410, School and Employee Bus Transportation; Providing buses for charter--are classified in Industry 485510, Charter Bus Industry; Providing special needs transportation (except to and from school or work) for the disabled or elderly--are classified in U.S. Industry 485991, Special Needs Transportation;",189,123,4,7
487110,excluded,ab6ec535bbe9b0728deedbcffab76f3f816975de415315850b019c6e49433ae8,128,"Operating aerial trams or aerial cable cars--are classified in Industry 487990, Scenic and Sightseeing Transportation, Other; Providing sporting services, such as recreational pack trains and horseback riding--are classified in Industry 713990, All Other Amusement and Recreation Industries; Providing intercity and rural bus transportation--are classified in Industry 485210, Interurban and Rural Bus Transportation; and Providing travel arrangement and reservation services and arranging and assembling tours--are classified in Industry Group 5615, Travel Arrangement and Reservation Services.",153,114,4,6
487210,excluded,06eaf81f5199c921b424cb66d1e3207b766ca167da02de8db0324f2ae59ae491,128,"Providing recreational services, such as fishing guide services (except charter boat), white water rafting, parasailing, and water skiing--are classified in Industry 713990, All Other Amusement and Recreation Industries; Providing water transportation of passengers--are classified in Subsector 483, Water Transportation; Operating floating casinos (i.e., gambling cruises or riverboat casinos)--are classified in Industry 713210, Casinos (except Casino Hotels); and Providing boat rental without operators--are classified in U.S. Industry 532284, Recreational Goods Rental.",143,125,4,5
48811,excluded,5301e35acd870e5187751d729aad5a46b8f455357b0dde01a18b02756bdc9dc0,128,"Establishments primarily engaged in providing factory conversion, overhaul, and rebuilding of aircraft are classified in Industry 33641, Aerospace Product and Parts Manufacturing; Establishments primarily engaged in providing airport janitorial services are classified in Industry 56172, Janitorial Services; Establishments primarily engaged in providing food services at airports on a contractual arrangement (i.e., food service contractors) are classified in Industry 72231, Food Service Contractors; and Establishments of the Armed Forces, including the National Guard, primarily engaged in providing military air traffic control services are classified in Industry 92811, National Security.",154,121,4,5
488119,excluded,53de6183af9464cefa8b8f94bf834006ba398fa67b92becc074bbc8351c519e3,128,"Providing air traffic control (except military) services--are classified in U.S. Industry 488111, Air Traffic Control; Providing factory conversion, overhaul, and rebuilding of aircraft--are classified in Industry 33641, Aerospace Product and Parts Manufacturing; Wholesaling fuel at airports--are classified in Industry 424720, Petroleum and Petroleum Products Merchant Wholesalers (except Bulk Stations and Terminals); and Providing food services at airports on a contractual arrangement (i.e., food service contractors)--are classified in Industry 722310, Food Service Contractors.",143,122,4,5
488190,excluded,b27c566c6f7d56a316081483d606e4e479e103042979653271f426d49dee2f55,128,"Wholesaling fuel at airports--are classified in Industry 424720, Petroleum and Petroleum Products Merchant Wholesalers (except Bulk Stations and Terminals); Providing airport operations (except air traffic control)--are classified in U.S. Industry 488119, Other Airport Operations; Providing factory conversion, overhaul, and rebuilding of aircraft--are classified in Industry 33641, Aerospace Product and Parts Manufacturing; and Providing food services to airlines on a contractual arrangement (i.e., food service contractors)--are classified in Industry 722310, Food Service Contractors.",171,122,4,6
488390,excluded,db8885b0d4d99bb784fb0c7fa459bce4f8e1c8ba1862e976f1217518c73f9f7d,128,"Ship painting--are classified in Industry 238320, Painting and Wall Covering Contractors; Providing dredging services--are classified in Industry 237990, Other Heavy and Civil Engineering Construction; Providing stevedoring and other marine cargo handling services (except warehousing)--are classified in Industry 488320, Marine Cargo Handling; Providing navigational services to shipping--are classified in Industry 488330, Navigational Services to Shipping; Providing ship overhauling or repairs in a shipyard--are classified in U.S. Industry 336611, Ship Building and Repairing;",196,125,5,8
488490,excluded,14b530384c4dfef63b6c637ce7524112c6ac15a8d9380e0df8c9f3a7fb9364ef,128,"Providing towing services to motor vehicles--are classified in Industry 488410, Motor Vehicle Towing; Providing a network for busing in combination with providing terminal services--are classified in Industry 485210, Interurban and Rural Bus Transportation; Providing a network for trucking in combination with providing terminal services--are classified in Subsector 484, Truck Transportation; and Providing transportation services as owner-operators--are classified in Sector 48-49, Transportation and Warehousing, according to primary activity.",130,110,4,5
48899,excluded,cc0e7ff8a5a10e7ae163603b566c5b1aa47c328f0cf1526e0e752d8c08139894,128,"Providing support activities for water transportation--are classified in Industry Group 4883, Support Activities for Water Transportation; Providing support activities for road transportation--are classified in Industry Group 4884, Support Activities for Road Transportation; Arranging transportation of freight between shippers and carriers--are classified in Industry 48851, Freight Transportation Arrangement; Providing packaging and labeling services (except warehousing)--are classified in Industry 56191, Packaging and Labeling Services; Providing warehousing services--are classified in Industry Group 4931, Warehousing and Storage;",314,120,5,13
488999,excluded,0ab7e0ab2f8effc3797aae658186bf947e35363d1ee67b7db199e933015d70aa,128,"Providing packing and crating services for transportation (except warehousing)--are classified in U.S. Industry 488991, Packing and Crating; Providing support activities for rail transportation--are classified in Industry 488210, Support Activities for Rail Transportation; Providing support activities for water transportation--are classified in Industry Group 4883, Support Activities for Water Transportation; and Providing ridesharing arrangement services and taxicab dispatch services--are classified in Industry 485310, Taxi and Ridesharing Services.",316,115,4,12
491110,excluded,2da915b1ce16105ed609a7774ea9727b5332703e894c90baa8f7d35f8b3d2f12,128,"Providing bulk transportation of mail on a contract basis to and from postal service establishments--are classified in Industry Group 4841, General Freight Trucking; Providing services outside of the basic mail service, such as mail presort, mail consolidation, or address bar coding services, on a contract or fee basis--are classified in U.S. Industry 561499, All Other Business Support Services; Providing courier services and express delivery of parcels without operating under a universal service obligation--are classified in Industry 492110, Couriers and Express Delivery Services;",168,118,3,5
493190,excluded,9c83ac52d514f0998f70b0c2c4f91f25285843e1da7a13acb517c58a03d0f411,128,"Renting or leasing space for self-storage--are classified in Industry 531130, Lessors of Miniwarehouses and Self-Storage Units; Operating general warehousing and storage facilities--are classified in Industry 493110, General Warehousing and Storage; Operating farm product warehousing and storage facilities (except refrigerated)--are classified in Industry 493130, Farm Product Warehousing and Storage; Pipeline transportation and storage of natural gas--are classified in Industry 486210, Pipeline Transportation of Natural Gas;",256,118,4,9
512110,excluded,eb217922b53ab68f4b93c592cca0b59b15d23078ad861b7c44167d7cb3df9fef,128,"Producing motion pictures and videos on contract as independent producers--are classified in Industry 711510, Independent Artists, Writers, and Performers; Providing video recording of weddings, special events, and/or business inventories--are classified in Industry 54192, Photographic Services; Providing motion picture laboratory services--are classified in U.S. Industry 512199, Other Motion Picture and Video Industries; Providing mass duplication and packaging of video discs, tapes, and film--are classified in Industry 334610, Manufacturing and Reproducing Magnetic and Optical Media;",185,121,4,6
512120,excluded,187be65965afc349c0b820f33d449435fcf8ddc1086443d97c9b5f0a7c7a472e,128,"Providing media streaming distribution services or operating media broadcasting and cable television networks, that may acquire the right to distribute content and subsequently broadcast or distribute that content--are classified in Industry 516210, Media Streaming Distribution Services, Social Networks, and Other Media Networks and Content Providers; Merchant wholesale distribution of prerecorded digital video discs (DVDs)--are classified in Industry 423990, Other Miscellaneous Durable Goods Merchant Wholesalers; Providing motion picture footage (via film libraries) to producers--are classified in U.S. Industry 512199, Other Motion Picture and Video Industries;",340,124,3,10
51219,excluded,1325474f95f21a110edb2a92618e61763b23f6e161421cede920d62fd44341c4,128,"Motion picture and video production--are classified in Industry 51211, Motion Picture and Video Production; Acquiring distribution rights and distributing film and video productions to motion picture theaters, television networks and stations, other media broadcast and streaming outlets, and exhibitors--are classified in Industry 51212, Motion Picture and Video Distribution; Providing audio services for film, television, and video productions--are classified in Industry 51224, Sound Recording Studios; Renting studio equipment--are classified in Industry 53249, Other Commercial and Industrial Machinery and Equipment Rental and Leasing;",278,117,4,9
512191,excluded,6a604d984ff3f0b231856118a18a3fd22df87a3ab1f6063ff3c59b99e757a108,128,"Acquiring distribution rights and distributing film and video productions to motion picture theaters, television networks and stations, other media broadcast and streaming outlets, and exhibitors--are classified in Industry 512120, Motion Picture and Video Distribution; and Formatting content, provided by a customer, for streaming and providing hosting and infrastructure support on behalf of the content owner, generally on a contract or fee basis--are classified in Industry 518210, Computing Infrastructure Providers, Data Processing, Web Hosting, and Related Services.",191,106,2,5
512199,excluded,012ec9b6616e8903ed6d6df7de11355b6b4e144ef128d38e8154a8c837b43c4f,128,"Renting wardrobes and costumes for motion picture production--are classified in U.S. Industry 532281, Formal Wear and Costume Rental; Acquiring distribution rights and distributing film and video productions to motion picture theaters, television networks and stations, other media broadcast and streaming outlets, and exhibitors--are classified in Industry 512120, Motion Picture and Video Distribution; Teleproduction and other postproduction services--are classified in U.S. Industry 512191, Teleproduction and Other Postproduction Services;",211,117,3,7
512250,excluded,cfeada2ab6cb1f4aa788522d07718441ea63a3ff38aa52ba9f9b11a6f9705bd6,128,"Promoting and authorizing the use of musical works in various media--are classified in Industry 512230, Music Publishers; Operating radio broadcasting stations, that may acquire the right to distribute content and subsequently broadcast or distribute that content--are classified in Industry 516110, Radio Broadcasting Stations; Merchant wholesale distribution of blank audio compact discs--are classified in Industry 423690, Other Electronic Parts and Equipment Merchant Wholesalers; Producing albums on contract as independent producers--are classified in Industry 711510, Independent Artists, Writers, and Performers;",348,116,4,11
512290,excluded,99b21bb688cdadeb67ea8a2d6a6b4f2c476131a1f8ad7d566f6e36f8fee12ddd,128,"Promoting and authorizing the use of musical works in various media--are classified in Industry 512230, Music Publishers; Record production and/or releasing, promoting, and distributing sound recordings--are classified in Industry 512250, Record Production and Distribution; Providing mass duplication of recorded products--are classified in Industry 334610, Manufacturing and Reproducing Magnetic and Optical Media; and Organizing and promoting the presentation of performing arts productions--are classified in Industry Group 7113, Promoters of Performing Arts, Sports, and Similar Events.",139,116,4,5
513110,excluded,5f866664b5ef40dbf688ca8e6771402f6186c43f54c7206248cdd66171066395,128,"Establishments primarily engaged in printing newspapers without publishing are classified in Industry 32311, Printing; Establishments, such as trade associations, schools and universities, financial institutions, and social welfare organizations, that publish newsletters or newspapers for distribution to their membership, but that are not commonly known as newspaper publishers, are classified according to their primary activity; Establishments primarily engaged in streaming news without publishing are classified in Industry 516210, Media Streaming Distribution Services, Social Networks, and Other Media Networks and Content Providers; and Establishments of independent representatives primarily engaged in selling advertising space are classified in Industry 541840, Media Representatives.",170,125,4,5
513120,excluded,d0a17b343909f236044649a738885b8e30853bf7dbb0c24f4f26168f9355e2c4,128,"Establishments, such as trade associations, schools and universities, financial institutions, and social welfare organizations, that publish magazines and periodicals for distribution to their membership, but that are not commonly known as periodical publishers, are classified according to their primary activity; Establishments primarily engaged in publishing directories and mailing lists are classified in Industry 513140, Directory and Mailing List Publishers; Establishments primarily engaged in streaming periodical content without publishing are classified in Industry 516210, Media Streaming Distribution Services, Social Networks, and Other Media Networks and Content Providers;",151,112,3,5
513130,excluded,aed3f9de15cb3035d8f51469bbdf34d9270ba0c84ae42754c046b2122087a5f5,128,"Establishments primarily engaged in retailing new books (including downloads) without publishing, including book clubs primarily engaged in direct sales, are classified in Industry 459210, Book Retailers and News Dealers; Establishments primarily engaged in streaming audio books without publishing are classified in Industry 516210, Media Streaming Distribution Services, Social Networks, and Other Media Networks and Content Providers; and Establishments primarily engaged as independent authors who act as their own publishers are classified in Industry 711510, Independent Artists, Writers, and Performers.",187,106,3,6
513140,excluded,d2dd5f14a8ae125c4d6f8835c1c605f47f4f582fc6fbc884f5d7896cfc419401,128,"Operating Web search portals--are classified in Industry 519290, Web Search Portals and All Other Information Services; Compiling mailing lists in conjunction with providing advertising and public relations services--are classified in Industry Group 5418, Advertising, Public Relations, and Related Services; Creating and publishing encyclopedias and similar collections of creative works in print and/or electronic media--are classified in Industry 513130, Book Publishers; and Creating and publishing collections of creative works that are periodically updated--are classified in Industry 513120, Periodical Publishers.",152,116,4,6
51319,excluded,799350cdec8e6cec29fbcd695c44e254fd31a6e569bdfae4755c318c2d5dfd2f,128,"Establishments known as magazine and other periodical publishers are classified in Industry 51312, Periodical Publishers; Establishments known as book publishers are classified in Industry 51313, Book Publishers; Establishments primarily engaged in publishing directories and mailing lists are classified in Industry 51314, Directory and Mailing List Publishers; Establishments primarily engaged in manufacturing appointment books and/or manifold business forms are classified in Industry 32311, Printing; and Establishments primarily engaged in educational test development services that publish tests, but that are not commonly known as publishers, are classified in Industry 61171, Educational Support Services.",170,121,5,8
513199,excluded,f6dc232d868906430c4434ea8452e0b475270de79b9c468e93be747a984e4bb7,128,"Establishments known as magazine or other periodical publishers are classified in Industry 513120, Periodical Publishers; Establishments known as book publishers are classified in Industry 513130, Book Publishers; Establishments primarily engaged in publishing directories and mailing lists are classified in Industry 513140, Directory and Mailing List Publishers; Establishments primarily engaged in publishing greeting cards are classified in U.S. Industry 513191, Greeting Card Publishers; and Establishments primarily engaged in educational test development services that publish tests, but that are not commonly known as publishers, are classified in Industry 611710, Educational Support Services.",207,123,5,9
513210,excluded,c952c4b7ae98af5fd9549fb56a507d1279a20980e0b15ce0f44c12792c7af644,128,"Reselling packaged software without publishing--are classified in Sector 42, Wholesale Trade, or Sector 44-45, Retail Trade; Providing hosting and infrastructure support to software publishers, generally on a contract or fee basis, including game server hosting providers--are classified in Industry 518210, Computing Infrastructure Providers, Data Processing, Web Hosting, and Related Services; Operating Internet gaming sites without publishing--are classified in Industry 516210, Media Streaming Distribution Services, Social Networks, and Other Media Networks and Content Providers;",186,110,3,6
516210,excluded,64ffed3af7a4b8e2b21fc4ca894ce674f93f6b97a8d81ff44431060c4f91c659,128,"Acquiring distribution rights and distributing motion pictures and videos to motion picture theaters, television networks and stations, other media broadcast and streaming outlets, and exhibitors--are classified in Industry 512120, Motion Picture and Video Distribution; Formatting content, provided by a customer, for streaming and providing hosting and infrastructure support on behalf of the content owner, generally on a contract or fee basis, including game server hosting providers--are classified in Industry 518210, Computing Infrastructure Providers, Data Processing, Web Hosting, and Related Services;",311,111,2,9
51711,excluded,b3d45c3da108c7d4b191a85929f4100293bf34094e163c331d848c9fb8559b6e,128,"Operating radio and television broadcasting stations--are classified in Industry Group 5161, Radio and Television Broadcasting Stations; Operating and maintaining satellite network infrastructure that they own and/or lease and/or reselling satellite telecommunications services--are classified in Industry 51741, Satellite Telecommunications; Providing voice over Internet protocol (VoIP) services via client-supplied telecommunications connections--are classified in Industry 51781, All Other Telecommunications;",277,92,3,7
517111,excluded,6dc090e38631e05e61de6a8c0e9434fe6a1f07dcf8a4a0807646a1fbb4f80b02,128,"Operating and maintaining wireless telecommunications networks--are classified in U.S. Industry 517112, Wireless Telecommunications Carriers (except Satellite); Operating television and radio broadcasting networks, including satellite television and radio networks, that produce media programming for distribution through cable, satellite, streaming, or Internet broadcasting--are classified in Industry 516210, Media Streaming Distribution Services, Social Networks, and Other Media Networks and Content Providers; Providing voice over Internet protocol (VoIP) services via client-supplied telecommunications connections--are classified in Industry 517810, All Other Telecommunications;",316,121,3,9
517112,excluded,6e985326478eca8ddc4eb22a5bbdc8f1c30bce3e93f9c1ec2aa62606a514a551,128,"Operating and maintaining wired telecommunications networks--are classified in U.S. Industry 517111, Wired Telecommunications Carriers; Operating and maintaining satellite network infrastructure that they own and/or lease--are classified in Industry 517410, Satellite Telecommunications; Providing satellite television distribution services--are classified in U.S. Industry 517111, Wired Telecommunications Carriers; Acting as agents for wireless telecommunications services, including operating as agents for mobile virtual network operators (MVNOs)--are classified in U.S. Industry 517122, Agents for Wireless Telecommunications Services;",156,122,4,5
517410,excluded,48472b9ba6a493da7803fed8e0ac85b3e1c4b71a275b32df90d44d18fe6bbb2e,128,"Providing direct-to-home satellite television services to individual households or consumers--are classified in U.S. Industry 517111, Wired Telecommunications Carriers; Operating television and radio broadcasting networks, including satellite television and radio networks, that produce media programming for distribution through cable, satellite, streaming, or Internet broadcasting--are classified in Industry 516210, Media Streaming Distribution Services, Social Networks, and Other Media Networks and Content Providers; and Providing expert advice in the field of information technology or in integrating communication and computer systems--are classified in Industry 54151, Computer Systems Design and Related Services.",150,128,3,4
518210,excluded,7e0b756a52ecfaa698c9addd826ec769e4c94f3cf9aa2f56ca7539e43bb729a7,128,"Providing video and audio streaming distribution services--are classified in Industry 516210, Media Streaming Distribution Services, Social Networks, and Other Media Networks and Content Providers; Providing computer hardware, software, and communication technologies integration services, with or without product sales--are classified in U.S. Industry 541512, Computer Systems Design Services; Providing on-site management and operation of a client's data processing facilities--are classified in U.S. Industry 541513, Computer Facilities Management Services;",445,108,3,14
519210,excluded,a3fbd9a92831753666d15b1bbfa1c709ec0d86e6f7fef7871e7dbde7eaa612ca,128,"Providing stock film and video footage (via motion picture and video tape libraries) to the media, multimedia, and advertising industries--are classified in U.S. Industry 512199, Other Motion Picture and Video Industries; Providing stock photos to the media, multimedia, and advertising industries--are classified in Industry 519290, Web Search Portals and All Other Information Services; and Acquiring distribution rights and distributing motion pictures and videos to motion picture theaters, television networks and stations, other media broadcast and streaming outlets, and exhibitors--are classified in Industry 512120, Motion Picture and Video Distribution.",154,127,3,4
519290,excluded,ead963935d0420c56f77d5e7d5d8e8c348f95c2d00e953865ee064b319acb225,128,"Providing wired broadband Internet access services using own operated telecommunications infrastructure--are classified in U.S. Industry 517111, Wired Telecommunications Carriers; Formatting content, provided by a customer, for streaming and providing hosting and infrastructure support on behalf of the content owner, generally on a contract or fee basis--are classified in Industry 518210, Computing Infrastructure Providers, Data Processing, Web Hosting, and Related Services; Operating news syndicates--are classified in Industry 516210, Media Streaming Distribution Services, Social Networks, and Other Media Networks and Content Providers;",192,121,3,6
52229,excluded,74bb85719d4d75614d9a429f697a5e4cfc3be199201f36e02af00dc265ea7dbd,128,"Providing credit sales by issuing credit cards--are classified in Industry 52221, Credit Card Issuing; Arranging loans for others on a commission or fee basis--are classified in Industry 52231, Mortgage and Nonmortgage Loan Brokers; Servicing loans or providing check cashing services--are classified in Industry 52239, Other Activities Related to Credit Intermediation; and Guaranteeing international trade loans--are classified in Industry 52412, Direct Insurance (except Life, Health, and Medical) Carriers.",163,112,4,6
522291,excluded,e324d5d07b0803b5dfee58474d95bc53b45293a37ea9c10e13a8aa95b9e34ab6,128,"Accepting deposits and lending funds from these deposits--are classified in Industry Group 5221, Depository Credit Intermediation; Arranging loans for others on a commission or fee basis--are classified in Industry 522310, Mortgage and Nonmortgage Loan Brokers; Servicing loans or providing check cashing services--are classified in Industry 522390, Other Activities Related to Credit Intermediation; and Factoring accounts receivables--are classified in U.S. Industry 522299, International, Secondary Market, and All Other Depository Credit Intermediation.",146,125,4,5
522292,excluded,b144f04206f30b120d41c67737ffda068aedf21babc65a6b376eab424d073cdd,128,"Arranging loans for others on a commission or fee basis--are classified in Industry 522310, Mortgage and Nonmortgage Loan Brokers; Accepting deposits and lending funds secured by real estate--are classified in Industry Group 5221, Depository Credit Intermediation; and Buying, pooling, and repackaging mortgage loans for sale to others on the secondary market--are classified in U.S. Industry 522299, International, Secondary Market, and All Other Nondepository Credit Intermediation.",135,114,3,4
522299,excluded,2a735601cf1f6379626993c3c2ed70e9c937d6cfc89dc85b591fb316cd622cf1,128,"Establishments primarily engaged in providing credit sales funding are classified in Industry 522210, Credit Card Issuing; Establishments primarily engaged in lending funds with real estate as collateral are classified in U.S. Industry 522292, Real Estate Credit; Establishments primarily engaged in accepting deposits and lending funds from these deposits are classified in Industry Group 5221, Depository Credit Intermediation; Establishments primarily engaged in arranging loans, including international trade loans, for others on a commission or fee basis are classified in Industry 522310, Mortgage and Nonmortgage Loan Brokers;",232,118,4,8
522310,excluded,ccb7ac0e5a9f253a991d604c9d99e6235ee57abf1d381a27d246f7066aa034f0,128,"Lending funds with real estate as collateral--are classified in U.S. Industry 522292, Real Estate Credit; Accepting deposits and lending funds secured by real estate--are classified in Industry Group 5221, Depository Credit Intermediation; and Buying, pooling, and repackaging mortgage loans for sale to others on the secondary market--are classified in U.S. Industry 522299, International, Secondary Market, and All Other Nondepository Credit Intermediation.",130,109,3,4
522320,excluded,f158af81471c6880e4d8fe56bf984cbc7692abaf3d140b57975bce8092815d29,128,"Establishments primarily engaged in nonfinancial data and electronic transaction processing (except payroll processing services) are classified in Industry 518210, Computing Infrastructure Providers, Data Processing, Web Hosting, and Related Services; Establishments primarily engaged in providing payroll processing services are classified in U.S. Industry 541214, Payroll Services; Establishments primarily engaged in credit card issuing and related financial transaction processing are classified in Industry 522210, Credit Card Issuing; and Establishments primarily engaged in operating commodity or securities exchange clearinghouses are classified in U.S. Industry 523999, Miscellaneous Financial Investment Activities.",190,123,4,6
522390,excluded,592b144012a423bece47bd1aaa37c92ec883caaee22a766dc5605ee65143f113,128,"Arranging loans for others on a commission or fee basis--are classified in Industry 522310, Mortgage and Nonmortgage Loan Brokers; Furnishing physical or electronic marketplaces for the purpose of facilitating the buying and selling of securities and commodities--are classified in Industry 523210, Securities and Commodity Exchanges; Operating commodity or securities exchange clearinghouses--are classified in U.S. Industry 523999, Miscellaneous Financial Investment Activities; Foreign currency exchange dealing and brokering--are classified in Industry 523160, Commodity Contracts Intermediation;",233,121,4,7
523940,excluded,f5e9846c57dd19f7671236b1a1e4d78d582f950e5b2297978763f935760b431c,128,"Establishments primarily engaged in acting as principals (except investment bankers, securities dealers, and commodity contracts dealers) in buying or selling financial contracts are classified in Industry 523910, Miscellaneous Intermediation; Establishments primarily engaged in administering personal estates are classified in U.S. Industry 523991, Trust, Fiduciary, and Custody Activities; and Establishments known as publishers providing generalized investment information to subscribers are classified in Subsector 513, Publishing Industries.",224,97,3,6
52399,excluded,70b551bc6b0d37beb0cdadd9a2cb5f77090e7fa9c6b9050657486df4bb158573,128,"Establishments primarily engaged in acting as principals (except investment bankers, securities dealers, and commodity contracts dealers) in buying or selling financial contracts are classified in Industry 52391, Miscellaneous Intermediation; Establishments primarily engaged in furnishing physical or electronic marketplaces for the purpose of facilitating the buying and selling of securities and commodities are classified in Industry 52321, Securities and Commodity Exchanges; Establishments primarily engaged in awarding grants from trust funds are classified in Industry 81321, Grantmaking and Giving Services;",313,104,3,8
523991,excluded,906fcd4d06cefe988c6a20aced60c58a77594130ca56c0ab2717111e9b17d052,128,"Establishments primarily engaged in managing the portfolio assets (e.g., trusts, funds) of others are classified in Industry 523940, Portfolio Management and Investment Advice; Legal entities (i.e., trusts, estates, or agency accounts) administered on behalf of the beneficiaries under the terms of a trust agreement, will, or agency agreement are classified in Industry 525920, Trusts, Estates, and Agency Accounts; Establishments primarily engaged in performing real estate escrow or real estate fiduciary activities are classified in Industry 531390, Other Activities Related to Real Estate;",148,124,3,4
523999,excluded,4ce8f53d3205e682da0457e790a345fcca7dc2d008595a9401105ec10cdfe5f2,128,"Investment banking, securities dealing, securities brokering, commodity contracts dealing, or commodity contracts brokering--are classified in Industry Group 5231, Securities and Commodity Contracts Intermediation and Brokerage; Acting as principals (except investment bankers, securities dealers, and commodity contracts dealers) in buying or selling financial contracts--are classified in Industry 523910, Miscellaneous Intermediation; Furnishing physical or electronic marketplaces for the purpose of facilitating the buying and selling of securities and commodities--are classified in Industry 523210, Securities and Commodity Exchanges;",276,117,3,7
52412,excluded,efcf48a08dec049a94c3f9f13d489ae09af2746602b5714b36c0ccb803e17627,128,"Legal entities (i.e., funds, plans, and/or programs) organized to provide insurance and employee benefits exclusively for the sponsor, firm, or its employees or members are classified in Industry Group 5251, Insurance and Employee Benefit Funds; Establishments primarily engaged in initially underwriting annuities and life insurance policies, disability income insurance policies, accidental death and dismemberment insurance policies, and health and medical insurance policies are classified in Industry 52411, Direct Life, Health, and Medical Insurance Carriers;",162,109,2,4
524128,excluded,03817f347a6fcf03c5b81eebbc0a8d2a35921ae90931fb2504dbf2fd25920ffa,128,"Reinsuring insurance policies--are classified in Industry 524130, Reinsurance Carriers; Initially underwriting annuities and life insurance policies, disability income insurance policies, and accidental death and dismemberment insurance policies--are classified in U.S. Industry 524113, Direct Life Insurance Carriers; Initially underwriting property and casualty insurance policies--are classified in U.S. Industry 524126, Direct Property and Casualty Insurance Carriers; and Initially underwriting title insurance policies--are classified in U.S. Industry 524127, Direct Title Insurance Carriers.",152,123,4,5
524292,excluded,c3a2f5f3dc456f6d167820efb9c62ceaf7a3184f1f1172254dc96942b924168b,128,"Managing the portfolio assets (i.e., funds) of others--are classified in Industry 523940, Portfolio Management and Investment Advice; Initially underwriting health and medical insurance policies--are classified in U.S. Industry 524114, Direct Health and Medical Insurance Carriers; Retailing prescription and nonprescription drugs and medicines--are classified in Industry 456110, Pharmacies and Drug Retailers; Providing insurance actuarial services--are classified in U.S. Industry 524298, All Other Insurance Related Activities;",145,119,4,5
524298,excluded,00c782ac6ce9ca24c86fd580ee263427b343accdc996d1b4151bb131e48b37e1,128,"Providing actuarial consulting services--are classified in U.S. Industry 541612, Human Resources Consulting Services; Acting as agents (i.e., brokers) in selling annuities and insurance policies--are classified in Industry 524210, Insurance Agencies and Brokerages; and Providing pharmacy benefit management services and other third party administration services of insurance and pension funds--are classified in U.S. Industry 524292, Pharmacy Benefit Management and Other Third Party Administration of Insurance and Pension Funds.",132,111,3,4
525190,excluded,622ef00939d5691deb51256bac871590d5da7d1b04acabefed67dbac086e9974,128,"Legal entities (i.e., funds, plans, and/or programs) organized to provide health- and welfare-related employee benefits exclusively for the sponsor's employees or members are classified in Industry 525120, Health and Welfare Funds; Establishments primarily engaged in managing portfolios of insurance funds are classified in Industry 523940, Portfolio Management and Investment Advice; Establishments primarily engaged in providing pharmacy benefit management services and other third party claims administration of insurance and other employee benefit funds are classified in U.S. Industry 524292, Pharmacy Benefit Management and Other Third Party Administration of Insurance and Pension Funds;",194,127,3,5
525990,excluded,98a9d9e5cb02d9cf916471d3f4359dfbe8a416d6e5ebcb7d0a02c6a3f86bbb68,128,"Legal entities (i.e., open-end investment funds) organized to pool assets that consist of securities or other financial instruments, where the pools are offered to the public in an initial offering with additional shares offered continuously and perpetually at a specific price determined by the net asset value, are classified in Industry 525910, Open-End Investment Funds; and Equity real estate investment trusts (REITs) that are primarily engaged in leasing buildings, dwellings, or other real estate property to others are classified in Industry Group 5311, Lessors of Real Estate, based on primary type of real estate property leased.",228,127,2,4
53,excluded,cc82113f51253d64adc7c1f99741da93dc228f702e953db216ec35ccc8c1f4b6,128,"Excluded from this sector are establishments primarily engaged in renting or leasing equipment with operators. Establishments renting or leasing equipment with operators are classified in various subsectors of NAICS depending on the nature of the services provided (e.g., transportation, construction, agriculture). These activities are excluded from this sector because the client is paying for the expertise and knowledge of the equipment operator, in addition to the rental of the equipment. Also excluded from this sector are mortgage REITs and establishments primarily engaged in managing the financial portfolio assets of REITs on a fee or commission basis.",154,120,4,6
531120,excluded,c56228e4e385636bf16ba0cbd6eb8a47a8b35d977e868a39b845f4dd1a649385,128,"Acting as lessors of buildings used as residences or dwellings--are classified in Industry 531110, Lessors of Residential Buildings and Dwellings; Operating public and contract warehousing and storage facilities (except self-storage)--are classified in Industry Group 4931, Warehousing and Storage; and Providing colocation services (i.e., rental of server and networking space in data centers)--are classified in Industry 518210, Computing Infrastructure Providers, Data Processing, Web Hosting, and Related Services.",293,111,3,7
531190,excluded,9ed62d52a5173e06b97bc14a5556738722cc88e1660dbea1c38d58905b3704c8,128,"Acting as lessors of buildings used as residences or dwellings, including on-site manufactured (mobile) homes--are classified in Industry 531110, Lessors of Residential Buildings and Dwellings; Renting or leasing space for self-storage--are classified in Industry 531130, Lessors of Miniwarehouses and Self-Storage Units; Operating public and contract warehousing and storage facilities (except self-storage)--are classified in Industry Group 4931, Warehousing and Storage;",248,106,3,7
53131,excluded,09a55ae21b104a7e0bdf42bc9e9805ac788e7cc92b652052464948370087aa57,128,"Establishments primarily engaged in renting real estate on behalf of owners are classified in Industry 53121, Offices of Real Estate Agents and Brokers; Establishments primarily engaged in providing individual activities related to property management (e.g., maintenance, security, landscaping, etc.) are classified in the appropriate industry according to the service provided; and Establishments primarily engaged in operating short-term lodging facilities, such as hotels, motels, casino hotels, and bed-and-breakfast inns are classified in Industry Group 7211, Traveler Accommodation.",210,112,3,6
531311,excluded,65ec90f629607426d5e231984ca03bf7ff83fab80de0284eb7f898e1f6c5dec3,128,"Establishments formed as associations on behalf of individual residential condominium owners or homeowners are classified in Industry 813990, Other Similar Organizations (except Business, Professional, Labor, and Political Organizations); Establishments primarily engaged in renting real estate on behalf of owners are classified in Industry 531210, Offices of Real Estate Agents and Brokers; and Establishments primarily engaged in providing individual activities related to property management (e.g., maintenance, security, landscaping, etc.) are classified in the appropriate industry according to the service provided.",175,112,3,5
531312,excluded,1b01e593cc701b7ce45a628bd0643d8804abfa6d4dbf14e942b217ec8ef40335,128,"Establishments primarily engaged in acting as lessors of buildings (except miniwarehouses and self-storage units) that are not used as residences or dwellings are classified in Industry 531120, Lessors of Nonresidential Buildings (except Miniwarehouses); Establishments primarily engaged in providing operating staff to perform a combination of services to support operations within a client's facilities are classified in Industry 561210, Facilities Support Services; Establishments primarily engaged in renting real estate on behalf of owners are classified in Industry 531210, Offices of Real Estate Agents and Brokers;",296,119,3,8
531390,excluded,a1b66389bdfcec46f3c78cbcf15fb948f9722f76b018e70d8962501bfcaad369,128,"Acting as lessors of real estate--are classified in Industry Group 5311, Lessors of Real Estate; Selling, buying, and/or renting real estate for others--are classified in Industry 531210, Offices of Real Estate Agents and Brokers; Researching public land records for ownership of titles and/or conveying real estate titles--are classified in U.S. Industry 541191, Title Abstract and Settlement Offices; and Underwriting or acting as agents in selling real estate title insurance policies--are classified in Subsector 524, Insurance Carriers and Related Activities.",174,127,4,6
532,excluded,03b82170172f57081e897512f719a46a552a8e9085b2f5f97360577913040dad,128,"Establishments primarily engaged in renting or leasing equipment with operators are classified in various subsectors of NAICS depending on the nature of the services provided (e.g., transportation, construction, agriculture). The rental or leasing of copyrighted works is classified in Sector 51, Information, and the rental or leasing of nonfinancial intangible assets, such as patents, trademarks, and/or licensing agreements, is classified in Subsector 533, Lessors of Nonfinancial Intangible Assets (except Copyrighted Works).",243,117,2,7
532120,excluded,836de468e37ed43b7a786150a626d8ae5286ea4165841dc5cc5a2d5c4d037b1e,128,"Renting recreational goods, such as pleasure boats, canoes, motorcycles, mopeds, or bicycles--are classified in U.S. Industry 532284, Recreational Goods Rental; Renting or leasing farm tractors, industrial equipment, and industrial trucks, such as forklifts and other material handling equipment--are classified in Industry 532490, Other Commercial and Industrial Machinery and Equipment Rental and Leasing; Retailing vehicles commonly referred to as RVs through sales or lease arrangements--are classified in Industry 441210, Recreational Vehicle Dealers;",204,117,3,6
53228,excluded,7fa2ce59fe87c17a5dfa8d17bca6d555d6634656f559e076fea306c6bfafb64c,128,"Renting consumer electronics and appliances--are classified in Industry 53221, Consumer Electronics and Appliances Rental; Renting a general line of products, such as lawn and garden equipment, home repair tools, and party and banquet equipment--are classified in Industry 53231, General Rental Centers; Theatrical distribution of motion pictures and videos--are classified in Industry 51213, Motion Picture and Video Exhibition; Publishing video games and other software--are classified in Industry 51321, Software Publishers; Retailing home health care equipment--are classified in Industry 45619, Other Health and Personal Care Retailers;",318,128,5,11
532282,excluded,0584a5ee18e7bc4298f23c150c47b0a25c7fe14e93b68fcfe68b67bfee3c8f49,128,"Renting video gaming consoles, video recorders, and media players--are classified in Industry 532210, Consumer Electronics and Appliances Rental; Retailing prerecorded video discs (e.g., DVDs)--are classified in Industry 449210, Electronics and Appliance Retailers; Theatrical distribution of motion pictures and videos--are classified in Industry 51213, Motion Picture and Video Exhibition; Providing video streaming distribution services or operating Internet gaming sites without publishing--are classified in Industry 516210, Media Streaming Distribution Services, Social Networks, and Other Media Networks and Content Providers;",148,128,4,5
532289,excluded,a26977306849bf1fc4b10ad1e97b9f0ba390f6d677a496c74d3469c4a12abd07,128,"Renting formal wear and costumes--are classified in U.S. Industry 532281, Formal Wear and Costume Rental; Renting video discs (DVDs), including through vending machines--are classified in U.S. Industry 532282, Video Tape and Disc Rental; Renting a range of consumer, commercial, and industrial equipment, such as lawn and garden equipment, home repair tools, and party and banquet equipment--are classified in Industry 532310, General Rental Centers;",205,108,3,7
532310,excluded,280ffa2dd69eece8b47048dee249fb1ede724663dae3195183ef03dfe1a0017b,128,"Renting trucks and trailers without drivers--are classified in Industry 532120, Truck, Utility Trailer, and RV (Recreational Vehicle) Rental and Leasing; Renting party and banquet equipment--are classified in U.S. Industry 532289, All Other Consumer Goods Rental; Renting consumer electronics and appliances--are classified in Industry 532210, Consumer Electronics and Appliances Rental; and Renting specialized types of commercial and industrial equipment, such as garden tractors or public address systems--are classified in Industry 532490, Other Commercial and Industrial Machinery and Equipment Rental and Leasing.",159,125,4,5
53241,excluded,aa66bb3b1eca0d117892794736947acc61c31cb5d26e34366ae6452f68a4b2a8,128,"Renting or leasing air, rail, highway, and water transportation equipment with operators--are classified in Sector 48-49, Transportation and Warehousing, based on their primary activity; Renting or leasing heavy construction equipment with operators--are classified in Industry Group 2389, Other Specialty Trade Contractors; Renting or leasing heavy equipment for forestry with operators--are classified in Industry 11531, Support Activities for Forestry; and Leasing heavy equipment in combination with providing loans to buyers of such equipment--are classified in Sector 52, Finance and Insurance.",165,116,4,6
532490,excluded,ea8b874d1e45a0a90928109567a11309a50b03ebc58ac4a0391b4a16ec227f62,128,"Renting or leasing heavy construction, off-highway transportation, mining, and forestry machinery and equipment without operators--are classified in Industry 53241, Construction, Transportation, Mining, and Forestry Machinery and Equipment Rental and Leasing; Renting or leasing office machinery and equipment--are classified in Industry 532420, Office Machinery and Equipment Rental and Leasing; and Leasing nonconsumer machinery and equipment in combination with providing loans to buyers of such equipment--are classified in Sector 52, Finance and Insurance.",192,107,3,6
533110,excluded,9255458d981a1183721d0ed214c283c6919c5191628ffe0ac23ff93a8feab281,128,"Independent artists, writers, and performers primarily engaged in creating copyrighted works are classified in Industry 711510, Independent Artists, Writers, and Performers; Establishments primarily engaged in leasing real property are classified in Subsector 531, Real Estate; Establishments primarily engaged in leasing tangible assets, such as automobiles, computers, consumer goods, and industrial machinery and equipment, are classified in Subsector 532, Rental and Leasing Services; and Establishments that allow franchisees the use of the franchise name, contingent on the franchisee buying products or services from the franchisor, are classified elsewhere.",148,122,4,5
54119,excluded,329fe52cbbaf9038e6f5e96f8eba664227a2a0cdeaced0d96567233249abd633,128,"Establishments (except offices of lawyers, attorneys, and paralegals) primarily engaged in providing arbitration and conciliation services are classified in Industry 54199, All Other Professional, Scientific, and Technical Services; Establishments primarily engaged in underwriting or acting as agents in selling real estate title insurance policies are classified in Subsector 524, Insurance Carriers and Related Activities; and Establishments primarily engaged in providing landman services or real estate escrow and fiduciary services are classified in Industry 53139, Other Activities Related to Real Estate.",138,114,3,4
541199,excluded,deeda0fa6cc823398efc10890fae06c1e8026d57d243fd44ca5d0f46d92e18e8,128,"Establishments of lawyers and attorneys primarily engaged in the practice of law are classified in Industry 541110, Offices of Lawyers; preparing documents necessary for the transfer of the title, financing, and settlement; Establishments (except offices of lawyers, attorneys, and paralegals) primarily engaged in providing arbitration and conciliation services are classified in Industry 541990, All Other Professional, Scientific, and Technical Services; and Establishments primarily engaged in providing landman services or real estate escrow and fiduciary services are classified in Industry 531390, Other Activities Related to Real Estate.",185,121,4,7
541213,excluded,f0232eb394a0fdd557947f2733ce23a776025a956af11cba91ab29bac09cc708,128,"Establishments of CPAs are classified in U.S. Industry 541211, Offices of Certified Public Accountants; Establishments of non-CPAs providing payroll processing services along with tax return preparation services are classified in U.S. Industry 541214, Payroll Services; Establishments primarily engaged in processing financial transactions (except central bank) are classified in Industry 522320, Financial Transactions Processing, Reserve, and Clearinghouse Activities;",174,88,3,5
541214,excluded,56ebd76d158d17f946da5784aecf2f04a27d3eaf2bea93c877a20dca6254b4f1,128,"Establishments of non-CPAs providing tax return preparation services only are classified in U.S. Industry 541213, Tax Preparation Services; Establishments of non-CPAs providing accounting, bookkeeping, or billing services along with payroll services are classified in U.S. Industry 541219, Other Accounting Services; and Establishments primarily engaged in providing data processing services (except payroll processing services and financial transaction processing services) at their own facility for others are classified in Industry 518210, Computing Infrastructure Providers, Data Processing, Web Hosting, and Related Services.",169,116,3,5
541330,excluded,6075570f2db342b5165756991d48a39cc189a7e67d53fa8ccdc3b419dced2442,128,"Planning and designing computer systems that integrate computer hardware, software, and communication technologies--are classified in U.S. Industry 541512, Computer Systems Design Services; Performing surveying and mapping services of the surface of the earth, including the sea floor--are classified in Industry 541370, Surveying and Mapping (except Geophysical) Services; Engineering research and development--are classified in U.S. Industry 541715, Research and Development in the Physical, Engineering, and Life Sciences (except Nanotechnology and Biotechnology);",307,113,3,9
541350,excluded,887959b92cfc5e6c9dad93a81d188acbb977eaced83213a7521609e287c10b44,128,"Inspecting buildings for hazardous materials--are classified in Industry 541620, Environmental Consulting Services; Waterless fire suppression system testing and/or inspection, without sales, service, or installation--are classified in Industry 541990, All Other Professional, Scientific, and Technical Services; Estimating the fair market value of real estate--are classified in Industry 531320, Offices of Real Estate Appraisers; and Conducting building inspections and enforcing building codes and standards--are classified in Industry 926150, Regulation, Licensing, and Inspection of Miscellaneous Commercial Sectors.",148,121,4,5
541490,excluded,ba166188f47102b0d841d491eb9c709e4924aa628ee8a39248f5fec827d292ba,128,"Providing architectural design services--are classified in Industry 541310, Architectural Services; Providing engineering design services--are classified in Industry 541330, Engineering Services; Providing interior design services--are classified in Industry 541410, Interior Design Services; Providing industrial design services--are classified in Industry 541420, Industrial Design Services; Providing graphic design services--are classified in Industry 541430, Graphic Design Services; Designing and writing custom software to meet the needs of a particular customer--are classified in U.S. Industry 541511, Custom Computer Programming Services;",194,124,6,9
54151,excluded,8722612c64f84c44dfee154f0ab1f36f371009b464a528bb3b9ed65680b1df47,128,"Retailing computer hardware or software products and systems and providing supporting services, such as customized assembly of personal computers--are classified in Industry 44921, Electronics and Appliance Retailers; Providing computer data processing services at their own facility for others--are classified in Industry 51821, Computing Infrastructure Providers, Data Processing, Web Hosting, and Related Services; Providing computer training (except computer repair), such as programming, software, systems, and network management training--are classified in Industry 61142, Computer Training;",237,111,3,7
541511,excluded,334ba885a926e5bad51993d43808946cc45716f9b6f8f36a37d4ad7767629e23,128,"Providing computing infrastructure, data processing services, Web hosting services (except software publishing), and related services, including streaming support services (except streaming distribution services)--are classified in Industry 518210, Computing Infrastructure Providers, Data Processing, Web Hosting, and Related Services; and Planning and designing computer systems that integrate computer hardware, software, and communication technologies, even though such establishments may provide custom software as an integral part of their services--are classified in U.S. Industry 541512, Computer Systems Design Services.",136,111,2,3
541512,excluded,1d39ba5bd2299e05820e33cd8c0c1be53b6b1c5a2f4a7f269e057993a6f92c0b,128,"Designing and writing custom software to meet the needs of a particular customer--are classified in U.S. Industry 541511, Custom Computer Programming Services; Retailing computer hardware or software products and systems and providing supporting services, such as customized assembly of personal computers--are classified in Industry 449210, Electronics and Appliance Retailers; and Merchant wholesaling computer hardware or software products and providing supporting services, such as customized assembly of personal computers--are classified in Industry 423430, Computer and Computer Peripheral Equipment and Software Merchant Wholesalers.",149,118,3,4
541519,excluded,77a51cd1e5cd1aab41c2feb1af2f31e82f884808c517af61ee72fbf5e8b6721c,128,"Providing computer systems integration design services--are classified in U.S. Industry 541512, Computer Systems Design Services; Providing computing infrastructure, data processing services, Web hosting services (except software publishing), and related services, including streaming support services (except streaming distribution services)--are classified in Industry 518210, Computing Infrastructure Providers, Data Processing, Web Hosting, and Related Services; Providing computer training (except computer repair), such as programming, software, systems, and network management training--are classified in Industry 611420, Computer Training;",216,119,3,7
54161,excluded,7977d9dbb9f5ae461ef3327306012a58ae0df948e8c76b6eacac9b891a00280c,128,"Establishments primarily engaged in providing executive search, recruitment, and placement services are classified in Industry 56131, Employment Placement Agencies and Executive Search Services; Establishments primarily engaged in administering, overseeing, and managing other establishments of the company or enterprise (except government establishments) are classified in Industry 55111, Management of Companies and Enterprises; Establishments primarily engaged in advertising and public relations are classified in Industry Group 5418, Advertising, Public Relations, and Related Services; Establishments primarily engaged in planning and designing industrial processes and systems are classified in Industry 54133, Engineering Services;",375,116,4,13
541611,excluded,3ce3620974d708f1fe117d50f4159fa8852bff6067b76045680e062f23a4dbfb,128,"Establishments primarily engaged in providing a range of day-to-day office administrative services, such as financial planning, billing and recordkeeping, personnel, and physical distribution and logistics, are classified in Industry 561110, Office Administrative Services; Establishments primarily engaged in administering, overseeing, and managing other establishments of the company or enterprise (except government establishments) are classified in U.S. Industry 551114, Corporate, Subsidiary, and Regional Managing Offices; Establishments primarily engaged in providing professional and management development training are classified in Industry 611430, Professional and Management Development Training;",218,118,3,7
541620,excluded,495029f88e4ad4ea1673a8c64d9100024ccec6d13de7e496f88fea13727f55d6,128,"Establishments primarily engaged in environmental remediation are classified in Industry 562910, Remediation Services; Establishments primarily engaged in providing environmental testing services are classified in Industry 541380, Testing Laboratories and Services; Establishments primarily engaged in promoting the preservation and protection of the environment are classified in U.S. Industry 813312, Environment, Conservation and Wildlife Organizations; and Government establishments primarily engaged in administering, overseeing, and managing governmental ecological restoration programs are classified in Industry 924110, Administration of Air and Water Resource and Solid Waste Management Programs.",153,113,4,6
541690,excluded,255a528abb6f016e291a87020426c6070220e4ba493980babf99acc8c66066cd,128,"Providing advice and assistance to businesses and other organizations on management issues--are classified in Industry 54161, Management Consulting Services; Environmental consulting--are classified in Industry 541620, Environmental Consulting Services; Providing architectural (except landscape) consulting services--are classified in Industry 541310, Architectural Services; Providing engineering consulting services--are classified in Industry 541330, Engineering Services; Providing building inspection services--are classified in Industry 541350, Building Inspection Services; Providing insurance advisory services--are classified in U.S. Industry 524298, All Other Insurance Related Activities;",196,127,6,9
54171,excluded,0fa23a6cfc0f9fe4084c0f3fdfd3f1e40e8bca59deb9e321d8754a5e30c10ea6,128,"Raising funds for health related research--are classified in Industry 81321, Grantmaking and Giving Services; Providing physical, chemical, or other analytical testing services (except medical or veterinary), such as acoustics or vibration testing, calibration testing, electrical and electronic testing, geotechnical testing, mechanical testing, nondestructive testing, or thermal testing--are classified in Industry 54138, Testing Laboratories and Services; and Laboratory animal production (e.g., guinea pigs, mice, rats)--are classified in Industry 11299, All Other Animal Production.",311,125,3,8
541713,excluded,cddbaefeaf5cafdb3b265db4a81b5f4096c1ec0cb636b54d5491e5d493c40af7,128,"Conducting research and experimental development in the physical, engineering, and life sciences (except nanotechnology and biotechnology)--are classified in U.S. Industry 541715, Research and Development in the Physical, Engineering, and Life Sciences (except Nanotechnology and Biotechnology); Providing physical, chemical, or other analytical testing services (except medical or veterinary), such as acoustics or vibration testing, calibration testing, electrical and electronic testing, geotechnical testing, mechanical testing, nondestructive testing, or thermal testing--are classified in Industry 541380, Testing Laboratories and Services;",277,128,2,7
541714,excluded,ded86b66ce1aec7a727a8775d31e2073076dae4264c8c9f28b58ccd0c6fe74e2,128,"Conducting research and experimental development in the physical, engineering, and life sciences (except nanotechnology and biotechnology)--are classified in U.S. Industry 541715, Research and Development in the Physical, Engineering, and Life Sciences (except Nanotechnology and Biotechnology); Providing veterinary testing services--are classified in Industry 541940, Veterinary Services; Providing medical laboratory testing for humans--are classified in U.S. Industry 621511, Medical Laboratories;",325,101,3,8
541715,excluded,ca043fd9ab8affdb5e1e1a0fd7da5ba0f48169df20178bc8b558f2728fbff061,128,"Conducting research and experimental development in biotechnology (except nanobiotechnology)--are classified in U.S. Industry 541714, Research and Development in Biotechnology (except Nanobiotechnology); Providing physical, chemical, or other analytical testing services (except medical or veterinary), such as acoustics or vibration testing, calibration testing, electrical and electronic testing, geotechnical testing, mechanical testing, nondestructive testing, or thermal testing--are classified in Industry 541380, Testing Laboratories and Services;",279,112,2,8
541810,excluded,c0f3d096fa946a14d97c0fbc76b49570533977fa6bed65af27e8fc7508181f57,128,"Purchasing advertising space from media outlets and reselling it directly to advertising agencies or individual companies--are classified in Industry 541830, Media Buying Agencies; Conceptualizing and producing artwork or graphic designs without providing other advertising agency services--are classified in Industry 541430, Graphic Design Services; and Providing access for clients to advertising servers and/or real-time bidding marketplaces from a central host site (except by publishers, Web search portals, and other content providers)--are classified in Industry 518210, Computing Infrastructure Providers, Data Processing, Web Hosting, and Related Services.",189,124,3,6
541850,excluded,e90d522aa7a644e469c92f7c44923dead7ce6db2043f25d8874fdea5031f12a7,128,"Providing sign lettering and painting services--are classified in Industry 541890, Other Services Related to Advertising; Providing access for clients to advertising servers and/or real-time bidding marketplaces from a central host site (except by publishers, Web search portals, and other content providers)--are classified in Industry 518210, Computing Infrastructure Providers, Data Processing, Web Hosting, and Related Services; Printing paper or paperboard signs--are classified in Industry 32311, Printing; Erecting display boards--are classified in Industry 238990, All Other Specialty Trade Contractors;",188,123,4,6
541870,excluded,7adf6b948fd3ee8f583b2c1463c2cd53cdeba5f31ecba45bbb48060a205158ca,128,"Creating and designing advertising campaigns for the purpose of distributing advertising materials or samples through the mail--are classified in Industry 541860, Direct Mail Advertising; Distributing advertising specialties (e.g., keychains, magnets, or pens with customized messages imprinted) to clients who wish to use such materials for promotional purposes--are classified in Industry 541890, Other Services Related to Advertising; and Creating advertising campaigns and placing such advertising in print and digital media--are classified in Industry 541810, Advertising Agencies.",133,113,3,4
541890,excluded,9b0781a8bd5590137070ab7ebf738f7577d0c8eb1d357130e16da65c7e43e92f,128,"Creating advertising campaigns and placing such advertising in newspapers, television, or other media--are classified in Industry 541810, Advertising Agencies; Providing direct mail advertising services--are classified in Industry 541860, Direct Mail Advertising; Providing access for clients to advertising servers and/or real-time bidding marketplaces from a central host site (except by publishers, Web search portals, and other content providers)--are classified in Industry 518210, Computing Infrastructure Providers, Data Processing, Web Hosting, and Related Services; Printing advertising specialties--are classified in Industry 32311, Printing;",353,126,4,13
54192,excluded,2117c2856ceb172ede12ac67fc2ea5d939a7da73df099ab87bd1debf38e7b029,128,"Producing film and videotape for commercial exhibition or sale--are classified in Industry 51211, Motion Picture and Video Production; Developing motion picture film--are classified in Industry 51219, Postproduction Services and Other Motion Picture and Video Industries; Taking, developing, and selling artistic, news, or other types of photographs on a freelance basis, such as photojournalists--are classified in Industry 71151, Independent Artists, Writers, and Performers; and Supplying and servicing automatic photography machines in places of business operated by others--are classified in Industry 81299, All Other Personal Services.",145,128,4,5
541921,excluded,8e6d92885e90e3440aa2992bc222adc916da3a51e7625585b00727c4778fce35,128,"Producing film and videotape for commercial exhibition or sale--are classified in Industry 512110, Motion Picture and Video Production; Developing still photographs--are classified in Industry 81292, Photofinishing; Taking, developing, and selling artistic, news, or other types of photographs on a freelance basis, such as photojournalists--are classified in Industry 711510, Independent Artists, Writers, and Performers; and Supplying and servicing automatic photography machines in places of business operated by others--are classified in Industry 812990, All Other Personal Services.",146,121,4,5
541922,excluded,8e6d92885e90e3440aa2992bc222adc916da3a51e7625585b00727c4778fce35,128,"Producing film and videotape for commercial exhibition or sale--are classified in Industry 512110, Motion Picture and Video Production; Developing still photographs--are classified in Industry 81292, Photofinishing; Taking, developing, and selling artistic, news, or other types of photographs on a freelance basis, such as photojournalists--are classified in Industry 711510, Independent Artists, Writers, and Performers; and Supplying and servicing automatic photography machines in places of business operated by others--are classified in Industry 812990, All Other Personal Services.",146,121,4,5
541990,excluded,ea983bc1513e89513c74ba35e1b71739fd32c3ba9f3dcd4356d36b7515351d38,128,"Providing architectural, engineering, and related services--are classified in Industry Group 5413, Architectural, Engineering, and Related Services; Providing management, scientific, and technical consulting services--are classified in Industry Group 5416, Management, Scientific, and Technical Consulting Services; Providing advertising and related services--are classified in Industry Group 5418, Advertising, Public Relations, and Related Services; Providing veterinary services--are classified in Industry 541940, Veterinary Services; and Providing real estate appraisal services--are classified in Industry 531320, Offices of Real Estate Appraisers.",299,125,5,13
55111,excluded,542f2830369d53007eaf29f6a3e16e0641c03f7253496f4ad8a375b65dac5d08,128,"Establishments primarily engaged in holding the securities of companies or enterprises and operating these entities are classified according to the business operated; Establishments primarily engaged in providing a range of day-to-day office administrative services for other companies or enterprises on a contract or fee basis are classified in Industry 56111, Office Administrative Services; Establishments primarily engaged in providing a single service to other establishments of the company or enterprise, such as trucking, warehousing, research and development, and data processing, are classified according to the service provided;",195,108,3,6
551112,excluded,9b70d1437836cc8019f6069c659739b0b20f64d3866e8a5e73e8491133b15d94,128,"Holding the securities of (or other equity interests in) depository banks for the purpose of owning a controlling interest or influencing the management decisions of these firms--are classified in U.S. Industry 551111, Offices of Bank Holding Companies; Holding the securities of (or other equity interests in) a company or enterprise and administering, overseeing, and managing establishments of the company or enterprise whose securities they hold--are classified in U.S. Industry 551114, Corporate, Subsidiary, and Regional Managing Offices;",163,109,2,4
551114,excluded,76c41dfecbb77fbce083378ec4f8cfb3b1a380b4160a2d472f7ab6451ddec7bb,128,"Government establishments primarily engaged in administering, overseeing, and managing governmental programs are classified in Sector 92, Public Administration; Legal entities known as holding companies (except bank holding) that do not administer, oversee, and manage other establishments of the companies or enterprises whose securities they hold are classified in U.S. Industry 551112, Offices of Other Holding Companies; and Establishments primarily engaged in providing a range of day-to-day office administrative services for other companies or enterprises on a contract or fee basis are classified in Industry 561110, Office Administrative Services.",160,115,3,4
561110,excluded,635dd23bb2c57ffa72549bb7270c0574c5a1dff6e2d0b48d2bc4f8bf0bce7a47,128,"Administering, overseeing, and managing other establishments of the company or enterprise (except government establishments)--are classified in U.S. Industry 551114, Corporate, Subsidiary, and Regional Managing Offices; Providing food services management at institutional, governmental, commercial, or industrial locations--are classified in Industry 722310, Food Service Contractors; Providing both management and operating staff for the complete operation of a client's business, such as a hotel, restaurant, mine site, or hospital--are classified according to the industry of the establishment operated;",317,115,3,10
561210,excluded,1883b5a9f301fb02955d29777ef52fd0df11e99e35cbc27c9bf167a5f7854c21,128,"Establishments primarily engaged in providing only one of the support services (e.g., janitorial services) that establishments in this industry provide are classified in the appropriate industry according to the service provided; Establishments primarily engaged in providing management and operating staff for the complete operation of a client's establishment, such as a hotel, restaurant, mine, or hospital, are classified according to the industry of the establishment operated; Establishments primarily engaged in providing on-site management and operation of a client's computer systems and/or data processing facilities are classified in U.S. Industry 541513, Computer Facilities Management Services;",211,128,3,6
56131,excluded,77e5ca6953654a1b6b8195c5112d344b719fef4ec3280ed39ae7bc0f3714a653,128,"Supplying their own employees for limited periods of time to supplement the working force of a client's business--are classified in Industry 56132, Temporary Help Services; Providing human resources and human resource management services to client businesses and households--are classified in Industry 56133, Professional Employer Organizations; Providing advice and assistance on human resource and personnel policies, practices, and procedures; and Representing models, entertainers, athletes, and other public figures as their agent or manager--are classified in Industry 71141, Agents and Managers for Artists, Athletes, Entertainers, and Other Public Figures.",145,125,4,5
561311,excluded,63d7788a880ad2b712f7353d2b96186c7b3530ce236750d4fee31a5ab6efe91c,128,"Supplying their own employees for limited periods of time to supplement the working force of a client's business--are classified in Industry 561320, Temporary Help Services; Providing human resources and human resource management services to client businesses and households--are classified in Industry 561330, Professional Employer Organizations; and Representing models, entertainers, athletes, and other public figures as their agent or manager--are classified in Industry 711410, Agents and Managers for Artists, Athletes, Entertainers, and Other Public Figures.",136,109,3,4
561312,excluded,c9099d028a5125466f08fe384f84899366b531c16934db381bd681ceb4b5c2ca,128,"Listing employment vacancies and in recruiting, referring, or placing applicants for employment--are classified in U.S. Industry 561311, Employment Placement Agencies; Supplying their own employees for limited periods of time to supplement the working force of a client's business--are classified in Industry 561320, Temporary Help Services; Providing human resources and human resource management services to client businesses and households--are classified in Industry 561330, Professional Employer Organizations; Providing administrative and general management consulting services--are classified in U.S. Industry 541611, Administrative Management and General Management Consulting Services;",235,128,4,8
561320,excluded,c329282bd6f78a0ee9e11e1169859a29d712f4165ead5ad4406afa120a50c970,128,"Providing operating staff to perform a combination of services to support operations within a client's facilities--are classified in Industry 561210, Facilities Support Services; Listing employment vacancies and in recruiting, referring, or placing applicants for employment--are classified in U.S. Industry 561311, Employment Placement Agencies; and Representing models, entertainers, athletes, and other public figures as their agent or manager--are classified in Industry 711410, Agents and Managers for Artists, Athletes, Entertainers, and Other Public Figures.",192,114,3,6
561410,excluded,dbc78e12d2b9d84ecf2e95a269c0428fe53f21c5d39ccb7747a8620777227de6,128,"Providing verbatim reporting and stenotype recording of live legal proceedings and transcribing subsequent recorded materials--are classified in U.S. Industry 561492, Court Reporting and Stenotype Services; Providing document translation services--are classified in Industry 541930, Translation and Interpretation Services; and Providing document copying services in combination with printing services, with or without a range of other office support services, and establishments known as quick or digital printers--are classified in U.S. Industry 323111, Commercial Printing (except Screen and Books).",265,121,3,7
56142,excluded,2e3d86d94a2b48d9bd8ccfb61dcd369657022a25ee8ab975e65923eefc2be4f6,128,"Providing automated data processing services and computing infrastructure for call centers--are classified in Industry 51821, Computing Infrastructure Providers, Data Processing, Web Hosting, and Related Services; Providing restaurant meal and grocery order and delivery services (i.e., independent order and delivery services)--are classified in Industry 49221, Local Messengers and Local Delivery; and Gathering, recording, tabulating, and presenting marketing and public opinion data, that may include telephone canvassing services--are classified in Industry 54191, Marketing Research and Public Opinion Polling.",204,116,3,6
561422,excluded,12277b33806bf5047a6ff248fa6641f2e0c9a0356edcef15c7bebf7dc6f7c94e,128,"Answering telephone calls and relaying messages--are classified in U.S. Industry 561421, Telephone Answering Services; Providing restaurant meal and grocery order and delivery services (i.e., independent order and delivery services)--are classified in Industry 492210, Local Messengers and Local Delivery; and Gathering, recording, tabulating, and presenting marketing and public opinion data, that may include telephone canvassing services--are classified in Industry 541910, Marketing Research and Public Opinion Polling.",208,106,3,6
56143,excluded,584a1db33259df1fb4e54535956bcfb2b4c34d1219b5270e533acaff044c0cfa,128,"Providing full service office space, whether on a lease or service contract basis--are classified in Industry 53112, Lessors of Nonresidential Buildings (except Miniwarehouses); Providing document copying services in combination with printing services, with or without a range of other office support services, and establishments known as quick or digital printers--are classified in Industry 32311, Printing; and Providing only one of the support services (e.g., word processing services) that establishments in this industry provide--are classified in the appropriate industry according to the service provided.",204,121,3,7
561431,excluded,ba1b354a1a7f443d7a70804580321e05a4a0272b6049110d84050562ee8bc56d,128,"Operating contract post offices--are classified in Industry 491110, Postal Service; Delivering letters and parcels (except under a universal service obligation)--are classified in Subsector 492, Couriers and Messengers; Providing only one of the support services (e.g., word processing services) that establishments in this industry provide--are classified in the appropriate industry according to the service provided; and Providing full service office space, whether on a lease or service contract basis--are classified in Industry 531120, Lessors of Nonresidential Buildings (except Miniwarehouses).",168,126,4,6
561439,excluded,328e4fc319fdc50a2ca775ced6b843a3fc1a9527f339afb1cd4367bfe0306097,128,"Establishments primarily engaged in providing document copying services in combination with printing services, with or without a range of other office support services, and establishments known as quick or digital printers are classified in U.S. Industry 323111, Commercial Printing (except Screen and Books); Establishments primarily engaged in providing mailbox rental and other postal and mailing services, with or without one or more other office support services (except printing), are classified in U.S. Industry 561431, Private Mail Centers;",190,105,2,4
56149,excluded,17b2a136c56bd1b5409c1cd19c5a93249a213471658992e1f91439830eb234e1,128,"Providing secretarial and other document preparation services--are classified in Industry 56141, Document Preparation Services; Providing telephone answering or telemarketing services--are classified in Industry 56142, Telephone Call Centers; Providing document copying services in combination with printing services, with or without a range of other office support services, and establishments known as quick or digital printers--are classified in Industry 32311, Printing; and Providing film or tape captioning or subtitling services--are classified in Industry 51219, Postproduction Services and Other Motion Picture and Video Industries.",240,124,4,11
561499,excluded,ffd7dd9fd519154ce60c7ed96baa1b8409627a6d75551656da43c16da48f1562,128,"Providing secretarial and other document preparation services--are classified in Industry 561410, Document Preparation Services; Providing private mail services, document copying services without printing services, and/or a range of office support services--are classified in Industry 56143, Business Service Centers; Providing credit reporting services--are classified in Industry 561450, Credit Bureaus; Providing repossession services--are classified in U.S. Industry 561491, Repossession Services;",232,107,4,8
56159,excluded,5c89d786e571f1d457c446be013a0ad1ffd4844ad0d61185466b44b467cc6e3a,128,"Travel agencies are classified in Industry 56151, Travel Agencies; Tour operators are classified in Industry 56152, Tour Operators; Automobile clubs (i.e., enthusiasts' clubs, except road and travel services) are classified in Industry 81341, Civic and Social Organizations; Establishments primarily engaged in organizing, promoting, and/or managing events, such as business and trade shows, conventions, conferences, and meetings (whether or not they manage and provide the staff to operate the facilities in which these events take place), are classified in Industry 56192, Convention and Trade Show Organizers;",229,124,4,6
561591,excluded,b08c48135f55ec2203d00e1ba970033dc08cd0e072f3e5ef882493aed58ba859,128,"and Organizing, promoting, and/or managing live performing arts productions, sports events, and similar events, such as festivals (whether or not they manage and provide the staff to operate the facilities in which these events take place)--are classified in Industry Group 7113, Promoters of Performing Arts, Sports, and Similar Events.",130,70,1,2
561599,excluded,9c0645338da1215faff68689c952089e7efb3966836f30fecca3c3ee408c0f67,128,"Travel agencies are classified in Industry 561510, Travel Agencies; Tour operators are classified in Industry 561520, Tour Operators; Establishments primarily engaged in organizing, promoting, and/or managing events, such as business and trade shows, conventions, conferences, and meetings (whether or not they manage and provide the staff to operate the facilities in which these events take place), are classified in Industry 561920, Convention and Trade Show Organizers; and Automobile clubs (i.e., enthusiasts' clubs, except road and travel services) are classified in Industry 813410, Civic and Social Organizations.",253,125,4,7
56162,excluded,fd193ba545e722bc1125d99e4b832e042ef5ae2a8fac4649ae405590a185a1c9,128,"Selling security systems for buildings without installation, repair, or monitoring services--are classified in Sector 42, Wholesale Trade, or Sector 44-45, Retail Trade; Installing alarm systems (e.g., fire, burglar), without selling or monitoring services--are classified in Industry 23821, Electrical Contractors and Other Wiring Installation Contractors; Retailing motor vehicle security systems, with or without installation or repair services--are classified in Industry 44133, Automotive Parts and Accessories Retailers;",129,104,3,4
561730,excluded,e7132866038f435c3d69ee98d93e36a511982093bdb48ff9ab197850a77a7004,128,"Installing artificial turf, constructing (i.e., installing) walkways, retaining walls, decks, fences, ponds, or similar structures, or right of way cutting (except maintenance)--are classified in Sector 23, Construction; Planning and designing the development of land areas for projects, such as parks and other recreational areas; airports; hospitals; schools; and commercial, industrial, and residential areas (without also installing trees, shrubs, plants, lawns/gardens, walkways, retaining walls, decks, and similar items or structures)--are classified in Industry 541320, Landscape Architectural Services;",167,128,6,9
561790,excluded,298189c80b01b9793a67ff7b94a7adb0296db49b6d0436b866dc5e40d8c05fe8,128,"Providing exterminating and pest control services--are classified in Industry 561710, Exterminating and Pest Control Services; Providing landscaping care and maintenance--are classified in Industry 561730, Landscaping Services; Providing carpet and upholstery cleaning services--are classified in Industry 561740, Carpet and Upholstery Cleaning Services; Resurfacing hardwood flooring and/or wood floor finishing--are classified in Industry 238330, Flooring Contractors; and Sandblasting building exteriors--are classified in Industry 238990, All Other Specialty Trade Contractors.",170,127,5,7
561910,excluded,11ee332e9c733c8fa125c3b9e3a51fe540479ece6a089564f13ec5eb531013c8,128,"Providing aerosol packaging services--are classified in U.S. Industry 325998, All Other Miscellaneous Chemical Product and Preparation Manufacturing; Providing packing and crating services incidental to transportation--are classified in U.S. Industry 488991, Packing and Crating; Providing warehousing services, as well as packaging or other logistics services--are classified in Industry Group 4931, Warehousing and Storage; and Processing client-owned materials into new products, such as mixing water and concentrate to produce soft drinks--are classified in Sector 31-33, Manufacturing.",162,126,4,5
561990,excluded,23548ac66bcdc8c35913e49e96bf91890bcf987f4d1cd351677de0dad45140b5,128,"Providing office administrative services--are classified in Industry 561110, Office Administrative Services; Providing business support services--are classified in Industry Group 5614, Business Support Services; Providing travel arrangement and reservation services--are classified in Industry Group 5615, Travel Arrangement and Reservation Services; Providing security and investigation services--are classified in Industry Group 5616, Investigation and Security Services; Providing packaging and labeling services--are classified in Industry 561910, Packaging and Labeling Services; and Promoting the business interests of their members--are classified in Industry 813910, Business Associations.",302,123,6,12
56211,excluded,46017dfd99704dfe63b6a4da9e9c12bf76156acc8a018943ae94ee4958930ff6,128,"Long-distance trucking of waste--are classified in Industry 48423, Specialized Freight (except Used Goods) Trucking, Long-Distance; Operating facilities for separating and sorting recyclable materials from nonhazardous waste streams (i.e., garbage) and/or for sorting commingled recyclable materials, such as paper, plastics, and metal cans, into distinct categories--are classified in Industry 56292, Materials Recovery Facilities;",164,102,2,4
562111,excluded,dbefe6fe52f0b2de868637cbc6607f4da86ce7a27f6617b7487c19d24dc308dc,128,"Collecting and/or hauling in combination with disposal of nonhazardous waste materials--are classified in Industry 56221, Waste Treatment and Disposal; Operating facilities for separating and sorting recyclable materials from nonhazardous waste streams (i.e., garbage) and/or for sorting commingled recyclable materials, such as paper, plastics, and metal cans, into distinct categories--are classified in Industry 562920, Materials Recovery Facilities;",238,102,2,6
562112,excluded,8e6a20bf5502eab8c7be6c01446e2a15c2f88f23adfdc173eccf294be8e221f3,128,"Collecting and/or hauling in combination with disposal of hazardous waste materials--are classified in U.S. Industry 562211, Hazardous Waste Treatment and Disposal; Collecting and/or hauling nonhazardous solid waste (i.e., garbage) and/or recyclable materials within a local area and/or operating nonhazardous solid waste transfer stations--are classified in U.S. Industry 562111, Solid Waste Collection;",163,98,2,4
562119,excluded,c3e4fbee425633a46d53afd8acdf40875a4bc885c524c22e861d532563c78890,128,"Long-distance trucking of waste--are classified in Industry 484230, Specialized Freight (except Used Goods) Trucking, Long-Distance; Collecting and/or hauling in combination with disposal of waste materials--are classified in Industry 56221, Waste Treatment and Disposal; Collecting and/or hauling nonhazardous solid waste (i.e., garbage) or mixed recyclable materials within a local area or operating nonhazardous solid waste transfer stations--are classified in U.S. Industry 562111, Solid Waste Collection;",223,120,3,5
562211,excluded,1e1782527b3cc356c45c3fc44f5fc808cc4b0c07b123a7ee5ab1f1f1a94d3686,128,"Operating landfills for the disposal of nonhazardous solid waste--are classified in U.S. Industry 562212, Solid Waste Landfill; Collecting, treating, and disposing waste through sewer systems or sewage treatment facilities--are classified in Industry 221320, Sewage Treatment Facilities; Operating nonhazardous waste treatment and disposal facilities (except landfills, combustors, incinerators, and sewer systems or sewage treatment facilities)--are classified in U.S. Industry 562219, Other Nonhazardous Waste Treatment and Disposal;",211,120,3,5
562212,excluded,ecc8a7f2a123cda5d53d79726d493b376285c295985def755158fbbb20e3e8d1,128,"Operating treatment and/or disposal facilities for hazardous waste--are classified in U.S. Industry 562211, Hazardous Waste Treatment and Disposal; Operating nonhazardous waste treatment and disposal facilities (except landfills, combustors, incinerators, and sewer systems or sewage treatment facilities)--are classified in U.S. Industry 562219, Other Nonhazardous Waste Treatment and Disposal; and Manufacturing compost--are classified in U.S. Industry 325315, Compost Manufacturing.",183,111,3,5
562213,excluded,98ed85ce2b43c1ccdb93e69898196a13eddd94054b2a5ce3ddf31c890dd87426,128,"Operating landfills for the disposal of nonhazardous solid waste--are classified in U.S. Industry 562212, Solid Waste Landfill; Collecting, treating, and disposing waste through sewer systems or sewage treatment facilities--are classified in Industry 221320, Sewage Treatment Facilities; and Operating nonhazardous waste treatment and disposal facilities (except landfills, combustors, incinerators, and sewer systems or sewage treatment facilities)--are classified in U.S. Industry 562219, Other Nonhazardous Waste Treatment and Disposal.",151,121,3,4
562219,excluded,449029d6535a87e6c7b831a70f5e2d21eea54064c789042b3f6ee61c88582750,128,"Operating landfills for the disposal of nonhazardous solid waste--are classified in U.S. Industry 562212, Solid Waste Landfill; Operating combustors and incinerators for the disposal of nonhazardous solid waste--are classified in U.S. Industry 562213, Solid Waste Combustors and Incinerators; Collecting, treating, and disposing waste through sewer systems or sewage treatment facilities--are classified in Industry 221320, Sewage Treatment Facilities;",129,107,3,4
562910,excluded,f61126e56759af7fecb46c57c2800fd6c579929851fc721c0b8af2c2771480d0,128,"Providing janitorial services, including for transportation equipment (e.g., aircraft, rail cars, ships)--are classified in Industry 561720, Janitorial Services; Individual activities as part of a reclamation, remediation, or restoration project--are classified according to the primary activity; Building modifications to alleviate radon gas--are classified in Industry 238990, All Other Specialty Trade Contractors; and Collecting, treating, and disposing waste water through sewer systems or sewage treatment facilities--are classified in Industry 221320, Sewage Treatment Facilities.",244,122,4,9
56299,excluded,8b09d2f182d5c681aa9acb9445e9037eb387f889c8c7f79a8a1861460290d758,128,"Collecting and/or hauling waste within a local area--are classified in Industry 56211, Waste Collection; Operating treatment or disposal facilities (except sewer systems or sewage treatment facilities) for waste--are classified in Industry 56221, Waste Treatment and Disposal; Remediation and cleanup of contaminated buildings, mine sites, soil, or ground water--are classified in Industry 56291, Remediation Services; and Merchant wholesaling waste oil--are classified in Industry 42393, Recyclable Material Merchant Wholesalers.",309,116,4,10
562998,excluded,24f69d2638e2ff604efed0b6026ff62f9e9e493f15360d41cd5416d777fbe6b2,128,"Collecting and/or hauling waste within a local area--are classified in Industry 56211, Waste Collection; Operating treatment or disposal facilities (except sewer systems or sewage treatment facilities) for waste--are classified in Industry 56221, Waste Treatment and Disposal; Remediation and cleanup of contaminated buildings, mine sites, soil, or ground water--are classified in Industry 562910, Remediation Services; and Merchant wholesaling waste oil--are classified in Industry 423930, Recyclable Material Merchant Wholesalers.",340,116,4,10
611410,excluded,dab4655985519babe392b20c6fb2530b4c8b711c353bba626f2b5adcee54a8f7,128,"Offering computer training (except computer repair)--are classified in Industry 611420, Computer Training; Offering academic degrees (e.g., baccalaureate, graduate) in business education--are classified in Industry 611310, Colleges, Universities, and Professional Schools; and Providing job training for the unemployed, underemployed, disabled, and persons who have a job market disadvantage because of lack of education, job skill, or experience--are classified in Industry 624310, Vocational Rehabilitation Services.",137,108,3,4
61151,excluded,d01e18e294d87f5d5bd86b085a26869f5597475e3b8440883fb94b91067525ba,128,"Offering professional and management development training--are classified in Industry 61143, Professional and Management Development Training; Offering registered nursing training with academic degrees (e.g., associate, baccalaureate)--are classified in Industry 61121, Junior Colleges, or Industry 61131, Colleges, Universities, and Professional Schools; and Providing job training for the unemployed, underemployed, disabled, and persons who have a job market disadvantage because of lack of education, job skill, or experience--are classified in Industry 62431, Vocational Rehabilitation Services.",217,119,3,7
611519,excluded,41c7d75c1a7f61c5ff8ed7fa038d6add8cf68bce10d3f3e79fe023251dd0aa47,128,"Offering professional and management development training--are classified in Industry 611430, Professional and Management Development Training; Operating college-level military academies--are classified in Industry 611310, Colleges, Universities, and Professional Schools; National security and military basic training (except academies)--are classified in Industry 928110, National Security; Offering academic courses that may also offer technical and trade courses--are classified according to the type of school; Offering apprenticeship training programs--are classified in U.S. Industry 611513, Apprenticeship Training;",319,117,5,11
611620,excluded,b1535df236f195e5cb23a51ec323909ccf41888fda2657c9ec747d9d292e31f3,128,"Establishments primarily engaged in operating overnight recreational camps that may offer some athletic instruction in addition to other activities are classified in U.S. Industry 721214, Recreational and Vacation Camps (except Campgrounds); Establishments primarily engaged in operating sports and recreation establishments that also offer athletic instruction are classified in Sector 71, Arts, Entertainment, and Recreation; Independent (i.e., freelance) athletes engaged in providing sports instruction and participating in spectator sporting events are classified in U.S. Industry 711219, Other Spectator Sports;",159,109,3,5
61169,excluded,059041178a772d9cd47bd7eaa580a9242c6e1f2ccc1c0684ded66924e3015add,128,"Offering elementary and secondary school instruction--are classified in Industry 61111, Elementary and Secondary Schools; Offering college, university, and professional school instruction with academic degrees (e.g., baccalaureate, graduate)--are classified in Industry 61131, Colleges, Universities, and Professional Schools; Offering vocational and technical instruction (e.g., computer repair and maintenance)--are classified in Industry 61151, Technical and Trade Schools; Offering sports and recreation instruction--are classified in Industry 61162, Sports and Recreation Instruction;",199,116,4,8
611699,excluded,0e9ad4158051f9d8fd35b259bd986dc3df8575c440d3f5dc62dd0a30368874f4,128,"Offering elementary and secondary school instruction--are classified in Industry 611110, Elementary and Secondary Schools; Offering junior college instruction--are classified in Industry 611210, Junior Colleges; Offering business, computer (except computer repair), and management training--are classified in Industry Group 6114, Business Schools and Computer and Management Training; Offering vocational and technical instruction (e.g., computer repair and maintenance)--are classified in Industry 61151, Technical and Trade Schools; and Offering automobile driving instruction--are classified in U.S. Industry 611692, Automobile Driving Schools.",250,128,5,10
62111,excluded,d631bf6a33c75c4cd7036ec3b86e1720a4553c03cd140b7fbd3d010dd21ad6d2,128,"Health maintenance organization (HMO) medical centers; and outpatient community health clinics with health practitioners from multiple industries are classified in Industry 62149, Other Outpatient Care Centers; Establishments of speech or voice pathologists are classified in Industry 62134, Offices of Physical, Occupational and Speech Therapists, and Audiologists; and Establishments primarily engaged in providing nonresidential counseling services for substance abuse, mental health, suicide intervention, and other crisis intervention social services to children and youth, the elderly, persons with disabilities, and all other individuals and families are classified in Industry Group 6241, Individual and Family Services.",234,128,4,8
621111,excluded,cc2db376931f985edf46cebf1cc15da79d2168c460d4033ef4f70b8c7bf311e0,128,"Freestanding medical centers primarily engaged in providing emergency medical care for accident or trauma victims and freestanding ambulatory surgical centers primarily engaged in providing surgery on an outpatient basis are classified in U.S. Industry 621493, Freestanding Ambulatory Surgical and Emergency Centers; Outpatient community health clinics with health practitioners from multiple industries are classified in U.S. Industry 621498, All Other Outpatient Care Centers; and Establishments of speech or voice pathologists are classified in Industry 621340, Offices of Physical, Occupational and Speech Therapists, and Audiologists.",201,122,3,6
621210,excluded,cee80dcbb4fd662d9e2a7e136a2808378f7f6da22ddb6923f67820d810e1fcf8,128,"Establishments known as dental laboratories primarily engaged in making dentures, artificial teeth, and orthodontic appliances to order for dentists are classified in U.S. Industry 339116, Dental Laboratories; Establishments of dental hygienists primarily engaged in cleaning teeth and gums or establishments of denturists primarily engaged in taking impressions for and fitting dentures are classified in U.S. Industry 621399, Offices of All Other Miscellaneous Health Practitioners;",130,98,2,3
621330,excluded,9e2ebe08fc460d46df6fef60e54d5610bb40acfbed40fab28d3ed7808336471d,128,"Establishments of psychiatrists, psychoanalysts, and psychotherapists having the degree of M.D. (Doctor of Medicine) or D.O. (Doctor of Osteopathic Medicine) are classified in U.S. Industry 621112, Offices of Physicians, Mental Health Specialists; and Establishments primarily engaged in providing nonresidential counseling services for substance abuse, mental health, suicide intervention, and other crisis intervention social services to children and youth, the elderly, persons with disabilities, and all other individuals and families are classified in Industry Group 6241, Individual and Family Services.",150,125,4,5
62139,excluded,b4c64192f40a58d1b9e012438881956436f55509d000fbac9e7796792fbfa767,128,"The independent practice of medicine (i.e., physicians)--are classified in Industry 62111, Offices of Physicians; The independent practice of optometry--are classified in Industry 62132, Offices of Optometrists; The independent practice of physical, occupational, and speech therapy, and audiology--are classified in Industry 62134, Offices of Physical, Occupational and Speech Therapists, and Audiologists; and Operating outpatient community health clinics with health practitioners from multiple industries--are classified in Industry 62149, Other Outpatient Care Centers.",198,123,4,7
621399,excluded,f9afc0ca0f85d4351d3b3a4e89dcd31cd724315983c1dbfc1090ba05f37b9beb,128,"The independent practice of medicine (i.e., physicians)--are classified in Industry 62111, Offices of Physicians; The independent practice of dentistry--are classified in Industry 621210, Offices of Dentists; The independent practice of physical, occupational, and speech therapy, and audiology--are classified in Industry 621340, Offices of Physical, Occupational and Speech Therapists, and Audiologists; and Operating outpatient community health clinics with health practitioners from multiple industries--are classified in U.S. Industry 621498, All Other Outpatient Care Centers.",233,125,4,8
621420,excluded,a268fe666d64c98342c185e2817f7fc0d9b84eecf1eb314b2166b9b14ee8cc12,128,"Establishments known and licensed as hospitals primarily engaged in the inpatient treatment of mental health and substance abuse illnesses with an emphasis on medical treatment and monitoring are classified in Industry 622210, Psychiatric and Substance Abuse Hospitals; Establishments primarily engaged in the inpatient treatment of mental health and substance abuse illnesses with an emphasis on residential care and counseling rather than medical treatment are classified in Industry 623220, Residential Mental Health and Substance Abuse Facilities; Establishments of physicians primarily engaged in the independent practice of psychiatry or psychoanalysis are classified in U.S. Industry 621112, Offices of Physicians, Mental Health Specialists;",210,123,3,5
62149,excluded,5ccee0d005107f90c6c109d425d2f0b4253b41c18043aeb9ff7025eefe58e462,128,"Centers and clinics of health practitioners from the same industry primarily engaged in the independent practice of their profession are classified in Industry 62111, Offices of Physicians; Outpatient mental health and substance abuse centers are classified in Industry 62142, Outpatient Mental Health and Substance Abuse Centers; HMO establishments (except those providing health care services) primarily engaged in underwriting health and medical insurance policies are classified in Industry 52411, Direct Life, Health, and Medical Insurance Carriers; and Establishments known and licensed as hospitals that also perform ambulatory surgery and emergency room services are classified in Subsector 622, Hospitals.",165,128,4,7
621498,excluded,15970a77148735e108a778111746030eb8ba047e3fae31a4cbe5c61ac21fa90e,128,"Centers and clinics of health practitioners from the same industry primarily engaged in the independent practice of their profession are classified in Industry 62111, Offices of Physicians; and Industry Group 6213, Offices of Other Health Practitioners; Outpatient mental health and substance abuse centers are classified in Industry 621420, Outpatient Mental Health and Substance Abuse Centers; Dialysis centers are classified in U.S. Industry 621492, Kidney Dialysis Centers; and Freestanding ambulatory surgical and emergency centers are classified in U.S. Industry 621493, Freestanding Ambulatory Surgical and Emergency Centers.",173,126,5,8
621511,excluded,ea51d535ee2b91c27907e8271d47ab9ee0daef71eeb51f84034041bc26163baf,128,"Establishments known as optical laboratories primarily engaged in grinding lenses to prescription are classified in U.S. Industry 339115, Ophthalmic Goods Manufacturing; Establishments known as orthopedic laboratories primarily engaged in making orthopedic or prosthetic appliances to prescription are classified in U.S. Industry 339113, Surgical Appliance and Supplies Manufacturing; and Establishments primarily engaged in providing health screening or physical fitness evaluation services (except by offices of health practitioners) are classified in U.S. Industry 621999, All Other Miscellaneous Ambulatory Health Care Services.",160,122,3,4
621610,excluded,ca19e0aec7c6b2fbf0963df7007a24820395446b14ca9b19023dd303795dadc6,128,"In-home health services provided by establishments of health practitioners and others primarily engaged in the independent practice of their profession are classified in Industry 62111, Offices of Physicians; Industry Group 6213, Offices of Other Health Practitioners; Establishments primarily engaged in providing non-medical home care or homemaker services for the elderly or persons with disabilities are classified in Industry 624120, Services for the Elderly and Persons with Disabilities; and Establishments primarily engaged in retailing home health care equipment are classified in U.S. Industry 456199, All Other Health and Personal Care Retailers.",181,119,4,7
62199,excluded,1fe6833bad35f805fb93bc80ae339581094ae098ca5d34fdfdd76e376c6ef3b1,128,"Establishments primarily engaged in the independent practice of health care (except offices of physicians and dentists) are classified in Industry Group 6213, Offices of Other Health Practitioners; Establishments primarily engaged in providing home health care services are classified in Industry 62161, Home Health Care Services; Establishments primarily engaged in transportation of patients by ground or air, along with medical care, are classified in Industry 62191, Ambulance Services; Establishments known as medical and diagnostic laboratories primarily engaged in providing analytic or diagnostic services are classified in Industry 62151, Medical and Diagnostic Laboratories;",220,115,4,8
621999,excluded,8627007e8f7f7032e5390790146fc24ba22c9987171db24575e0a6c4495f8ea6,128,"Establishments primarily engaged in the independent practice of health care (except offices of physicians and dentists) are classified in Industry Group 6213, Offices of Other Health Practitioners; Establishments primarily engaged in providing home health care services are classified in Industry 621610, Home Health Care Services; Establishments primarily engaged in the transportation of patients by ground or air, along with medical care, are classified in Industry 621910, Ambulance Services; Establishments known as medical and diagnostic laboratories primarily engaged in providing analytic or diagnostic services are classified in Industry 62151, Medical and Diagnostic Laboratories;",207,116,4,8
622310,excluded,257f40f9f53f26da546c33dae0f779b988cda908f4eaffac611a1c888249e116,128,"Establishments known and licensed as hospitals primarily engaged in providing diagnostic and therapeutic inpatient services for a variety of medical conditions, both surgical and nonsurgical, are classified in Industry 622110, General Medical and Surgical Hospitals; Establishments known and licensed as hospitals primarily engaged in providing diagnostic and treatment services for inpatients with psychiatric or substance abuse illnesses are classified in Industry 622210, Psychiatric and Substance Abuse Hospitals; Establishments referred to as hospitals but primarily engaged in providing inpatient nursing and rehabilitative services to persons requiring convalescence are classified in Industry 623110, Nursing Care Facilities (Skilled Nursing Facilities);",208,128,3,5
623210,excluded,9696601978d4a5ecc391d84a9a00e24cf4c7eec0f2ce4105a12e44b3b2f6dfdd,128,"Establishments primarily engaged in providing inpatient treatment of mental health and substance abuse illnesses with an emphasis on counseling rather than medical treatment are classified in Industry 623220, Residential Mental Health and Substance Abuse Facilities; Establishments known and licensed as hospitals primarily engaged in providing inpatient treatment of mental health and substance abuse illnesses with an emphasis on medical treatment and monitoring are classified in Industry 622210, Psychiatric and Substance Abuse Hospitals; and Establishments primarily engaged in operating group homes for the hearing or visually impaired are classified in Industry 623990, Other Residential Care Facilities.",149,113,3,4
623220,excluded,9e747320ebcdd267f248e7986f489c4069e5b47c136dcba50e04735f8f4bd967,128,"Establishments primarily engaged in providing treatment of mental health and substance abuse illnesses on an exclusively outpatient basis are classified in Industry 621420, Outpatient Mental Health and Substance Abuse Centers; Establishments primarily engaged in providing residential care for persons with intellectual and developmental disabilities are classified in Industry 623210, Residential Intellectual and Developmental Disability Facilities; Establishments known and licensed as hospitals primarily engaged in providing inpatient treatment of mental health and substance abuse illnesses with an emphasis on medical treatment and monitoring are classified in Industry 622210, Psychiatric and Substance Abuse Hospitals;",142,111,3,4
623990,excluded,bd99da52edcbec298293fdbb3081a933677a91065c7da706c4a0f5d47259e02b,128,"Residential intellectual and developmental disability facilities are classified in Industry 623210, Residential Intellectual and Developmental Disability Facilities; Assisted living facilities for the elderly without nursing care are classified in U.S. Industry 623312, Assisted Living Facilities for the Elderly; Establishments primarily engaged in providing inpatient nursing and rehabilitative services are classified in Industry 623110, Nursing Care Facilities (Skilled Nursing Facilities); Establishments primarily engaged in providing temporary shelter are classified in U.S. Industry 624221, Temporary Shelters; and Government operated correctional facilities and camps are classified in Industry 922140, Correctional Institutions.",183,123,5,8
624190,excluded,ffd01d24f426e4ca17517e6457a8913a599ce8bdb61f6c981de951462f4dd1b3,128,"Providing clinical psychological and psychiatric counseling services (except by offices of physicians)--are classified in Industry 621330, Offices of Mental Health Practitioners (except Physicians); Providing child and youth social assistance services (except child care services)--are classified in Industry 624110, Child and Youth Services; Providing social assistance services for the elderly and persons with intellectual and/or developmental disabilities--are classified in Industry 624120, Services for the Elderly and Persons with Disabilities; and Providing in-home health care services--are classified in Subsector 621, Ambulatory Health Care Services.",167,127,4,6
62422,excluded,ca4ad6755a5638180567e06e3d8fc02396b82bee55f24ee6942ec668e60ef22e,128,"Establishments primarily engaged in providing emergency shelter for victims of domestic or international disasters or conflicts are classified in Industry 62423, Emergency and Other Relief Services; Halfway group homes for delinquents and ex-offenders and homes for unwed mothers are classified in Industry 62399, Other Residential Care Facilities; General contractors, specialty trade contractors, and similar construction establishments primarily responsible for the construction of buildings or performing specialized construction work on houses and other residential buildings, generally on a subcontract basis, are classified in Sector 23, Construction;",159,112,3,5
624229,excluded,cc78520d298f319f9851621e6336db47679c57ba63b1dfa14a2ee65e35cd6081,128,"Halfway group homes for delinquents and ex-offenders and homes for unwed mothers are classified in Industry 623990, Other Residential Care Facilities; General contractors, specialty trade contractors, and similar construction establishments primarily responsible for the construction of buildings or performing specialized construction work on houses and other residential buildings, generally on a subcontract basis, are classified in Sector 23, Construction; Establishments primarily engaged in leasing residential buildings on their own account are classified in Industry 531110, Lessors of Residential Buildings and Dwellings;",129,109,3,4
71,excluded,f925145ee7ee407b63bccd99ba27e80f8caaf58c6d6f89283f90b989168e3c4a,128,"Excluded from this sector are: (1) establishments that provide both accommodations and recreational facilities, such as hunting and fishing camps and resort and casino hotels, are classified in Subsector 721, Accommodation; (3) motion picture theaters, libraries and archives, and publishers of newspapers, magazines, books, periodicals, and computer software are classified in Sector 51, Information; and (4) establishments using transportation equipment to provide recreational and entertainment services, such as those operating sightseeing buses, dinner cruises, or helicopter rides, are classified in Subsector 487, Scenic and Sightseeing Transportation.",179,125,3,5
711110,excluded,ac95f6d126407636c184630769061880b437b4ffa9bb1b3b62bfe7f0e21d4282,128,"Establishments, such as nightclubs, primarily engaged in providing food and beverages for consumption on the premises and that also present live nontheatrical entertainment are classified in Subsector 722, Food Services and Drinking Places; Establishments primarily engaged in organizing, managing, and/or promoting performing arts productions without producing their own shows are classified in Industry Group 7113, Promoters of Performing Arts, Sports, and Similar Events; Freelance producers and performing artists (except musicians and vocalists) primarily engaged in theatrical activities independent of a company or group are classified in Industry 711510, Independent Artists, Writers, and Performers;",171,126,3,5
711190,excluded,88cbb7c6d07e8ddbcbd849aed3bce36598aaf93c0d0aae3688f06c744e250023,128,"Establishments, such as nightclubs, primarily engaged in providing food and beverages for consumption on the premises and that also present live nontheatrical entertainment are classified in Subsector 722, Food Services and Drinking Places; Establishments primarily engaged in organizing, promoting, and/or managing ice skating shows, circuses, and other live performing arts presentations without producing their own shows are classified in Industry Group 7113, Promoters of Performing Arts, Sports, and Similar Events; operas; and comedy, improvisational, mime, and puppet shows are classified in Industry 711110, Theater Companies and Dinner Theaters;",240,126,4,10
71121,excluded,5b03c9377a4a4a1b0a1e40698b20aaad48aa3688c189a314e916b929856d0858,128,"Establishments primarily engaged in promoting sporting events without participating in sporting events are classified in Industry Group 7113, Promoters of Performing Arts, Sports, and Similar Events; Amateur, semiprofessional, or professional athletic associations or leagues are classified in Industry 81399, Other Similar Organizations (except Business, Professional, Labor, and Political Organizations); Establishments primarily engaged in operating casino hotels, with or without racetracks, are classified in Industry 72112, Casino Hotels; Establishments primarily engaged in operating off-track betting parlors or online sports betting sites are classified in Industry 71329, Other Gambling Industries;",318,126,4,10
711211,excluded,9e8bbd7cc5ddaec08876d78cff3b5339655f049bd4abea97f8eb6f16fc165fad,128,"Establishments primarily engaged in promoting sporting events without participating in sporting events are classified in Industry Group 7113, Promoters of Performing Arts, Sports, and Similar Events; Amateur, semiprofessional, or professional athletic associations or leagues are classified in Industry 813990, Other Similar Organizations (except Business, Professional, Labor, and Political Organizations); and Establishments primarily engaged in operating off-track betting parlors or online sports betting sites are classified in Industry 713290, Other Gambling Industries.",133,102,3,4
711212,excluded,078738c50b672e9d03707324277864e70e5ac6d116389619010ce55187870f28,128,"Owners of racing participants, such as cars, dogs, and horses, primarily engaged in entering them in racing events; and independent athletes, such as jockeys and race car drivers, primarily engaged in participating in racing events are classified in U.S. Industry 711219, Other Spectator Sports; Establishments primarily engaged in operating casinos (except casino hotels), with or without racetracks, are classified in Industry 713210, Casinos (except Casino Hotels); and Establishments primarily engaged in operating off-track betting parlors or online sports betting sites are classified in Industry 713290, Other Gambling Industries.",155,125,4,6
711219,excluded,e29b187063afb14cc916d821da24bd5307db1d2e271a7433cc352b54d5ad14df,128,"Establishments primarily engaged in operating racetracks without casinos are classified in U.S. Industry 711212, Racetracks; Establishments primarily engaged in representing or managing the careers of sports figures are classified in Industry 711410, Agents and Managers for Artists, Athletes, Entertainers, and Other Public Figures; Independent athletes engaged in providing sports instruction without participating in sporting events before a paying audience are classified in Industry 611620, Sports and Recreation Instruction; and Establishments primarily engaged in raising horses, mules, donkeys, and other equines are classified in Industry 112920, Horses and Other Equine Production.",184,128,4,6
711310,excluded,2266ee7287079cf03a293dd7904b860a07ab8bd190e3f4c82395a384ce745b46,128,"Presenting sporting events (but may also promote the sporting events and/or operate the stadiums or arenas where the sporting events take place)--are classified in U.S. Industry 711211, Sports Teams and Clubs; Organizing, promoting, and/or managing performing arts productions, sports events, and similar events in facilities managed and operated by others--are classified in Industry 711320, Promoters of Performing Arts, Sports, and Similar Events without Facilities;",254,97,2,6
711320,excluded,1a64f3bc3d283a164fd7a7c072a7016798f729c98b51a77f7f9587aa84d3126c,128,"Booking motion pictures or videos--are classified in U.S. Industry 512199, Other Motion Picture and Video Industries; Presenting sporting events (but may also promote the sporting events)--are classified in U.S. Industry 711211, Sports Teams and Clubs; Organizing, promoting, and/or managing performing arts, sports, and similar events in facilities they manage or operate--are classified in Industry 711310, Promoters of Performing Arts, Sports, and Similar Events with Facilities;",251,106,3,7
713110,excluded,1d4b3acdb570cbf34c84b2a84b180b63ef773721e7871f619356b71951c71fa9,128,"Operating mechanical or water rides on a concession basis in amusement parks, fairs, and carnivals or operating recreation attractions, such as waterslides, miniature golf courses, and gocart raceways--are classified in Industry 713990, All Other Amusement and Recreation Industries; Operating refreshment stands on a concession basis--are classified in Industry 72251, Restaurants and Other Eating Places; Supplying and servicing coin- or card-operated amusement (except gambling) devices in places of business operated by others--are classified in Industry 713990, All Other Amusement and Recreation Industries;",212,124,3,5
713120,excluded,200da28cad50a383a72b2c00a3940b718802a475cc38ef984ff691e2547b5060,128,"Supplying and servicing coin- or card-operated amusement (except gambling) devices or rides in places of business operated by others, operating billiard or pool parlors, or operating recreation attractions, such as waterslides, miniature golf courses, and gocart raceways--are classified in Industry 713990, All Other Amusement and Recreation Industries; Operating casinos (except casino hotels)--are classified in Industry 713210, Casinos (except Casino Hotels); and Operating casino hotels--are classified in Industry 721120, Casino Hotels.",227,116,3,5
713290,excluded,b17c881cf2ad8d87b364910315e0a6bea6417bde7d0cfc915fbcbf04bfe7b506,128,"Operating casinos--are classified in Industry 713210, Casinos (except Casino Hotels); Operating facilities with coin- or card-operated amusement (except gambling) devices--are classified in Industry 713120, Amusement Arcades; Supplying and servicing coin- or card-operated amusement (except gambling) devices in places of business operated by others--are classified in Industry 713990, All Other Amusement and Recreation Industries; and Operating racetracks without casinos or presenting live racing or sporting events--are classified in Industry 71121, Spectator Sports.",133,117,4,5
713930,excluded,413702528f57af55a01cb39fe2a145f962d117737fbc65903b10f076824eb6cf,128,"Building ships--are classified in U.S. Industry 336611, Ship Building and Repairing; Renting pleasure boats without operating a marina--are classified in U.S. Industry 532284, Recreational Goods Rental; Retailing marine supplies without operating a marina--are classified in U.S. Industry 441222, Boat Dealers; and Renting or leasing space for self-storage without operating a marina--are classified in Industry 531130, Lessors of Miniwarehouses and Self-Storage Units.",182,113,4,7
713940,excluded,d73ba042a0a09088045aa18ce923da4152c75e7650a1733ccac7339e17ac853d,128,"Establishments primarily engaged in providing non-medical services to assist clients in attaining or maintaining a desired weight are classified in U.S. Industry 812191, Diet and Weight Reducing Centers; Establishments primarily engaged in providing personal fitness training services without facilities are classified in Industry 812990, All Other Personal Services; Establishments primarily engaged in operating instructional camps (e.g., sports camps) or providing instruction in sports and other recreational activities (e.g., aerobic dance or exercise instruction, yoga instruction) are classified in Sector 61, Educational Services, based on the nature of instruction;",190,123,3,5
713990,excluded,6870979f64c8b036b280989019680dae74d9c8d2df2929f85481dfa71f1bc51b,128,"Establishments primarily engaged in operating resorts where recreational facilities are combined with lodging are classified in Industry Group 7211, Traveler Accommodation; Establishments primarily engaged in operating fitness and recreational sports centers are classified in Industry 713940, Fitness and Recreational Sports Centers; Independent athletes engaged in participating in sporting events before a paying audience are classified in U.S. Industry 711219, Other Spectator Sports; Aviation clubs primarily engaged in providing specialty air and flying services are classified in U.S. Industry 481219, Other Nonscheduled Air Transportation;",451,111,4,17
72119,excluded,bd14bc9b3ec9afbf28f3e989d43e82ea7848df8d0187202bcec1cb8286db2ede,128,"Providing short-term lodging in facilities known as hotels without a casino on the premises--are classified in Industry 72111, Hotels (except Casino Hotels) and Motels; Operating recreational vehicle parks and campgrounds and recreational and vacation camps that provide accommodation facilities, such as cabins--are classified in Industry 72121, RV (Recreational Vehicle) Parks and Recreational Camps; and Acting as lessors of buildings used as residences or dwellings--are classified in Industry 53111, Lessors of Residential Buildings and Dwellings.",139,110,3,4
721199,excluded,56394484c31add745d083799200a3891db8e7ec6c12f69c439947ef5fcc38c00,128,"Providing short-term lodging in facilities known as hotels without a casino on the premises--are classified in Industry 721110, Hotels (except Casino Hotels) and Motels; Providing short-term lodging in establishments known as bed-and-breakfast inns--are classified in U.S. Industry 721191, Bed-and-Breakfast Inns; Operating recreational vehicle parks and campgrounds and recreational and vacation camps that provide accommodation facilities, such as cabins--are classified in Industry 72121, RV (Recreational Vehicle) Parks and Recreational Camps;",178,119,3,5
722330,excluded,3430a5388440107af0fd81a922d1edba49867f2aa753d6e169ccefb0e92da45e,128,"Selling a specialty snack (e.g., ice cream, frozen yogurt, cookies, popcorn) or nonalcoholic beverages, except from mobile vehicles, for consumption on or near the premises--are classified in U.S. Industry 722515, Snack and Nonalcoholic Beverage Bars; Providing food services or selling food specialties, such as hamburgers, hot dogs, chicken, pizza, or specialty cuisines, except from mobile vehicles--are classified based on the type of food service provided to patrons;",151,115,2,3
722410,excluded,9c034c1a58dbbb9ab2687a9b0658de03aa016cfa4dae61e26e7b984f7d9678df,128,"Preparing and serving alcoholic beverages (i.e., not known as bars or taverns) and providing food services to patrons--are classified in Industry 72251, Restaurants and Other Eating Places; Retailing packaged alcoholic beverages not for immediate consumption on the premises--are classified in Industry 445320, Beer, Wine, and Liquor Retailers; Operating nightclubs or dance clubs without selling alcoholic beverages--are classified in Industry 713990, All Other Amusement and Recreation Industries; and Manufacturing brewery, winery, and distillery products--are classified in Industry Group 3121, Beverage Manufacturing.",151,124,4,5
72251,excluded,7706ae073f206321ac3b9c490c788f4b142dec4bef024f39c6dd152849f458e7,128,"Preparing and serving alcoholic beverages and known as bars, taverns, or nightclubs--are classified in Industry 72241, Drinking Places (Alcoholic Beverages); Operating as street vendors (except food) or retailing food (except food prepared and served for immediate consumption)--are classified in Sector 44-45, Retail Trade; and Restaurant meals order and delivery services (i.e., independent order and delivery services)--are classified in Industry 49221, Local Messengers and Local Delivery.",195,107,3,6
722511,excluded,b509646f74b1f0d6b0d1737845ca5418d5dc2c3dbb00934fa093c08092a5d7f5,128,"Providing food services where patrons generally order or select items and pay before eating, other than mobile food services, cafeterias, grill buffets, buffets, and snack and nonalcoholic beverage bars--are classified in U.S. Industry 722513, Limited-Service Restaurants; Operating a civic or social association with a restaurant for their members--are classified in Industry 813410, Civic and Social Organizations; Presenting live theatrical productions and providing food and beverages for consumption on the premises--are classified in Industry 711110, Theater Companies and Dinner Theaters;",308,121,3,7
722513,excluded,f5a5bd46c71b3e7f4281233a85604569c96791d448a43fc448319fd1b9021b5f,128,"Preparing and serving meals for immediate consumption using cafeteria-style serving equipment, known as cafeterias--are classified in U.S. Industry 722514, Cafeterias, Grill Buffets, and Buffets; Selling a specialty snack (e.g., ice cream, frozen yogurt, candy, cookies) or nonalcoholic beverage, except from mobile vehicles, for consumption on or near the premises--are classified in U.S. Industry 722515, Snack and Nonalcoholic Beverage Bars;",306,113,2,7
722514,excluded,92454ef5d8172f1b547c2428afa03ae52a511e4b6d381bbba504fd106ede3282,128,"Providing food services where patrons generally order or select items and pay before eating, other than mobile food services, cafeterias, grill buffets, buffets, and snack and nonalcoholic beverage bars--are classified in U.S. Industry 722513, Limited-Service Restaurants;",166,64,1,3
81111,excluded,96967d39a76f575fef6a8d66eaf68513cce670ce6cb8c237a8e6791c13267b04,128,"Retailing automotive vehicles and automotive parts and accessories and also providing automotive vehicle repair services--are classified in Subsector 441, Motor Vehicle and Parts Dealers; Retailing motor fuels and also providing automotive vehicle repair services--are classified in Industry Group 4571, Gasoline Stations; Changing motor oil and lubricating the chassis of automotive vehicles--are classified in Industry 81119, Other Automotive Repair and Maintenance; Providing automotive vehicle air-conditioning repair--are classified in Industry 81119, Other Automotive Repair and Maintenance;",163,112,4,6
811111,excluded,1e36ca5aa1db6e9a810db75158e3949d95d67804ed1abd0513da892a217f8b99,128,"Retailing new automotive parts and accessories and also providing automotive vehicle repair services--are classified in Industry 441330, Automotive Parts and Accessories Retailers; Providing specialized mechanical or electrical automotive vehicle repair and maintenance services (except engine repair and replacement)--are classified in U.S. Industry 811114, Specialized Automotive Repair; Rebuilding motor vehicle gasoline engines and engine parts--are classified in Industry 336310, Motor Vehicle Gasoline Engine and Engine Parts Manufacturing; Retailing motor fuels and also providing automotive vehicle repair services--are classified in Industry Group 4571, Gasoline Stations;",212,122,4,7
811114,excluded,f7487a38f68d6764f87bc9ffe9729d6fb629c0522fa7aa6fbbc4db3f53c6b72b,128,"Providing a wide range of mechanical and electrical automotive vehicle repair or specializing in engine repair or replacement--are classified in U.S. Industry 811111, General Automotive Repair; Changing motor oil and lubricating the chassis of automotive vehicles--are classified in U.S. Industry 811191, Automotive Oil Change and Lubrication Shops; Providing automotive vehicle air-conditioning repair--are classified in U.S. Industry 811198, All Other Automotive Repair and Maintenance;",130,105,3,4
81119,excluded,b1fc74b7f13ae5a91b94d69f7c2f28a3fb06030e04e5346f7051234ff6e84b3f,128,"Tire retreading or recapping--are classified in Industry 32621, Tire Manufacturing; Automotive vehicle mechanical and electrical repair and maintenance--are classified in Industry 81111, Automotive Mechanical and Electrical Repair and Maintenance; Automotive body, paint, interior, and glass repair--are classified in Industry 81112, Automotive Body, Paint, Interior, and Glass Repair; Retailing and installing automotive audio equipment--are classified in Industry 44133, Automotive Parts and Accessories Retailers; and Retailing new tires in combination with tire repair services--are classified in Industry 44134, Tire Dealers.",150,126,5,6
811198,excluded,953dd2dcd024880f838467750997428daee92368bf18a9f4e06ab58e1a379157,128,"Providing a range of mechanical and electrical automotive vehicle repair or specializing in engine repair or replacement--are classified in U.S. Industry 811111, General Automotive Repair; Repairing or customizing automotive vehicle bodies and interiors--are classified in U.S. Industry 811121, Automotive Body, Paint, and Interior Repair and Maintenance; Motorcycle repair and maintenance services--are classified in Industry 811490, Other Personal and Household Goods Repair and Maintenance; and Retailing new tires in combination with tire repair services--are classified in Industry 441340, Tire Dealers.",305,121,4,10
811210,excluded,b377f9895b47c56b0c1bc23e551cc3813e74ba9814a962640b30243c7665ce2d,128,"Selling, installing, and monitoring home security systems--are classified in U.S. Industry 561621, Security Systems Services (except Locksmiths); Retailing new computers, computer peripherals, televisions, and other consumer electronics and also providing repair services--are classified in Industry 449210, Electronics and Appliance Retailers; Rewinding armatures and rebuilding electric motors on a factory basis--are classified in U.S. Industry 335312, Motor and Generator Manufacturing;",219,109,3,6
811310,excluded,bcf985e5e91dfd15495980a0ea03977d605fcbcbc917e688040e9cb411102d94,128,"Oil well rig building, repairing, and dismantling, on a contract basis--are classified in U.S. Industry 213112, Support Activities for Oil and Gas Operations; Converting, rebuilding, and overhauling aircraft--are classified in Industry 33641, Aerospace Product and Parts Manufacturing; Repairing and servicing railroad cars and engines--are classified in Industry 488210, Support Activities for Rail Transportation; Repairing and overhauling ships at shipyards--are classified in U.S. Industry 336611, Ship Building and Repairing;",376,116,4,13
811490,excluded,e1c5c313dfa9dc087c1e95fd9a80b489e6102081555947d85fbdd3e47cfe92b9,128,"Repairing home and garden equipment--are classified in U.S. Industry 811411, Home and Garden Equipment Repair and Maintenance; Reupholstering and repairing furniture--are classified in Industry 811420, Reupholstery and Furniture Repair; Operating marinas and providing a range of other services including boat cleaning and repair--are classified in Industry 713930, Marinas; and Drycleaning garments--are classified in Industry Group 8123, Drycleaning and Laundry Services.",156,110,4,6
812112,excluded,8dda8304e039a1f40b48f124e57ca254e12ae43094504cd6a67a6e724a0d1cb6,128,"Cutting, trimming, and styling men's and boys' hair (known as barber shops or men's hair stylist shops)--are classified in U.S. Industry 812111, Barber Shops; Providing nail care services--are classified in U.S. Industry 812113, Nail Salons; Providing massage (except offices of massage therapists), electrolysis (i.e., hair removal), permanent makeup, or tanning services--are classified in U.S. Industry 812199, Other Personal Care Services;",186,122,3,5
81219,excluded,6e4168eba981d1328e8cbfaa76deef20ffc28af6923debbed4243f2f33751f98,128,"Providing hair, nail, facial, or nonpermanent makeup services--are classified in Industry 81211, Hair, Nail, and Skin Care Services; Providing personal fitness training services without operating a fitness facility--are classified in Industry 81299, All Other Personal Services; Operating health resorts and spas that provide lodging--are classified in Industry 72111, Hotels (except Casino Hotels) and Motels; and Providing medical or surgical hair replacement, weight reduction, or massage therapy services--are classified in Sector 62, Health Care and Social Assistance.",140,120,4,5
812199,excluded,5a5856f26582c7b48bf1eefbd75c6af5a02e8cb8f0eaa2d507d2cb3f4ca82197,128,"Providing hair, facial, or nonpermanent makeup services (except establishments known as barber shops or men's hair stylist shops)--are classified in U.S. Industry 812112, Beauty Salons; Operating health resorts and spas that provide lodging--are classified in Industry 721110, Hotels (except Casino Hotels) and Motels; and Providing medical or surgical hair replacement, weight reduction, or massage therapy services--are classified in Sector 62, Health Care and Social Assistance.",206,109,3,6
812990,excluded,8b60005c87c157fbd7c5f54d1f2e9dbfb892e838039155993f2b6a32fbf8c804,128,"Providing personal care services--are classified in Industry Group 8121, Personal Care Services; Providing drycleaning and laundry services--are classified in Industry Group 8123, Drycleaning and Laundry Services; Providing pet care (except veterinary) services--are classified in Industry 812910, Pet Care (except Veterinary) Services; Practicing veterinary medicine--are classified in Industry 541940, Veterinary Services; and Providing non-medical home care or homemaker services for the elderly or persons with disabilities--are classified in Industry 624120, Services for the Elderly and Persons with Disabilities.",192,127,5,8
81321,excluded,fbd655f651bba704db9c8a79d76aea48b5e9ffb2f956e0e51519d31c6ff57987,128,"Providing trust management or administration services for others--are classified in Industry Group 5239, Other Financial Investment Activities; Organizing and conducting charitable fundraising campaigns on a contract or fee basis--are classified in Industry 56149, Other Business Support Services; Providing telemarketing services--are classified in Industry 56142, Telephone Call Centers; Advocating social causes or issues--are classified in Industry 81331, Social Advocacy Organizations; and Conducting health research--are classified in Industry 54171, Research and Development in the Physical, Engineering, and Life Sciences.",138,120,5,6
813212,excluded,26766440725c10a624467f8b399b8bc8c5feffa6e4166cd829900ed6fa21445d,128,"Establishments primarily engaged in raising funds for a wide range of social welfare activities, such as educational, scientific, cultural, or health, are classified in U.S. Industry 813219, Other Grantmaking and Giving Services; Establishments primarily engaged in organizing and conducting charitable fundraising campaigns on a contract or fee basis are classified in U.S. Industry 561499, All Other Business Support Services; Establishments primarily engaged in providing telemarketing services are classified in U.S. Industry 561422, Telemarketing Bureaus and Other Contact Centers;",171,117,3,5
813219,excluded,8121031f51907ebc71c91eca6f18a126795c915c6d8030fe3f136b771c8fc342,128,"Establishments primarily engaged in raising funds for health related research are classified in U.S. Industry 813212, Voluntary Health Organizations; Establishments primarily engaged in organizing and conducting charitable fundraising campaigns on a contract or fee basis are classified in U.S. Industry 561499, All Other Business Support Services; Establishments primarily engaged in providing telemarketing services are classified in U.S. Industry 561422, Telemarketing Bureaus and Other Contact Centers; and Establishments primarily engaged in advocating social causes or issues are classified in Industry 81331, Social Advocacy Organizations.",165,120,4,6
81331,excluded,b2aefce0cba27a87daa23cb19f8de0775c847bb88936b557e9cc8d4eac8f97ad,128,"Establishments primarily engaged in promoting the interests of organized labor and union employees are classified in Industry 81393, Labor Unions and Similar Labor Organizations; Establishments primarily engaged in providing community action services, such as community action services agencies, are classified in Industry 62419, Other Individual and Family Services; Government establishments primarily engaged in administering, overseeing, and managing governmental ecological restoration programs are classified in Industry 92411, Administration of Air and Water Resource and Solid Waste Management Programs; and Government establishments primarily engaged in administering conservation programs are classified in Industry 92412, Administration of Conservation Programs.",210,119,4,8
813312,excluded,99415cb5bbe96b855703857ff067f9e89ecd52339b8cc6251655a548d0e7491b,128,"Establishments primarily engaged in operating animal shelters are classified in Industry 812910, Pet Care (except Veterinary) Services; Establishments primarily engaged in providing legal services for environment, conservation, and wildlife organizations are classified in Industry Group 5411, Legal Services; Government establishments primarily engaged in administering, overseeing, and managing governmental ecological restoration programs are classified in Industry 924110, Administration of Air and Water Resource and Solid Waste Management Programs; and Government establishments primarily engaged in administering conservation programs are classified in Industry 924120, Administration of Conservation Programs.",130,110,4,5
813319,excluded,7743d4435a8a4b546edb6d4baa528275d080e8da503ac6ed1dc7a6d7935dc22b,128,"Advocating human rights issues--are classified in U.S. Industry 813311, Human Rights Organizations; Promoting the preservation and protection of the environment and wildlife--are classified in U.S. Industry 813312, Environment, Conservation and Wildlife Organizations; Promoting the civic and social interests of their members--are classified in Industry 813410, Civic and Social Organizations; and Providing community action services, such as community action service agencies--are classified in Industry 624190, Other Individual and Family Services.",129,109,4,5
813910,excluded,41df2eeb5fde9b223a3f9f8f620f1a812f031dbf4277facf9efb626259d77ec7,128,"Establishments owned by their members but organized to perform a specific business function, such as common marketing of crops, joint advertising, or buying cooperatives, are classified according to their primary activity; Establishments primarily engaged in promoting the professional interests of their members and the profession as a whole are classified in Industry 813920, Professional Organizations; Establishments primarily engaged in promoting the interests of organized labor and union employees, such as trade unions, are classified in Industry 813930, Labor Unions and Similar Labor Organizations;",132,103,3,4
813990,excluded,79f0666944988416e8095fdde45995f66a4626179b69d4779016601737abef97,128,"Operating religious organizations, such as churches, religious temples, mosques, and monasteries--are classified in Industry 813110, Religious Organizations; Advocating social causes or issues--are classified in Industry 81331, Social Advocacy Organizations; Promoting the business interests of their members--are classified in Industry 813910, Business Associations; Promoting the professional interests of their members and the profession as a whole--are classified in Industry 813920, Professional Organizations; Promoting the interests of national, state, or local political parties or candidates--are classified in Industry 813940, Political Organizations;",242,124,5,9
921190,excluded,ae46175f0bc792bebe1b5c44fb4ad0ddb459ddab0791e088d89306d6b933f601,128,"Government establishments primarily engaged in serving as offices of chief executives and their advisory committees and commissions are classified in Industry 921110, Executive Offices; Government establishments primarily engaged in serving as legislative bodies and their advisory committees and commissions are classified in Industry 921120, Legislative Bodies; Government establishments primarily engaged in providing administration of public finance, tax collection, and monetary policy programs are classified in Industry 921130, Public Finance Activities; and Establishments primarily engaged in serving as American Indian or Alaska Native tribal leadership are classified in Industry 921150, American Indian and Alaska Native Tribal Governments.",145,118,4,5
922120,excluded,ba9b2c91f41430eb4083306088bc6f584d37fc9527e6622430b058f757133e1e,128,"Government establishments primarily engaged in prosecution are classified in Industry 922130, Legal Counsel and Prosecution; Government establishments primarily engaged in collection of law enforcement statistics are classified in Industry 922190, Other Justice, Public Order, and Safety Activities; Government establishments primarily engaged in providing police service for the military or National Guard are classified in Industry 928110, National Security; Government establishments primarily engaged in providing police service for tribal governments are classified in Industry 921150, American Indian and Alaska Native Tribal Governments; Sheriffs' offices conducting court functions only are classified in Industry 922110, Courts;",173,122,5,7
922190,excluded,161b6a11c392a7918c4e26c4211770cd092b35ab18ef925bc3e496dcc446b762,128,"Government establishments primarily engaged in serving as civilian courts of law (except American Indian and Alaska Native tribal courts) are classified in Industry 922110, Courts; Government establishments primarily engaged in criminal and civil law enforcement, police, traffic safety, and similar activities related to the enforcement of law are classified in Industry 922120, Police Protection; Government establishments primarily engaged in judicially administering probation offices, parole offices and boards, and pardon boards are classified in Industry 922150, Parole Offices and Probation Offices;",217,104,3,7
924120,excluded,5c8554330ca0e448644783c2116e06983ec6ab0c428291b06cb28e553e6c8f4c,128,"Operating parks--are classified in Industry 712190, Nature Parks and Other Similar Institutions; Acting as lessors of public land--are classified in Industry 531190, Lessors of Other Real Estate Property; Surveying and/or mapping (except geophysical)--are classified in Industry 541370, Surveying and Mapping (except Geophysical) Services; Weather forecasting--are classified in Industry 541990, All Other Professional, Scientific, and Technical Services; Operating fish and game preserves--are classified in Industry 712130, Zoos and Botanical Gardens;",189,122,5,8
925110,excluded,30a8809cd6b95eaa41526fdd8ae922eb91707d29f43e105a7315f3fb8129bdcb,128,"Operating short-term emergency shelters--are classified in Industry Group 6242, Community Food and Housing, and Emergency and Other Relief Services; Conducting building inspections and enforcing building codes and standards--are classified in Industry 926150, Regulation, Licensing, and Inspection of Miscellaneous Commercial Sectors; and Buying, pooling, and repackaging mortgages or home loans for sale to others on the secondary market--are classified in U.S. Industry 522299, International, Secondary Market, and All Other Nondepository Credit Intermediation.",137,119,3,4
926120,excluded,1bd90c346352467b9ca3308a1aa97229d2800b5f558a8f91960c471179019e67,128,"Government establishments primarily engaged in operating airports, railroads, depots, ports, toll roads and bridges, and other transportation facilities and systems are classified in Sector 48-49, Transportation and Warehousing; Government establishments primarily engaged in operating parking lots and parking garages are classified in Industry 812930, Parking Lots and Garages; Government establishments primarily engaged in operating automobile safety inspection and emission testing facilities are classified in Industry Group 8111, Automotive Repair and Maintenance; Establishments of the Armed Forces, including the National Guard, primarily engaged in providing military air traffic control services are classified in Industry 928110, National Security;",275,128,4,9
926150,excluded,69461adff0ac2bd15ce812376ec32215e7fcb37dc5ba4d77e6258d802fa9a1fa,128,"Government establishments primarily engaged in regulating, administering, and inspecting communications, electric, gas, and other utilities are classified in Industry 926130, Regulation and Administration of Communications, Electric, Gas, and Other Utilities; Government establishments primarily engaged in operating liquor stores are classified in Industry 445320, Beer, Wine, and Liquor Retailers; and Establishments primarily engaged in operating as branches or banks of the Federal Reserve are classified in Industry 521110, Monetary Authorities-Central Bank.",130,99,3,4
928120,excluded,b385f008e6065e303a256cc6e9583d512c589879df61eb96668b247124105414,128,"Establishments primarily engaged in providing international trade financing, such as lending funds to foreign buyers of U.S. goods or lending funds to domestic buyers of imported goods, are classified in U.S. Industry 522299, International, Secondary Market, and All Other Nondepository Credit Intermediation; Private establishments primarily engaged in providing refugee settlement services are classified in Industry 624230, Emergency and Other Relief Services; Human rights organizations, peace advocacy organizations, and trade associations and councils are classified in Subsector 813, Religious, Grantmaking, Civic, Professional, and Similar Organizations;",154,125,3,4
